"Ajatempel (UTC)";"Kuupäev (Eesti aeg)";"NPS Läti";"NPS Leedu";"NPS Soome";"NPS Eesti"
"1640988000";"01.01.2022 00:00";"57,98";"57,98";"29,76";"57,98"
"1640991600";"01.01.2022 01:00";"50,05";"50,05";"46,6";"50,05"
"1640995200";"01.01.2022 02:00";"41,33";"41,33";"41,33";"41,33"
"1640998800";"01.01.2022 03:00";"42,18";"42,18";"42,18";"42,18"
"1641002400";"01.01.2022 04:00";"44,37";"44,37";"44,37";"44,37"
"1641006000";"01.01.2022 05:00";"37,67";"37,67";"37,67";"37,67"
"1641009600";"01.01.2022 06:00";"39,7";"39,7";"39,7";"39,7"
"1641013200";"01.01.2022 07:00";"40,59";"40,59";"40,59";"40,59"
"1641016800";"01.01.2022 08:00";"43,26";"43,26";"43,26";"43,26"
"1641020400";"01.01.2022 09:00";"49,66";"49,66";"49,66";"49,66"
"1641024000";"01.01.2022 10:00";"70,05";"70,05";"65,48";"70,05"
"1641027600";"01.01.2022 11:00";"76,79";"76,79";"76,53";"76,79"
"1641031200";"01.01.2022 12:00";"84,1";"84,1";"83,63";"84,1"
"1641034800";"01.01.2022 13:00";"94,74";"94,74";"94,74";"94,74"
"1641038400";"01.01.2022 14:00";"96,8";"96,8";"94,02";"96,8"
"1641042000";"01.01.2022 15:00";"97,17";"97,17";"97,17";"97,17"
"1641045600";"01.01.2022 16:00";"101,27";"101,27";"101,27";"101,27"
"1641049200";"01.01.2022 17:00";"126,6";"126,6";"126,6";"126,6"
"1641052800";"01.01.2022 18:00";"149,97";"149,97";"149,97";"149,97"
"1641056400";"01.01.2022 19:00";"146,33";"146,33";"146,33";"146,33"
"1641060000";"01.01.2022 20:00";"140,28";"140,28";"140,28";"140,28"
"1641063600";"01.01.2022 21:00";"121,88";"121,88";"121,88";"121,88"
"1641067200";"01.01.2022 22:00";"102,61";"102,61";"102,61";"102,61"
"1641070800";"01.01.2022 23:00";"97,46";"97,46";"97,46";"97,46"
"1641074400";"02.01.2022 00:00";"85,16";"85,16";"85,16";"85,16"
"1641078000";"02.01.2022 01:00";"57,08";"57,08";"57,08";"57,08"
"1641081600";"02.01.2022 02:00";"55,09";"55,09";"55,09";"55,09"
"1641085200";"02.01.2022 03:00";"52,82";"52,82";"52,82";"52,82"
"1641088800";"02.01.2022 04:00";"34,94";"34,94";"34,94";"34,94"
"1641092400";"02.01.2022 05:00";"29,56";"29,56";"29,56";"29,56"
"1641096000";"02.01.2022 06:00";"53,01";"53,01";"53,01";"53,01"
"1641099600";"02.01.2022 07:00";"34,52";"34,52";"34,52";"34,52"
"1641103200";"02.01.2022 08:00";"41,8";"41,8";"41,8";"41,8"
"1641106800";"02.01.2022 09:00";"48,95";"48,95";"48,95";"48,95"
"1641110400";"02.01.2022 10:00";"60,01";"60,01";"60,01";"60,01"
"1641114000";"02.01.2022 11:00";"70,09";"70,09";"70,09";"70,09"
"1641117600";"02.01.2022 12:00";"66,26";"66,26";"66,26";"66,26"
"1641121200";"02.01.2022 13:00";"64,54";"64,54";"64,54";"64,54"
"1641124800";"02.01.2022 14:00";"46,96";"46,96";"46,96";"46,96"
"1641128400";"02.01.2022 15:00";"65,19";"65,19";"65,19";"65,19"
"1641132000";"02.01.2022 16:00";"81,09";"81,09";"74,99";"81,09"
"1641135600";"02.01.2022 17:00";"88,46";"88,46";"88,15";"88,46"
"1641139200";"02.01.2022 18:00";"95,4";"95,4";"95,4";"95,4"
"1641142800";"02.01.2022 19:00";"86,71";"86,71";"86,71";"86,71"
"1641146400";"02.01.2022 20:00";"71,72";"71,72";"71,27";"71,72"
"1641150000";"02.01.2022 21:00";"56,73";"56,73";"54,12";"56,73"
"1641153600";"02.01.2022 22:00";"46,16";"46,16";"46,16";"46,16"
"1641157200";"02.01.2022 23:00";"46,29";"46,29";"46,29";"46,29"
"1641160800";"03.01.2022 00:00";"32,93";"32,93";"32,93";"32,93"
"1641164400";"03.01.2022 01:00";"20,89";"20,89";"20,89";"20,89"
"1641168000";"03.01.2022 02:00";"19,92";"19,92";"19,92";"19,92"
"1641171600";"03.01.2022 03:00";"19,87";"19,87";"19,87";"19,87"
"1641175200";"03.01.2022 04:00";"19,82";"19,82";"19,82";"19,82"
"1641178800";"03.01.2022 05:00";"20,26";"20,26";"20,26";"20,26"
"1641182400";"03.01.2022 06:00";"29,35";"29,35";"29,35";"29,35"
"1641186000";"03.01.2022 07:00";"80";"80";"80";"80"
"1641189600";"03.01.2022 08:00";"106,87";"106,87";"106,87";"106,87"
"1641193200";"03.01.2022 09:00";"131,47";"131,47";"122,93";"131,47"
"1641196800";"03.01.2022 10:00";"135,53";"135,53";"110,17";"135,53"
"1641200400";"03.01.2022 11:00";"107,46";"107,46";"101,99";"107,46"
"1641204000";"03.01.2022 12:00";"110,08";"110,08";"102,38";"110,08"
"1641207600";"03.01.2022 13:00";"119,78";"119,78";"106,06";"119,78"
"1641211200";"03.01.2022 14:00";"117";"117";"110,07";"117"
"1641214800";"03.01.2022 15:00";"111,57";"111,57";"101,97";"111,57"
"1641218400";"03.01.2022 16:00";"111,39";"111,39";"98,05";"111,39"
"1641222000";"03.01.2022 17:00";"124,51";"124,51";"120,55";"124,51"
"1641225600";"03.01.2022 18:00";"148,49";"148,49";"139,57";"148,49"
"1641229200";"03.01.2022 19:00";"138";"138";"134,69";"138"
"1641232800";"03.01.2022 20:00";"117,64";"117,64";"114,82";"117,64"
"1641236400";"03.01.2022 21:00";"117,71";"117,71";"92,91";"117,71"
"1641240000";"03.01.2022 22:00";"95,95";"95,95";"72,39";"95,95"
"1641243600";"03.01.2022 23:00";"105,68";"105,68";"49,3";"105,68"
"1641247200";"04.01.2022 00:00";"95,26";"95,26";"34,4";"95,26"
"1641250800";"04.01.2022 01:00";"103,7";"103,7";"39,99";"103,7"
"1641254400";"04.01.2022 02:00";"104,14";"104,14";"37,14";"104,14"
"1641258000";"04.01.2022 03:00";"102,59";"102,59";"36,66";"102,59"
"1641261600";"04.01.2022 04:00";"100,49";"100,49";"38,64";"100,49"
"1641265200";"04.01.2022 05:00";"102,71";"102,71";"41,02";"102,71"
"1641268800";"04.01.2022 06:00";"93,97";"93,97";"93,97";"93,97"
"1641272400";"04.01.2022 07:00";"130,08";"130,08";"122,39";"130,08"
"1641276000";"04.01.2022 08:00";"182,64";"182,64";"154,93";"182,64"
"1641279600";"04.01.2022 09:00";"174,61";"174,61";"167,88";"174,61"
"1641283200";"04.01.2022 10:00";"183,6";"185,44";"166,65";"183,6"
"1641286800";"04.01.2022 11:00";"183,65";"185,32";"167,29";"183,65"
"1641290400";"04.01.2022 12:00";"164,62";"178,04";"164,62";"164,62"
"1641294000";"04.01.2022 13:00";"178,08";"178,08";"159,98";"178,08"
"1641297600";"04.01.2022 14:00";"175,28";"175,28";"155,69";"175,28"
"1641301200";"04.01.2022 15:00";"174,7";"174,7";"155,16";"174,7"
"1641304800";"04.01.2022 16:00";"180,93";"180,93";"158,45";"180,93"
"1641308400";"04.01.2022 17:00";"166,69";"166,69";"161,35";"166,69"
"1641312000";"04.01.2022 18:00";"183,69";"185,32";"167,76";"183,69"
"1641315600";"04.01.2022 19:00";"180,5";"180,5";"164,46";"180,5"
"1641319200";"04.01.2022 20:00";"153,88";"153,88";"153,88";"153,88"
"1641322800";"04.01.2022 21:00";"146,81";"146,81";"146,81";"146,81"
"1641326400";"04.01.2022 22:00";"128,75";"128,75";"128,75";"128,75"
"1641330000";"04.01.2022 23:00";"112,96";"112,96";"112,96";"112,96"
"1641333600";"05.01.2022 00:00";"84,11";"84,11";"84,11";"84,11"
"1641337200";"05.01.2022 01:00";"105,31";"105,31";"93,87";"105,31"
"1641340800";"05.01.2022 02:00";"97,29";"97,29";"85,3";"97,29"
"1641344400";"05.01.2022 03:00";"84,5";"84,5";"84,5";"84,5"
"1641348000";"05.01.2022 04:00";"75,38";"75,38";"75,38";"75,38"
"1641351600";"05.01.2022 05:00";"79,11";"79,11";"79,11";"79,11"
"1641355200";"05.01.2022 06:00";"94,79";"94,79";"94,79";"94,79"
"1641358800";"05.01.2022 07:00";"121,92";"121,92";"121,92";"121,92"
"1641362400";"05.01.2022 08:00";"139,9";"139,9";"139,9";"139,9"
"1641366000";"05.01.2022 09:00";"147,74";"147,74";"147,74";"147,74"
"1641369600";"05.01.2022 10:00";"141,47";"141,47";"141,47";"141,47"
"1641373200";"05.01.2022 11:00";"135,97";"135,97";"135,97";"135,97"
"1641376800";"05.01.2022 12:00";"129,99";"129,99";"129,99";"129,99"
"1641380400";"05.01.2022 13:00";"150,31";"150,31";"150,31";"150,31"
"1641384000";"05.01.2022 14:00";"134,71";"134,71";"134,71";"134,71"
"1641387600";"05.01.2022 15:00";"149,92";"149,92";"149,92";"149,92"
"1641391200";"05.01.2022 16:00";"160,01";"160,01";"160,01";"160,01"
"1641394800";"05.01.2022 17:00";"137,28";"137,28";"137,28";"137,28"
"1641398400";"05.01.2022 18:00";"148,09";"148,09";"148,09";"148,09"
"1641402000";"05.01.2022 19:00";"139,88";"139,88";"139,88";"139,88"
"1641405600";"05.01.2022 20:00";"135,75";"135,75";"135,75";"135,75"
"1641409200";"05.01.2022 21:00";"119,93";"119,93";"119,93";"119,93"
"1641412800";"05.01.2022 22:00";"98,09";"98,09";"98,09";"98,09"
"1641416400";"05.01.2022 23:00";"118,71";"118,71";"118,71";"118,71"
"1641420000";"06.01.2022 00:00";"97,29";"97,29";"97,29";"97,29"
"1641423600";"06.01.2022 01:00";"98,46";"98,46";"93,29";"98,46"
"1641427200";"06.01.2022 02:00";"92,92";"92,92";"80,77";"92,92"
"1641430800";"06.01.2022 03:00";"90,99";"90,99";"78,08";"90,99"
"1641434400";"06.01.2022 04:00";"88,94";"88,94";"81,97";"88,94"
"1641438000";"06.01.2022 05:00";"89,31";"89,31";"89,31";"89,31"
"1641441600";"06.01.2022 06:00";"89,75";"89,75";"89,75";"89,75"
"1641445200";"06.01.2022 07:00";"97,06";"97,06";"97,06";"97,06"
"1641448800";"06.01.2022 08:00";"110,87";"110,87";"110,87";"110,87"
"1641452400";"06.01.2022 09:00";"136,88";"136,88";"136,88";"136,88"
"1641456000";"06.01.2022 10:00";"205,87";"205,87";"205,87";"205,87"
"1641459600";"06.01.2022 11:00";"209,25";"209,25";"209,25";"209,25"
"1641463200";"06.01.2022 12:00";"224,71";"224,71";"224,71";"224,71"
"1641466800";"06.01.2022 13:00";"218,99";"218,99";"218,99";"218,99"
"1641470400";"06.01.2022 14:00";"202,71";"202,71";"202,71";"202,71"
"1641474000";"06.01.2022 15:00";"209,36";"209,36";"209,36";"209,36"
"1641477600";"06.01.2022 16:00";"225,23";"225,23";"225,23";"225,23"
"1641481200";"06.01.2022 17:00";"245,95";"245,95";"245,95";"245,95"
"1641484800";"06.01.2022 18:00";"264,74";"274,11";"264,74";"264,74"
"1641488400";"06.01.2022 19:00";"270,07";"272,89";"270,07";"270,07"
"1641492000";"06.01.2022 20:00";"220,32";"239,59";"220,32";"220,32"
"1641495600";"06.01.2022 21:00";"217,91";"217,91";"217,91";"217,91"
"1641499200";"06.01.2022 22:00";"203,31";"203,31";"203,31";"203,31"
"1641502800";"06.01.2022 23:00";"171,31";"171,31";"171,31";"171,31"
"1641506400";"07.01.2022 00:00";"124,7";"124,7";"124,7";"124,7"
"1641510000";"07.01.2022 01:00";"128,92";"128,92";"128,92";"128,92"
"1641513600";"07.01.2022 02:00";"116,65";"116,65";"116,65";"116,65"
"1641517200";"07.01.2022 03:00";"100,54";"100,54";"100,54";"100,54"
"1641520800";"07.01.2022 04:00";"99,47";"99,47";"99,47";"99,47"
"1641524400";"07.01.2022 05:00";"101,74";"101,74";"101,74";"101,74"
"1641528000";"07.01.2022 06:00";"114,99";"114,99";"114,99";"114,99"
"1641531600";"07.01.2022 07:00";"140,19";"140,19";"140,19";"140,19"
"1641535200";"07.01.2022 08:00";"170,53";"170,53";"170,53";"170,53"
"1641538800";"07.01.2022 09:00";"175,66";"175,66";"175,66";"175,66"
"1641542400";"07.01.2022 10:00";"161,85";"161,85";"161,85";"161,85"
"1641546000";"07.01.2022 11:00";"161,37";"161,37";"161,37";"161,37"
"1641549600";"07.01.2022 12:00";"166,06";"166,06";"166,06";"166,06"
"1641553200";"07.01.2022 13:00";"166,54";"166,54";"166,54";"166,54"
"1641556800";"07.01.2022 14:00";"166,04";"166,04";"166,04";"166,04"
"1641560400";"07.01.2022 15:00";"169,43";"169,43";"169,43";"169,43"
"1641564000";"07.01.2022 16:00";"189,7";"189,7";"189,7";"189,7"
"1641567600";"07.01.2022 17:00";"201,97";"201,97";"201,97";"201,97"
"1641571200";"07.01.2022 18:00";"243,11";"243,11";"243,11";"243,11"
"1641574800";"07.01.2022 19:00";"247,72";"247,72";"247,72";"247,72"
"1641578400";"07.01.2022 20:00";"200,89";"200,89";"200,89";"200,89"
"1641582000";"07.01.2022 21:00";"224,33";"224,33";"224,33";"224,33"
"1641585600";"07.01.2022 22:00";"213,81";"213,81";"213,81";"213,81"
"1641589200";"07.01.2022 23:00";"185,94";"185,94";"185,94";"185,94"
"1641592800";"08.01.2022 00:00";"144,76";"144,76";"144,76";"144,76"
"1641596400";"08.01.2022 01:00";"160,71";"160,71";"160,71";"160,71"
"1641600000";"08.01.2022 02:00";"146,08";"146,08";"146,08";"146,08"
"1641603600";"08.01.2022 03:00";"144,64";"144,64";"144,64";"144,64"
"1641607200";"08.01.2022 04:00";"146,9";"146,9";"146,9";"146,9"
"1641610800";"08.01.2022 05:00";"150,07";"150,07";"150,07";"150,07"
"1641614400";"08.01.2022 06:00";"154,3";"154,3";"154,3";"154,3"
"1641618000";"08.01.2022 07:00";"166";"166";"166";"166"
"1641621600";"08.01.2022 08:00";"182,91";"182,91";"182,91";"182,91"
"1641625200";"08.01.2022 09:00";"182,03";"182,03";"182,03";"182,03"
"1641628800";"08.01.2022 10:00";"181,02";"181,02";"181,02";"181,02"
"1641632400";"08.01.2022 11:00";"170,04";"170,04";"170,04";"170,04"
"1641636000";"08.01.2022 12:00";"158,5";"158,5";"158,5";"158,5"
"1641639600";"08.01.2022 13:00";"158,79";"158,79";"158,79";"158,79"
"1641643200";"08.01.2022 14:00";"156,07";"156,07";"156,07";"156,07"
"1641646800";"08.01.2022 15:00";"156,18";"156,18";"156,18";"156,18"
"1641650400";"08.01.2022 16:00";"173,88";"173,88";"173,88";"173,88"
"1641654000";"08.01.2022 17:00";"182,94";"182,94";"182,94";"182,94"
"1641657600";"08.01.2022 18:00";"189,9";"189,9";"189,9";"189,9"
"1641661200";"08.01.2022 19:00";"182,94";"182,94";"182,94";"182,94"
"1641664800";"08.01.2022 20:00";"149,96";"149,96";"149,96";"149,96"
"1641668400";"08.01.2022 21:00";"145,06";"145,06";"145,06";"145,06"
"1641672000";"08.01.2022 22:00";"160,04";"160,04";"160,04";"160,04"
"1641675600";"08.01.2022 23:00";"126,06";"126,06";"126,06";"126,06"
"1641679200";"09.01.2022 00:00";"114,11";"114,11";"114,11";"114,11"
"1641682800";"09.01.2022 01:00";"85,03";"85,03";"85,03";"85,03"
"1641686400";"09.01.2022 02:00";"84,4";"84,4";"84,4";"84,4"
"1641690000";"09.01.2022 03:00";"82,74";"82,74";"82,74";"82,74"
"1641693600";"09.01.2022 04:00";"84,5";"84,5";"84,5";"84,5"
"1641697200";"09.01.2022 05:00";"110,19";"110,19";"110,19";"110,19"
"1641700800";"09.01.2022 06:00";"120,02";"120,02";"120,02";"120,02"
"1641704400";"09.01.2022 07:00";"120";"120";"120";"120"
"1641708000";"09.01.2022 08:00";"119,92";"119,92";"119,92";"119,92"
"1641711600";"09.01.2022 09:00";"97,26";"97,26";"97,26";"97,26"
"1641715200";"09.01.2022 10:00";"119,97";"119,97";"119,97";"119,97"
"1641718800";"09.01.2022 11:00";"134,96";"134,96";"134,96";"134,96"
"1641722400";"09.01.2022 12:00";"149,4";"149,4";"149,4";"149,4"
"1641726000";"09.01.2022 13:00";"165,13";"165,13";"165,13";"165,13"
"1641729600";"09.01.2022 14:00";"165,06";"165,06";"165,06";"165,06"
"1641733200";"09.01.2022 15:00";"170,09";"170,09";"170,09";"170,09"
"1641736800";"09.01.2022 16:00";"182,91";"182,91";"182,91";"182,91"
"1641740400";"09.01.2022 17:00";"190,96";"190,96";"190,96";"190,96"
"1641744000";"09.01.2022 18:00";"223,3";"223,3";"223,3";"223,3"
"1641747600";"09.01.2022 19:00";"243,19";"243,19";"243,19";"243,19"
"1641751200";"09.01.2022 20:00";"209,65";"209,65";"209,65";"209,65"
"1641754800";"09.01.2022 21:00";"155,07";"155,07";"155,07";"155,07"
"1641758400";"09.01.2022 22:00";"171,18";"171,18";"171,18";"171,18"
"1641762000";"09.01.2022 23:00";"170,03";"170,03";"170,03";"170,03"
"1641765600";"10.01.2022 00:00";"144,79";"144,79";"144,79";"144,79"
"1641769200";"10.01.2022 01:00";"144,28";"144,28";"144,28";"144,28"
"1641772800";"10.01.2022 02:00";"138,09";"138,09";"138,09";"138,09"
"1641776400";"10.01.2022 03:00";"133,81";"133,81";"133,81";"133,81"
"1641780000";"10.01.2022 04:00";"136,44";"136,44";"136,44";"136,44"
"1641783600";"10.01.2022 05:00";"142,99";"142,99";"142,99";"142,99"
"1641787200";"10.01.2022 06:00";"182,94";"182,94";"182,94";"182,94"
"1641790800";"10.01.2022 07:00";"248,5";"248,5";"248,5";"248,5"
"1641794400";"10.01.2022 08:00";"299,95";"299,95";"299,95";"299,95"
"1641798000";"10.01.2022 09:00";"313,92";"313,92";"313,92";"313,92"
"1641801600";"10.01.2022 10:00";"315";"315";"315";"315"
"1641805200";"10.01.2022 11:00";"310,41";"310,41";"310,41";"310,41"
"1641808800";"10.01.2022 12:00";"310,08";"310,08";"310,08";"310,08"
"1641812400";"10.01.2022 13:00";"300";"300";"300";"300"
"1641816000";"10.01.2022 14:00";"297,01";"297,01";"297,01";"297,01"
"1641819600";"10.01.2022 15:00";"299,96";"299,96";"299,96";"299,96"
"1641823200";"10.01.2022 16:00";"306,45";"306,45";"306,45";"306,45"
"1641826800";"10.01.2022 17:00";"302,73";"302,73";"302,73";"302,73"
"1641830400";"10.01.2022 18:00";"315,47";"315,47";"315,47";"315,47"
"1641834000";"10.01.2022 19:00";"310,82";"310,82";"310,82";"310,82"
"1641837600";"10.01.2022 20:00";"294,98";"294,98";"294,98";"294,98"
"1641841200";"10.01.2022 21:00";"261,03";"261,03";"261,03";"261,03"
"1641844800";"10.01.2022 22:00";"242,23";"242,23";"242,23";"242,23"
"1641848400";"10.01.2022 23:00";"211,83";"211,83";"211,83";"211,83"
"1641852000";"11.01.2022 00:00";"150,09";"150,09";"150,09";"150,09"
"1641855600";"11.01.2022 01:00";"206,11";"206,11";"147,5";"147,5"
"1641859200";"11.01.2022 02:00";"198,87";"198,87";"143,76";"143,76"
"1641862800";"11.01.2022 03:00";"197,24";"197,24";"140,21";"140,21"
"1641866400";"11.01.2022 04:00";"193";"193";"139,97";"139,97"
"1641870000";"11.01.2022 05:00";"194,9";"194,9";"141,56";"141,56"
"1641873600";"11.01.2022 06:00";"200,01";"200,01";"147,1";"200,01"
"1641877200";"11.01.2022 07:00";"221,44";"231,44";"151,89";"221,44"
"1641880800";"11.01.2022 08:00";"221,47";"291,51";"201,93";"221,47"
"1641884400";"11.01.2022 09:00";"221,47";"300,02";"213,06";"221,47"
"1641888000";"11.01.2022 10:00";"221,47";"297,16";"196,21";"221,47"
"1641891600";"11.01.2022 11:00";"221,44";"275,67";"198,24";"221,44"
"1641895200";"11.01.2022 12:00";"216,98";"264,4";"191,02";"216,98"
"1641898800";"11.01.2022 13:00";"221,43";"252,59";"158,36";"221,43"
"1641902400";"11.01.2022 14:00";"221,43";"248,38";"157,6";"221,43"
"1641906000";"11.01.2022 15:00";"221,33";"255,01";"157,67";"221,33"
"1641909600";"11.01.2022 16:00";"221,41";"277,9";"158,56";"221,41"
"1641913200";"11.01.2022 17:00";"221,43";"282,98";"161,11";"221,43"
"1641916800";"11.01.2022 18:00";"221,48";"308,81";"173,63";"221,48"
"1641920400";"11.01.2022 19:00";"221,45";"308,32";"168,02";"221,45"
"1641924000";"11.01.2022 20:00";"221,41";"309,2";"157,99";"221,41"
"1641927600";"11.01.2022 21:00";"216,99";"216,99";"153,78";"216,99"
"1641931200";"11.01.2022 22:00";"216,98";"216,98";"153,63";"153,63"
"1641934800";"11.01.2022 23:00";"200,07";"200,07";"150,56";"150,56"
"1641938400";"12.01.2022 00:00";"149,7";"149,7";"143,07";"143,07"
"1641942000";"12.01.2022 01:00";"147,62";"147,62";"24,62";"147,62"
"1641945600";"12.01.2022 02:00";"183,98";"183,98";"24,26";"183,98"
"1641949200";"12.01.2022 03:00";"183,06";"183,06";"24,99";"183,06"
"1641952800";"12.01.2022 04:00";"164,2";"164,2";"23,47";"140,07"
"1641956400";"12.01.2022 05:00";"178,33";"178,33";"30,71";"178,33"
"1641960000";"12.01.2022 06:00";"193,5";"193,5";"99,97";"193,5"
"1641963600";"12.01.2022 07:00";"208,1";"213,87";"119,59";"208,1"
"1641967200";"12.01.2022 08:00";"212,25";"266,63";"146,56";"212,25"
"1641970800";"12.01.2022 09:00";"212,27";"292,9";"148,6";"212,27"
"1641974400";"12.01.2022 10:00";"212,26";"285,71";"119,91";"212,26"
"1641978000";"12.01.2022 11:00";"212,23";"268,88";"119,91";"212,23"
"1641981600";"12.01.2022 12:00";"211,99";"252,44";"119,93";"211,99"
"1641985200";"12.01.2022 13:00";"212,21";"212,21";"119,96";"212,21"
"1641988800";"12.01.2022 14:00";"208,09";"208,09";"109,92";"208,09"
"1641992400";"12.01.2022 15:00";"208,09";"208,09";"103,11";"208,09"
"1641996000";"12.01.2022 16:00";"212,24";"240,01";"103,18";"212,24"
"1641999600";"12.01.2022 17:00";"212,24";"255";"111,59";"212,24"
"1642003200";"12.01.2022 18:00";"212,25";"255,01";"104,66";"212,25"
"1642006800";"12.01.2022 19:00";"208,08";"208,08";"110";"110,46"
"1642010400";"12.01.2022 20:00";"208,02";"208,02";"82,31";"87,04"
"1642014000";"12.01.2022 21:00";"199,42";"199,42";"21,01";"199,42"
"1642017600";"12.01.2022 22:00";"191,5";"191,5";"20,14";"191,5"
"1642021200";"12.01.2022 23:00";"129,93";"129,93";"18,12";"129,93"
"1642024800";"13.01.2022 00:00";"87,07";"87,07";"13,62";"87,07"
"1642028400";"13.01.2022 01:00";"119,13";"119,13";"13,09";"117,96"
"1642032000";"13.01.2022 02:00";"101,04";"101,04";"11,4";"101,04"
"1642035600";"13.01.2022 03:00";"94,3";"94,3";"10,57";"94,3"
"1642039200";"13.01.2022 04:00";"93,64";"93,64";"10,47";"93,64"
"1642042800";"13.01.2022 05:00";"92,58";"92,58";"10,86";"92,58"
"1642046400";"13.01.2022 06:00";"101,05";"101,05";"13,23";"101,05"
"1642050000";"13.01.2022 07:00";"192,03";"192,03";"20,62";"192,03"
"1642053600";"13.01.2022 08:00";"215,24";"215,24";"21,01";"215,24"
"1642057200";"13.01.2022 09:00";"196,88";"196,88";"25,63";"196,88"
"1642060800";"13.01.2022 10:00";"196,88";"196,88";"25,62";"196,88"
"1642064400";"13.01.2022 11:00";"180,08";"180,08";"25,61";"180,08"
"1642068000";"13.01.2022 12:00";"170,16";"170,16";"24,22";"170,16"
"1642071600";"13.01.2022 13:00";"152,53";"152,53";"21,41";"152,53"
"1642075200";"13.01.2022 14:00";"134,13";"134,13";"18,22";"134,13"
"1642078800";"13.01.2022 15:00";"171,01";"171,01";"17,68";"171,01"
"1642082400";"13.01.2022 16:00";"196,82";"196,82";"18,82";"196,82"
"1642086000";"13.01.2022 17:00";"196,85";"196,85";"19,66";"196,85"
"1642089600";"13.01.2022 18:00";"175,09";"175,09";"36,3";"175,09"
"1642093200";"13.01.2022 19:00";"196,82";"196,82";"23,66";"196,82"
"1642096800";"13.01.2022 20:00";"196,84";"196,84";"19,82";"196,84"
"1642100400";"13.01.2022 21:00";"175,01";"175,01";"18,06";"175,01"
"1642104000";"13.01.2022 22:00";"132,16";"132,16";"17,94";"132,16"
"1642107600";"13.01.2022 23:00";"110,4";"110,4";"14,92";"110,4"
"1642111200";"14.01.2022 00:00";"97,08";"97,08";"11,49";"97,08"
"1642114800";"14.01.2022 01:00";"89,6";"89,6";"14,93";"89,6"
"1642118400";"14.01.2022 02:00";"12,56";"12,56";"12,56";"12,56"
"1642122000";"14.01.2022 03:00";"30,26";"30,26";"11,4";"30,26"
"1642125600";"14.01.2022 04:00";"11,42";"11,42";"11,42";"11,42"
"1642129200";"14.01.2022 05:00";"13,18";"13,18";"13,18";"13,18"
"1642132800";"14.01.2022 06:00";"88,22";"88,22";"49,9";"88,22"
"1642136400";"14.01.2022 07:00";"88,43";"88,43";"66,87";"88,43"
"1642140000";"14.01.2022 08:00";"106,89";"106,89";"90,22";"106,89"
"1642143600";"14.01.2022 09:00";"155,01";"155,01";"71,64";"155,01"
"1642147200";"14.01.2022 10:00";"189,31";"189,31";"68,73";"189,31"
"1642150800";"14.01.2022 11:00";"162,92";"162,92";"75,21";"162,92"
"1642154400";"14.01.2022 12:00";"112,12";"112,12";"76,85";"112,12"
"1642158000";"14.01.2022 13:00";"114,34";"114,34";"68,38";"114,34"
"1642161600";"14.01.2022 14:00";"89,66";"89,66";"52,07";"89,66"
"1642165200";"14.01.2022 15:00";"106,9";"106,9";"52,09";"106,9"
"1642168800";"14.01.2022 16:00";"179,66";"179,66";"70";"179,66"
"1642172400";"14.01.2022 17:00";"133,69";"133,69";"133,69";"133,69"
"1642176000";"14.01.2022 18:00";"141,68";"141,68";"141,68";"141,68"
"1642179600";"14.01.2022 19:00";"140,8";"140,8";"140,8";"140,8"
"1642183200";"14.01.2022 20:00";"121,58";"121,58";"70,02";"121,58"
"1642186800";"14.01.2022 21:00";"121,57";"121,57";"45,45";"121,57"
"1642190400";"14.01.2022 22:00";"44,21";"44,21";"44,21";"44,21"
"1642194000";"14.01.2022 23:00";"60,08";"60,08";"49,94";"60,08"
"1642197600";"15.01.2022 00:00";"80";"80";"20,47";"80"
"1642201200";"15.01.2022 01:00";"17,27";"17,27";"17,27";"17,27"
"1642204800";"15.01.2022 02:00";"93";"93";"16,79";"93"
"1642208400";"15.01.2022 03:00";"93,99";"93,99";"16,74";"93,99"
"1642212000";"15.01.2022 04:00";"92,98";"92,98";"17,35";"92,98"
"1642215600";"15.01.2022 05:00";"90,14";"90,14";"18,6";"90,14"
"1642219200";"15.01.2022 06:00";"50,07";"50,07";"24,33";"50,07"
"1642222800";"15.01.2022 07:00";"80,1";"80,1";"39,23";"80,1"
"1642226400";"15.01.2022 08:00";"134,02";"134,02";"54,88";"134,02"
"1642230000";"15.01.2022 09:00";"150,03";"150,03";"63,19";"150,03"
"1642233600";"15.01.2022 10:00";"200,07";"200,07";"69,31";"200,07"
"1642237200";"15.01.2022 11:00";"203,52";"203,52";"69,53";"203,52"
"1642240800";"15.01.2022 12:00";"202,3";"202,3";"74,34";"202,3"
"1642244400";"15.01.2022 13:00";"157,91";"157,91";"80,6";"157,91"
"1642248000";"15.01.2022 14:00";"153,04";"153,04";"95";"153,04"
"1642251600";"15.01.2022 15:00";"150,5";"150,5";"149,94";"150,5"
"1642255200";"15.01.2022 16:00";"179,91";"179,91";"179,91";"179,91"
"1642258800";"15.01.2022 17:00";"220,89";"220,89";"220,89";"220,89"
"1642262400";"15.01.2022 18:00";"253,76";"253,76";"253,76";"253,76"
"1642266000";"15.01.2022 19:00";"209,84";"209,84";"209,84";"209,84"
"1642269600";"15.01.2022 20:00";"153,67";"153,67";"153,67";"153,67"
"1642273200";"15.01.2022 21:00";"144,95";"144,95";"144,95";"144,95"
"1642276800";"15.01.2022 22:00";"157,35";"157,35";"135,01";"157,35"
"1642280400";"15.01.2022 23:00";"176,42";"176,42";"110,48";"176,42"
"1642284000";"16.01.2022 00:00";"118,92";"118,92";"34,97";"118,92"
"1642287600";"16.01.2022 01:00";"110,06";"110,06";"18,05";"110,06"
"1642291200";"16.01.2022 02:00";"90,25";"90,25";"16,97";"90,25"
"1642294800";"16.01.2022 03:00";"87,84";"87,84";"16,54";"87,84"
"1642298400";"16.01.2022 04:00";"88,5";"88,5";"16";"88,5"
"1642302000";"16.01.2022 05:00";"89,39";"89,39";"16,94";"89,39"
"1642305600";"16.01.2022 06:00";"90,2";"90,2";"17,99";"90,2"
"1642309200";"16.01.2022 07:00";"89,58";"89,58";"17,97";"89,58"
"1642312800";"16.01.2022 08:00";"88,27";"88,27";"18,58";"88,27"
"1642316400";"16.01.2022 09:00";"111,44";"111,44";"16,85";"111,44"
"1642320000";"16.01.2022 10:00";"129,46";"129,46";"17,46";"129,46"
"1642323600";"16.01.2022 11:00";"125,99";"125,99";"17,53";"125,99"
"1642327200";"16.01.2022 12:00";"131,83";"131,83";"16,47";"131,83"
"1642330800";"16.01.2022 13:00";"140,03";"140,03";"16,29";"140,03"
"1642334400";"16.01.2022 14:00";"110,28";"110,28";"17,39";"110,28"
"1642338000";"16.01.2022 15:00";"99,54";"99,54";"17,27";"99,54"
"1642341600";"16.01.2022 16:00";"112,19";"112,19";"17,51";"112,19"
"1642345200";"16.01.2022 17:00";"115";"115";"23,97";"115"
"1642348800";"16.01.2022 18:00";"125,42";"125,42";"30,84";"125,42"
"1642352400";"16.01.2022 19:00";"112,4";"112,4";"23,96";"112,4"
"1642356000";"16.01.2022 20:00";"97,49";"97,49";"19,39";"97,49"
"1642359600";"16.01.2022 21:00";"90,14";"90,14";"17,96";"90,14"
"1642363200";"16.01.2022 22:00";"97,09";"97,09";"18,34";"97,09"
"1642366800";"16.01.2022 23:00";"93,85";"93,85";"17,2";"93,85"
"1642370400";"17.01.2022 00:00";"87,2";"87,2";"13,2";"87,2"
"1642374000";"17.01.2022 01:00";"48,95";"48,95";"48,95";"48,95"
"1642377600";"17.01.2022 02:00";"34";"34";"34";"34"
"1642381200";"17.01.2022 03:00";"15,94";"15,94";"15,94";"15,94"
"1642384800";"17.01.2022 04:00";"10,09";"10,09";"10,09";"10,09"
"1642388400";"17.01.2022 05:00";"37,95";"37,95";"17,94";"37,95"
"1642392000";"17.01.2022 06:00";"74,61";"74,61";"57,5";"74,61"
"1642395600";"17.01.2022 07:00";"99,29";"99,29";"59,85";"99,29"
"1642399200";"17.01.2022 08:00";"99,08";"99,08";"67,58";"99,08"
"1642402800";"17.01.2022 09:00";"145,02";"145,02";"70,48";"145,02"
"1642406400";"17.01.2022 10:00";"111,25";"111,25";"72,15";"111,25"
"1642410000";"17.01.2022 11:00";"110,94";"110,94";"76,83";"110,94"
"1642413600";"17.01.2022 12:00";"111,25";"111,25";"76,47";"111,25"
"1642417200";"17.01.2022 13:00";"107,94";"107,94";"71,54";"107,94"
"1642420800";"17.01.2022 14:00";"145";"145";"88,87";"145"
"1642424400";"17.01.2022 15:00";"127,38";"127,38";"101,17";"127,38"
"1642428000";"17.01.2022 16:00";"145,08";"145,08";"131,59";"145,08"
"1642431600";"17.01.2022 17:00";"145,09";"145,09";"144,87";"145,09"
"1642435200";"17.01.2022 18:00";"150,62";"150,62";"150,62";"150,62"
"1642438800";"17.01.2022 19:00";"149,96";"149,96";"149,96";"149,96"
"1642442400";"17.01.2022 20:00";"144,76";"144,76";"123,2";"144,76"
"1642446000";"17.01.2022 21:00";"143,57";"143,57";"60,72";"143,57"
"1642449600";"17.01.2022 22:00";"138,39";"138,39";"135,08";"138,39"
"1642453200";"17.01.2022 23:00";"136,03";"136,03";"85,09";"136,03"
"1642456800";"18.01.2022 00:00";"80,07";"80,07";"72,73";"80,07"
"1642460400";"18.01.2022 01:00";"90,14";"90,14";"79,82";"90,14"
"1642464000";"18.01.2022 02:00";"91,55";"91,55";"75,9";"85,15"
"1642467600";"18.01.2022 03:00";"91,37";"91,37";"78,9";"78,9"
"1642471200";"18.01.2022 04:00";"92,96";"92,96";"92,96";"92,96"
"1642474800";"18.01.2022 05:00";"100,37";"100,37";"100,37";"100,37"
"1642478400";"18.01.2022 06:00";"145,35";"145,35";"145,35";"145,35"
"1642482000";"18.01.2022 07:00";"200,09";"200,09";"179,99";"179,99"
"1642485600";"18.01.2022 08:00";"267,14";"267,14";"267,14";"267,14"
"1642489200";"18.01.2022 09:00";"287,33";"287,33";"287,33";"287,33"
"1642492800";"18.01.2022 10:00";"248,06";"248,06";"248,06";"248,06"
"1642496400";"18.01.2022 11:00";"200,09";"200,09";"200,09";"200,09"
"1642500000";"18.01.2022 12:00";"200,04";"200,04";"168,37";"200,04"
"1642503600";"18.01.2022 13:00";"166,18";"166,18";"152,9";"166,18"
"1642507200";"18.01.2022 14:00";"154,6";"154,6";"151,18";"154,6"
"1642510800";"18.01.2022 15:00";"213,44";"213,44";"149,54";"213,44"
"1642514400";"18.01.2022 16:00";"213,42";"213,42";"148,94";"213,42"
"1642518000";"18.01.2022 17:00";"213,48";"213,48";"150,26";"213,48"
"1642521600";"18.01.2022 18:00";"213,42";"213,42";"151,09";"213,42"
"1642525200";"18.01.2022 19:00";"213,43";"213,43";"147,91";"213,43"
"1642528800";"18.01.2022 20:00";"160,06";"160,06";"143,77";"143,77"
"1642532400";"18.01.2022 21:00";"200,07";"200,07";"127,43";"127,43"
"1642536000";"18.01.2022 22:00";"213,45";"213,45";"104,96";"213,45"
"1642539600";"18.01.2022 23:00";"140,09";"140,09";"96,13";"140,09"
"1642543200";"19.01.2022 00:00";"75,07";"75,07";"35,27";"75,07"
"1642546800";"19.01.2022 01:00";"121,12";"121,12";"15,27";"121,12"
"1642550400";"19.01.2022 02:00";"99,93";"99,93";"15,94";"99,93"
"1642554000";"19.01.2022 03:00";"92,05";"92,05";"14,85";"92,05"
"1642557600";"19.01.2022 04:00";"94,97";"94,97";"14,7";"94,97"
"1642561200";"19.01.2022 05:00";"98,99";"98,99";"21,67";"98,99"
"1642564800";"19.01.2022 06:00";"122,82";"122,82";"70,76";"122,82"
"1642568400";"19.01.2022 07:00";"193,64";"193,64";"70,35";"193,64"
"1642572000";"19.01.2022 08:00";"193,65";"193,65";"95,55";"193,65"
"1642575600";"19.01.2022 09:00";"193,7";"193,7";"89,56";"193,7"
"1642579200";"19.01.2022 10:00";"193,64";"193,64";"69,28";"193,64"
"1642582800";"19.01.2022 11:00";"193,62";"193,62";"70,04";"193,62"
"1642586400";"19.01.2022 12:00";"193,62";"193,62";"74,25";"193,62"
"1642590000";"19.01.2022 13:00";"170,14";"170,14";"71,6";"170,14"
"1642593600";"19.01.2022 14:00";"180,03";"180,03";"71,54";"180,03"
"1642597200";"19.01.2022 15:00";"181,38";"181,38";"78,2";"181,38"
"1642600800";"19.01.2022 16:00";"193,61";"193,61";"86,46";"193,61"
"1642604400";"19.01.2022 17:00";"193,66";"193,66";"92,06";"193,66"
"1642608000";"19.01.2022 18:00";"193,63";"193,63";"93,45";"193,63"
"1642611600";"19.01.2022 19:00";"130,02";"130,02";"130,02";"130,02"
"1642615200";"19.01.2022 20:00";"193,62";"193,62";"61,03";"193,62"
"1642618800";"19.01.2022 21:00";"174,07";"174,07";"19,97";"174,07"
"1642622400";"19.01.2022 22:00";"108,2";"108,2";"64,08";"108,2"
"1642626000";"19.01.2022 23:00";"60,09";"60,09";"60,09";"60,09"
"1642629600";"20.01.2022 00:00";"60,1";"60,1";"51,93";"60,1"
"1642633200";"20.01.2022 01:00";"90,05";"90,05";"13,92";"90,05"
"1642636800";"20.01.2022 02:00";"9,28";"9,28";"9,28";"9,28"
"1642640400";"20.01.2022 03:00";"8,89";"8,89";"8,89";"8,89"
"1642644000";"20.01.2022 04:00";"8,92";"8,92";"8,92";"8,92"
"1642647600";"20.01.2022 05:00";"77,38";"77,38";"14,1";"77,38"
"1642651200";"20.01.2022 06:00";"101,23";"101,23";"95,13";"101,23"
"1642654800";"20.01.2022 07:00";"104,31";"104,31";"104,31";"104,31"
"1642658400";"20.01.2022 08:00";"116,76";"116,76";"104,62";"116,76"
"1642662000";"20.01.2022 09:00";"121,54";"121,54";"91,78";"121,54"
"1642665600";"20.01.2022 10:00";"130,27";"130,27";"85,97";"130,27"
"1642669200";"20.01.2022 11:00";"129,17";"129,17";"94,16";"129,17"
"1642672800";"20.01.2022 12:00";"121,36";"121,36";"95,82";"121,36"
"1642676400";"20.01.2022 13:00";"133,56";"133,56";"107,37";"133,56"
"1642680000";"20.01.2022 14:00";"134,85";"134,85";"100,04";"134,85"
"1642683600";"20.01.2022 15:00";"121,58";"121,58";"93,17";"121,58"
"1642687200";"20.01.2022 16:00";"113,79";"113,79";"93,65";"113,79"
"1642690800";"20.01.2022 17:00";"113,3";"113,3";"113,3";"113,3"
"1642694400";"20.01.2022 18:00";"134,82";"134,82";"134,82";"134,82"
"1642698000";"20.01.2022 19:00";"132,26";"132,26";"132,26";"132,26"
"1642701600";"20.01.2022 20:00";"113,28";"113,28";"113,28";"113,28"
"1642705200";"20.01.2022 21:00";"99,37";"99,37";"99,37";"99,37"
"1642708800";"20.01.2022 22:00";"92,41";"92,41";"92,41";"92,41"
"1642712400";"20.01.2022 23:00";"87,77";"87,77";"74,9";"87,77"
"1642716000";"21.01.2022 00:00";"75,03";"75,03";"45,62";"75,03"
"1642719600";"21.01.2022 01:00";"77,39";"77,39";"15,14";"77,39"
"1642723200";"21.01.2022 02:00";"75,6";"75,6";"15,04";"75,6"
"1642726800";"21.01.2022 03:00";"75,11";"75,11";"15,05";"75,11"
"1642730400";"21.01.2022 04:00";"75,14";"75,14";"15,16";"75,14"
"1642734000";"21.01.2022 05:00";"88,57";"88,57";"15,47";"88,57"
"1642737600";"21.01.2022 06:00";"82,76";"82,76";"49,96";"82,76"
"1642741200";"21.01.2022 07:00";"117,75";"117,75";"117,75";"117,75"
"1642744800";"21.01.2022 08:00";"145,98";"145,98";"142,9";"145,98"
"1642748400";"21.01.2022 09:00";"165";"165";"140,31";"165"
"1642752000";"21.01.2022 10:00";"145,09";"145,09";"134,95";"145,09"
"1642755600";"21.01.2022 11:00";"144,15";"144,15";"143,56";"144,15"
"1642759200";"21.01.2022 12:00";"142,68";"142,68";"138,43";"142,68"
"1642762800";"21.01.2022 13:00";"141,36";"141,36";"135,83";"141,36"
"1642766400";"21.01.2022 14:00";"144,47";"144,47";"137,08";"144,47"
"1642770000";"21.01.2022 15:00";"142,72";"142,72";"142,72";"142,72"
"1642773600";"21.01.2022 16:00";"143,76";"143,76";"143,76";"143,76"
"1642777200";"21.01.2022 17:00";"145,69";"145,69";"145,69";"145,69"
"1642780800";"21.01.2022 18:00";"157,12";"157,12";"157,12";"157,12"
"1642784400";"21.01.2022 19:00";"154,52";"154,52";"154,52";"154,52"
"1642788000";"21.01.2022 20:00";"142,31";"142,31";"142,31";"142,31"
"1642791600";"21.01.2022 21:00";"136,78";"136,78";"136,78";"136,78"
"1642795200";"21.01.2022 22:00";"132,25";"132,25";"132,25";"132,25"
"1642798800";"21.01.2022 23:00";"133,59";"133,59";"133,59";"133,59"
"1642802400";"22.01.2022 00:00";"120,01";"120,01";"120,01";"120,01"
"1642806000";"22.01.2022 01:00";"123,58";"123,58";"123,58";"123,58"
"1642809600";"22.01.2022 02:00";"120,3";"120,3";"120,3";"120,3"
"1642813200";"22.01.2022 03:00";"119,99";"119,99";"119,99";"119,99"
"1642816800";"22.01.2022 04:00";"121,8";"121,8";"121,8";"121,8"
"1642820400";"22.01.2022 05:00";"123,57";"123,57";"123,57";"123,57"
"1642824000";"22.01.2022 06:00";"123,68";"123,68";"123,68";"123,68"
"1642827600";"22.01.2022 07:00";"120";"120";"120";"120"
"1642831200";"22.01.2022 08:00";"148,35";"148,35";"148,35";"148,35"
"1642834800";"22.01.2022 09:00";"181,54";"181,54";"181,54";"181,54"
"1642838400";"22.01.2022 10:00";"202,48";"202,48";"202,48";"202,48"
"1642842000";"22.01.2022 11:00";"206,18";"206,18";"206,18";"206,18"
"1642845600";"22.01.2022 12:00";"204,66";"204,66";"204,66";"204,66"
"1642849200";"22.01.2022 13:00";"196,01";"196,01";"196,01";"196,01"
"1642852800";"22.01.2022 14:00";"184,01";"184,01";"184,01";"184,01"
"1642856400";"22.01.2022 15:00";"185,88";"185,88";"185,88";"185,88"
"1642860000";"22.01.2022 16:00";"191,78";"191,78";"191,78";"191,78"
"1642863600";"22.01.2022 17:00";"197,25";"197,25";"197,25";"197,25"
"1642867200";"22.01.2022 18:00";"222,31";"222,31";"222,31";"222,31"
"1642870800";"22.01.2022 19:00";"225,28";"225,28";"225,28";"225,28"
"1642874400";"22.01.2022 20:00";"179,88";"179,88";"157,29";"179,88"
"1642878000";"22.01.2022 21:00";"145,78";"145,78";"145,78";"145,78"
"1642881600";"22.01.2022 22:00";"190,31";"190,31";"141,51";"190,31"
"1642885200";"22.01.2022 23:00";"190,36";"190,36";"138,48";"190,36"
"1642888800";"23.01.2022 00:00";"134,65";"134,65";"134,65";"134,65"
"1642892400";"23.01.2022 01:00";"121,29";"121,29";"87,93";"121,29"
"1642896000";"23.01.2022 02:00";"107,7";"107,7";"66,78";"107,7"
"1642899600";"23.01.2022 03:00";"93,75";"93,75";"59,29";"93,75"
"1642903200";"23.01.2022 04:00";"93,35";"93,35";"56,58";"93,35"
"1642906800";"23.01.2022 05:00";"93,75";"93,75";"64,4";"93,75"
"1642910400";"23.01.2022 06:00";"110,03";"110,03";"80,05";"110,03"
"1642914000";"23.01.2022 07:00";"105,26";"105,26";"82,99";"105,26"
"1642917600";"23.01.2022 08:00";"111,92";"111,92";"83,26";"111,92"
"1642921200";"23.01.2022 09:00";"133,46";"133,46";"91,21";"133,46"
"1642924800";"23.01.2022 10:00";"139,14";"139,14";"99,96";"139,14"
"1642928400";"23.01.2022 11:00";"187,81";"187,81";"115,98";"187,81"
"1642932000";"23.01.2022 12:00";"189,99";"189,99";"107,12";"189,99"
"1642935600";"23.01.2022 13:00";"190,71";"190,71";"111,66";"190,71"
"1642939200";"23.01.2022 14:00";"186,29";"186,29";"87,66";"186,29"
"1642942800";"23.01.2022 15:00";"184,49";"184,49";"99,34";"184,49"
"1642946400";"23.01.2022 16:00";"190";"190";"108,02";"190"
"1642950000";"23.01.2022 17:00";"198,36";"198,36";"109,42";"198,36"
"1642953600";"23.01.2022 18:00";"214,95";"214,95";"105,47";"214,95"
"1642957200";"23.01.2022 19:00";"205,85";"205,85";"98,01";"205,85"
"1642960800";"23.01.2022 20:00";"198,66";"198,66";"70,94";"198,66"
"1642964400";"23.01.2022 21:00";"198,62";"198,62";"52,02";"198,62"
"1642968000";"23.01.2022 22:00";"183,67";"183,67";"74,89";"183,67"
"1642971600";"23.01.2022 23:00";"110,34";"110,34";"37,91";"110,34"
"1642975200";"24.01.2022 00:00";"110,09";"110,09";"11,66";"110,09"
"1642978800";"24.01.2022 01:00";"12,23";"12,23";"12,23";"12,23"
"1642982400";"24.01.2022 02:00";"11,67";"11,67";"11,67";"11,67"
"1642986000";"24.01.2022 03:00";"11,06";"11,06";"11,06";"11,06"
"1642989600";"24.01.2022 04:00";"10,51";"10,51";"10,51";"10,51"
"1642993200";"24.01.2022 05:00";"11,02";"11,02";"11,02";"11,02"
"1642996800";"24.01.2022 06:00";"143,21";"143,21";"11,09";"143,21"
"1643000400";"24.01.2022 07:00";"198,45";"198,45";"11,84";"198,45"
"1643004000";"24.01.2022 08:00";"198,45";"198,45";"99,92";"198,45"
"1643007600";"24.01.2022 09:00";"198,47";"198,47";"115";"198,47"
"1643011200";"24.01.2022 10:00";"198,46";"198,46";"100,1";"198,46"
"1643014800";"24.01.2022 11:00";"198,44";"198,44";"115,94";"198,44"
"1643018400";"24.01.2022 12:00";"198,45";"198,45";"99,92";"198,45"
"1643022000";"24.01.2022 13:00";"198,44";"198,44";"74,5";"198,44"
"1643025600";"24.01.2022 14:00";"198,41";"198,41";"61,6";"198,41"
"1643029200";"24.01.2022 15:00";"198,41";"198,41";"67,28";"198,41"
"1643032800";"24.01.2022 16:00";"198,43";"198,43";"99";"198,43"
"1643036400";"24.01.2022 17:00";"198,49";"198,49";"132,55";"198,49"
"1643040000";"24.01.2022 18:00";"198,45";"198,45";"136,87";"198,45"
"1643043600";"24.01.2022 19:00";"198,45";"198,45";"136,38";"198,45"
"1643047200";"24.01.2022 20:00";"155,09";"155,09";"87,91";"155,09"
"1643050800";"24.01.2022 21:00";"155,02";"155,02";"32,2";"155,02"
"1643054400";"24.01.2022 22:00";"198,46";"198,46";"17,94";"198,46"
"1643058000";"24.01.2022 23:00";"158,38";"158,38";"16,94";"158,38"
"1643061600";"25.01.2022 00:00";"100,06";"100,06";"11,58";"100,06"
"1643065200";"25.01.2022 01:00";"143,29";"143,29";"23,23";"143,29"
"1643068800";"25.01.2022 02:00";"136,57";"136,57";"12,92";"136,57"
"1643072400";"25.01.2022 03:00";"129,95";"129,95";"13,62";"129,95"
"1643076000";"25.01.2022 04:00";"129,94";"129,94";"19,88";"129,94"
"1643079600";"25.01.2022 05:00";"130,75";"130,75";"19";"130,75"
"1643083200";"25.01.2022 06:00";"143,16";"143,16";"71,08";"143,16"
"1643086800";"25.01.2022 07:00";"198,48";"198,48";"137,61";"137,61"
"1643090400";"25.01.2022 08:00";"198,48";"198,48";"148,9";"148,9"
"1643094000";"25.01.2022 09:00";"198,43";"198,43";"165,48";"165,48"
"1643097600";"25.01.2022 10:00";"198,43";"198,43";"152,76";"152,76"
"1643101200";"25.01.2022 11:00";"198,48";"198,48";"159,9";"159,9"
"1643104800";"25.01.2022 12:00";"179,96";"179,96";"173,45";"173,45"
"1643108400";"25.01.2022 13:00";"185,06";"185,06";"174,72";"174,72"
"1643112000";"25.01.2022 14:00";"185,03";"185,03";"172,45";"172,45"
"1643115600";"25.01.2022 15:00";"177,11";"177,11";"177,11";"177,11"
"1643119200";"25.01.2022 16:00";"185,04";"185,04";"185,04";"185,04"
"1643122800";"25.01.2022 17:00";"250,77";"250,77";"250,77";"250,77"
"1643126400";"25.01.2022 18:00";"259,95";"349,97";"259,95";"259,95"
"1643130000";"25.01.2022 19:00";"254,85";"300,43";"254,85";"254,85"
"1643133600";"25.01.2022 20:00";"198,44";"198,67";"198,44";"198,44"
"1643137200";"25.01.2022 21:00";"152,86";"152,86";"148,43";"148,43"
"1643140800";"25.01.2022 22:00";"198,41";"198,41";"144,98";"144,98"
"1643144400";"25.01.2022 23:00";"140,58";"140,58";"140,58";"140,58"
"1643148000";"26.01.2022 00:00";"134,13";"134,13";"134,13";"134,13"
"1643151600";"26.01.2022 01:00";"155,78";"155,78";"81,32";"155,78"
"1643155200";"26.01.2022 02:00";"113,43";"113,43";"73,4";"113,43"
"1643158800";"26.01.2022 03:00";"88,65";"88,65";"51,8";"88,65"
"1643162400";"26.01.2022 04:00";"113,43";"113,43";"25,99";"113,43"
"1643166000";"26.01.2022 05:00";"151,5";"151,5";"37,27";"151,5"
"1643169600";"26.01.2022 06:00";"215,09";"215,09";"95,91";"215,09"
"1643173200";"26.01.2022 07:00";"226,24";"226,24";"100,01";"226,24"
"1643176800";"26.01.2022 08:00";"226,28";"226,28";"128,8";"226,28"
"1643180400";"26.01.2022 09:00";"290,51";"312,32";"130,95";"290,51"
"1643184000";"26.01.2022 10:00";"226,3";"312,69";"129,29";"226,3"
"1643187600";"26.01.2022 11:00";"226,27";"226,27";"128,14";"226,27"
"1643191200";"26.01.2022 12:00";"226,21";"226,21";"127,41";"226,21"
"1643194800";"26.01.2022 13:00";"226,21";"226,21";"124,96";"226,21"
"1643198400";"26.01.2022 14:00";"147";"147";"115,82";"147"
"1643202000";"26.01.2022 15:00";"226,2";"226,2";"115,78";"115,78"
"1643205600";"26.01.2022 16:00";"225,06";"225,06";"119,96";"119,96"
"1643209200";"26.01.2022 17:00";"226,26";"226,26";"125,89";"125,89"
"1643212800";"26.01.2022 18:00";"226,23";"226,23";"134,31";"134,31"
"1643216400";"26.01.2022 19:00";"143,93";"143,93";"131,94";"131,94"
"1643220000";"26.01.2022 20:00";"141,43";"141,43";"125,8";"141,43"
"1643223600";"26.01.2022 21:00";"143,93";"143,93";"90,59";"143,93"
"1643227200";"26.01.2022 22:00";"171,34";"171,34";"74,88";"171,34"
"1643230800";"26.01.2022 23:00";"142,94";"142,94";"77,01";"142,94"
"1643234400";"27.01.2022 00:00";"101,94";"101,94";"73,99";"101,94"
"1643238000";"27.01.2022 01:00";"98,99";"98,99";"69,91";"98,99"
"1643241600";"27.01.2022 02:00";"104,79";"104,79";"57,6";"104,79"
"1643245200";"27.01.2022 03:00";"98,91";"98,91";"58,81";"98,91"
"1643248800";"27.01.2022 04:00";"100,94";"100,94";"70,03";"100,94"
"1643252400";"27.01.2022 05:00";"98,92";"98,92";"96,65";"98,92"
"1643256000";"27.01.2022 06:00";"103,79";"103,79";"103,79";"103,79"
"1643259600";"27.01.2022 07:00";"139,55";"139,55";"139,55";"139,55"
"1643263200";"27.01.2022 08:00";"215";"215";"215";"215"
"1643266800";"27.01.2022 09:00";"219,71";"219,71";"142,45";"219,71"
"1643270400";"27.01.2022 10:00";"228,93";"228,93";"156,2";"228,93"
"1643274000";"27.01.2022 11:00";"230";"230";"184,17";"230"
"1643277600";"27.01.2022 12:00";"225,09";"225,09";"225,09";"225,09"
"1643281200";"27.01.2022 13:00";"177,07";"177,07";"177,07";"177,07"
"1643284800";"27.01.2022 14:00";"148,9";"148,9";"148,9";"148,9"
"1643288400";"27.01.2022 15:00";"225,05";"225,05";"196,03";"225,05"
"1643292000";"27.01.2022 16:00";"148,99";"148,99";"148,99";"148,99"
"1643295600";"27.01.2022 17:00";"174,51";"174,51";"174,51";"174,51"
"1643299200";"27.01.2022 18:00";"200,02";"200,02";"200,02";"200,02"
"1643302800";"27.01.2022 19:00";"142,43";"142,43";"142,43";"142,43"
"1643306400";"27.01.2022 20:00";"184,02";"184,02";"180,73";"184,02"
"1643310000";"27.01.2022 21:00";"109,02";"109,02";"109,02";"109,02"
"1643313600";"27.01.2022 22:00";"98,47";"98,47";"98,47";"98,47"
"1643317200";"27.01.2022 23:00";"98,56";"98,56";"98,56";"98,56"
"1643320800";"28.01.2022 00:00";"89,39";"89,39";"89,39";"89,39"
"1643324400";"28.01.2022 01:00";"92,12";"92,12";"84,97";"92,12"
"1643328000";"28.01.2022 02:00";"81,93";"81,93";"67,84";"81,93"
"1643331600";"28.01.2022 03:00";"73,08";"73,08";"61,32";"73,08"
"1643335200";"28.01.2022 04:00";"73,97";"73,97";"71,05";"73,97"
"1643338800";"28.01.2022 05:00";"82,1";"82,1";"82,1";"82,1"
"1643342400";"28.01.2022 06:00";"100,91";"100,91";"100,91";"100,91"
"1643346000";"28.01.2022 07:00";"142,47";"142,47";"142,47";"142,47"
"1643349600";"28.01.2022 08:00";"142,46";"142,46";"142,46";"142,46"
"1643353200";"28.01.2022 09:00";"142,46";"142,46";"142,46";"142,46"
"1643356800";"28.01.2022 10:00";"142,57";"142,57";"142,57";"142,57"
"1643360400";"28.01.2022 11:00";"143,36";"143,36";"143,36";"143,36"
"1643364000";"28.01.2022 12:00";"143,79";"143,79";"143,79";"143,79"
"1643367600";"28.01.2022 13:00";"143,24";"143,24";"143,24";"143,24"
"1643371200";"28.01.2022 14:00";"142,48";"142,48";"142,48";"142,48"
"1643374800";"28.01.2022 15:00";"142,27";"142,27";"142,27";"142,27"
"1643378400";"28.01.2022 16:00";"143,14";"143,14";"143,14";"143,14"
"1643382000";"28.01.2022 17:00";"148,82";"148,82";"148,82";"148,82"
"1643385600";"28.01.2022 18:00";"150,17";"150,17";"150,17";"150,17"
"1643389200";"28.01.2022 19:00";"147,47";"147,47";"147,47";"147,47"
"1643392800";"28.01.2022 20:00";"142,07";"142,07";"142,07";"142,07"
"1643396400";"28.01.2022 21:00";"136,92";"136,92";"136,92";"136,92"
"1643400000";"28.01.2022 22:00";"177,8";"177,8";"136,36";"177,8"
"1643403600";"28.01.2022 23:00";"142,25";"142,25";"130,54";"142,25"
"1643407200";"29.01.2022 00:00";"123,36";"123,36";"79,9";"123,36"
"1643410800";"29.01.2022 01:00";"126,93";"126,93";"25,72";"126,93"
"1643414400";"29.01.2022 02:00";"115,01";"115,01";"15,99";"115,01"
"1643418000";"29.01.2022 03:00";"105,64";"105,64";"34,53";"105,64"
"1643421600";"29.01.2022 04:00";"110,09";"110,09";"16,96";"110,09"
"1643425200";"29.01.2022 05:00";"112,96";"112,96";"41,74";"112,96"
"1643428800";"29.01.2022 06:00";"114,7";"114,7";"42,58";"114,7"
"1643432400";"29.01.2022 07:00";"188,44";"188,44";"15,95";"188,44"
"1643436000";"29.01.2022 08:00";"220,1";"220,1";"23,94";"220,1"
"1643439600";"29.01.2022 09:00";"170,06";"170,06";"15,98";"170,06"
"1643443200";"29.01.2022 10:00";"220";"220";"15,96";"220"
"1643446800";"29.01.2022 11:00";"219,95";"219,95";"17,19";"219,95"
"1643450400";"29.01.2022 12:00";"170,05";"170,05";"17,62";"170,05"
"1643454000";"29.01.2022 13:00";"134,52";"134,52";"17,93";"134,52"
"1643457600";"29.01.2022 14:00";"131,35";"131,35";"17,51";"131,35"
"1643461200";"29.01.2022 15:00";"122,34";"122,34";"17,23";"122,34"
"1643464800";"29.01.2022 16:00";"142,3";"142,3";"23,9";"142,3"
"1643468400";"29.01.2022 17:00";"150";"150";"24,91";"150"
"1643472000";"29.01.2022 18:00";"134,7";"134,7";"40,08";"134,7"
"1643475600";"29.01.2022 19:00";"127";"127";"23,99";"127"
"1643479200";"29.01.2022 20:00";"130,22";"130,22";"16,37";"130,22"
"1643482800";"29.01.2022 21:00";"101,29";"101,29";"14,68";"101,29"
"1643486400";"29.01.2022 22:00";"94,97";"94,97";"17,95";"94,97"
"1643490000";"29.01.2022 23:00";"88,81";"88,81";"15,99";"88,81"
"1643493600";"30.01.2022 00:00";"65,06";"65,06";"15,9";"65,06"
"1643497200";"30.01.2022 01:00";"58,13";"58,13";"13,03";"58,13"
"1643500800";"30.01.2022 02:00";"44,78";"44,78";"4,6";"44,78"
"1643504400";"30.01.2022 03:00";"34,93";"34,93";"10,03";"34,93"
"1643508000";"30.01.2022 04:00";"31,96";"31,96";"10,01";"31,96"
"1643511600";"30.01.2022 05:00";"34,71";"34,71";"10,15";"34,71"
"1643515200";"30.01.2022 06:00";"42,99";"42,99";"11,1";"42,99"
"1643518800";"30.01.2022 07:00";"53,3";"53,3";"4,01";"53,3"
"1643522400";"30.01.2022 08:00";"58,86";"58,86";"9,95";"58,86"
"1643526000";"30.01.2022 09:00";"72,87";"72,87";"11,09";"72,87"
"1643529600";"30.01.2022 10:00";"88,91";"88,91";"24,33";"88,91"
"1643533200";"30.01.2022 11:00";"92,83";"92,83";"34,11";"92,83"
"1643536800";"30.01.2022 12:00";"92,05";"92,05";"32,18";"92,05"
"1643540400";"30.01.2022 13:00";"89,44";"89,44";"33,56";"89,44"
"1643544000";"30.01.2022 14:00";"88,45";"88,45";"30";"88,45"
"1643547600";"30.01.2022 15:00";"90,06";"90,06";"31,96";"90,06"
"1643551200";"30.01.2022 16:00";"91,76";"91,76";"48,34";"91,76"
"1643554800";"30.01.2022 17:00";"99,09";"99,09";"44,42";"99,09"
"1643558400";"30.01.2022 18:00";"95,27";"95,27";"82,82";"95,27"
"1643562000";"30.01.2022 19:00";"97,77";"97,77";"94,95";"97,77"
"1643565600";"30.01.2022 20:00";"97,81";"97,81";"85,6";"97,81"
"1643569200";"30.01.2022 21:00";"92,94";"92,94";"60,08";"92,94"
"1643572800";"30.01.2022 22:00";"98,62";"98,62";"80,69";"98,62"
"1643576400";"30.01.2022 23:00";"90,7";"90,7";"81,45";"90,7"
"1643580000";"31.01.2022 00:00";"79,26";"79,26";"55,35";"79,26"
"1643583600";"31.01.2022 01:00";"50,39";"50,39";"50,39";"50,39"
"1643587200";"31.01.2022 02:00";"48,33";"48,33";"48,33";"48,33"
"1643590800";"31.01.2022 03:00";"55,89";"55,89";"55,89";"55,89"
"1643594400";"31.01.2022 04:00";"60,09";"60,09";"60,09";"60,09"
"1643598000";"31.01.2022 05:00";"97,73";"97,73";"97,73";"97,73"
"1643601600";"31.01.2022 06:00";"132,85";"132,85";"132,85";"132,85"
"1643605200";"31.01.2022 07:00";"182,03";"182,03";"143,29";"182,03"
"1643608800";"31.01.2022 08:00";"234,24";"234,24";"234,24";"234,24"
"1643612400";"31.01.2022 09:00";"242,95";"242,95";"242,95";"242,95"
"1643616000";"31.01.2022 10:00";"245,87";"245,87";"245,87";"245,87"
"1643619600";"31.01.2022 11:00";"242,13";"242,13";"242,13";"242,13"
"1643623200";"31.01.2022 12:00";"237,58";"237,58";"237,58";"237,58"
"1643626800";"31.01.2022 13:00";"230";"230";"230";"230"
"1643630400";"31.01.2022 14:00";"216,2";"216,2";"202,68";"216,2"
"1643634000";"31.01.2022 15:00";"197,54";"197,54";"195,61";"197,54"
"1643637600";"31.01.2022 16:00";"190,95";"190,95";"190,95";"190,95"
"1643641200";"31.01.2022 17:00";"225,05";"225,05";"193,24";"225,05"
"1643644800";"31.01.2022 18:00";"240,67";"240,67";"240,67";"240,67"
"1643648400";"31.01.2022 19:00";"247,84";"247,84";"247,84";"247,84"
"1643652000";"31.01.2022 20:00";"218,65";"218,65";"218,65";"218,65"
"1643655600";"31.01.2022 21:00";"174,98";"174,98";"174,98";"174,98"
"1643659200";"31.01.2022 22:00";"210,56";"210,56";"169,12";"169,12"
"1643662800";"31.01.2022 23:00";"151,25";"151,25";"151,25";"151,25"
"1643666400";"01.02.2022 00:00";"142,18";"142,18";"142,18";"142,18"
"1643670000";"01.02.2022 01:00";"160,15";"160,15";"140,75";"140,75"
"1643673600";"01.02.2022 02:00";"150,12";"150,12";"138,99";"138,99"
"1643677200";"01.02.2022 03:00";"141,42";"141,42";"135,51";"135,51"
"1643680800";"01.02.2022 04:00";"139,24";"139,24";"130,83";"130,83"
"1643684400";"01.02.2022 05:00";"141,23";"141,23";"137,54";"137,54"
"1643688000";"01.02.2022 06:00";"152,25";"152,25";"143,44";"143,44"
"1643691600";"01.02.2022 07:00";"185";"185";"147,41";"185"
"1643695200";"01.02.2022 08:00";"233,43";"233,43";"233,43";"233,43"
"1643698800";"01.02.2022 09:00";"243,72";"243,72";"243,72";"243,72"
"1643702400";"01.02.2022 10:00";"230";"230";"207,89";"230"
"1643706000";"01.02.2022 11:00";"204,91";"204,91";"204,91";"204,91"
"1643709600";"01.02.2022 12:00";"201,97";"201,97";"168,66";"201,97"
"1643713200";"01.02.2022 13:00";"201,83";"201,83";"142,52";"201,83"
"1643716800";"01.02.2022 14:00";"220,03";"220,03";"138,7";"220,03"
"1643720400";"01.02.2022 15:00";"210,03";"210,03";"134,12";"210,03"
"1643724000";"01.02.2022 16:00";"220,1";"220,1";"131,43";"220,1"
"1643727600";"01.02.2022 17:00";"234,93";"234,93";"135,75";"234,93"
"1643731200";"01.02.2022 18:00";"246,91";"246,91";"131,45";"246,91"
"1643734800";"01.02.2022 19:00";"246,98";"246,98";"133,15";"246,98"
"1643738400";"01.02.2022 20:00";"225,07";"225,07";"142,13";"225,07"
"1643742000";"01.02.2022 21:00";"146,93";"146,93";"123,72";"146,93"
"1643745600";"01.02.2022 22:00";"119,96";"119,96";"119,96";"119,96"
"1643749200";"01.02.2022 23:00";"118,88";"118,88";"118,88";"118,88"
"1643752800";"02.02.2022 00:00";"102,26";"102,26";"102,26";"102,26"
"1643756400";"02.02.2022 01:00";"109,6";"109,6";"99,99";"109,6"
"1643760000";"02.02.2022 02:00";"109,6";"109,6";"82,76";"109,6"
"1643763600";"02.02.2022 03:00";"109,05";"109,05";"75,17";"109,05"
"1643767200";"02.02.2022 04:00";"109,58";"109,58";"91,93";"109,58"
"1643770800";"02.02.2022 05:00";"110,53";"110,53";"110,53";"110,53"
"1643774400";"02.02.2022 06:00";"128,79";"128,79";"128,79";"128,79"
"1643778000";"02.02.2022 07:00";"132,88";"132,88";"132,88";"132,88"
"1643781600";"02.02.2022 08:00";"143,34";"143,34";"143,34";"143,34"
"1643785200";"02.02.2022 09:00";"155,06";"155,06";"155,06";"155,06"
"1643788800";"02.02.2022 10:00";"215,87";"215,87";"215,87";"215,87"
"1643792400";"02.02.2022 11:00";"220,08";"220,08";"220,08";"220,08"
"1643796000";"02.02.2022 12:00";"176,02";"176,02";"176,02";"176,02"
"1643799600";"02.02.2022 13:00";"174,04";"174,04";"174,04";"174,04"
"1643803200";"02.02.2022 14:00";"159,37";"159,37";"159,37";"159,37"
"1643806800";"02.02.2022 15:00";"154,25";"154,25";"151,4";"154,25"
"1643810400";"02.02.2022 16:00";"188,46";"188,46";"188,46";"188,46"
"1643814000";"02.02.2022 17:00";"196,69";"196,69";"196,69";"196,69"
"1643817600";"02.02.2022 18:00";"238,01";"238,01";"238,01";"238,01"
"1643821200";"02.02.2022 19:00";"266,9";"266,9";"266,9";"266,9"
"1643824800";"02.02.2022 20:00";"258,64";"258,64";"258,64";"258,64"
"1643828400";"02.02.2022 21:00";"231,31";"231,31";"231,31";"231,31"
"1643832000";"02.02.2022 22:00";"187,4";"187,4";"187,4";"187,4"
"1643835600";"02.02.2022 23:00";"154,96";"154,96";"154,96";"154,96"
"1643839200";"03.02.2022 00:00";"142,57";"142,57";"142,57";"142,57"
"1643842800";"03.02.2022 01:00";"137,02";"137,02";"137,02";"137,02"
"1643846400";"03.02.2022 02:00";"136,06";"136,06";"135,89";"136,06"
"1643850000";"03.02.2022 03:00";"134,78";"134,78";"134,78";"134,78"
"1643853600";"03.02.2022 04:00";"134,87";"134,87";"134,87";"134,87"
"1643857200";"03.02.2022 05:00";"136,98";"136,98";"136,98";"136,98"
"1643860800";"03.02.2022 06:00";"141,51";"141,51";"141,51";"141,51"
"1643864400";"03.02.2022 07:00";"192,17";"192,17";"192,17";"192,17"
"1643868000";"03.02.2022 08:00";"212,62";"212,62";"212,62";"212,62"
"1643871600";"03.02.2022 09:00";"226,97";"226,97";"226,97";"226,97"
"1643875200";"03.02.2022 10:00";"223,33";"223,33";"223,33";"223,33"
"1643878800";"03.02.2022 11:00";"213,26";"213,26";"213,26";"213,26"
"1643882400";"03.02.2022 12:00";"209";"209";"209";"209"
"1643886000";"03.02.2022 13:00";"195,95";"195,95";"195,95";"195,95"
"1643889600";"03.02.2022 14:00";"192,68";"192,68";"192,68";"192,68"
"1643893200";"03.02.2022 15:00";"194,9";"194,9";"194,9";"194,9"
"1643896800";"03.02.2022 16:00";"204,64";"204,64";"204,64";"204,64"
"1643900400";"03.02.2022 17:00";"207,61";"207,61";"207,61";"207,61"
"1643904000";"03.02.2022 18:00";"224,15";"224,15";"224,15";"224,15"
"1643907600";"03.02.2022 19:00";"236,41";"236,41";"236,41";"236,41"
"1643911200";"03.02.2022 20:00";"164,95";"164,95";"164,95";"164,95"
"1643914800";"03.02.2022 21:00";"138,38";"138,38";"138,38";"138,38"
"1643918400";"03.02.2022 22:00";"135,46";"135,46";"135,46";"135,46"
"1643922000";"03.02.2022 23:00";"132,92";"132,92";"132,92";"132,92"
"1643925600";"04.02.2022 00:00";"119,92";"119,92";"119,92";"119,92"
"1643929200";"04.02.2022 01:00";"138,71";"138,71";"94,07";"138,71"
"1643932800";"04.02.2022 02:00";"96,3";"96,3";"75,87";"96,3"
"1643936400";"04.02.2022 03:00";"96,21";"96,21";"79,35";"96,21"
"1643940000";"04.02.2022 04:00";"96,22";"96,22";"72,94";"96,22"
"1643943600";"04.02.2022 05:00";"80,07";"80,07";"80,07";"80,07"
"1643947200";"04.02.2022 06:00";"124,91";"124,91";"124,91";"124,91"
"1643950800";"04.02.2022 07:00";"165,16";"165,16";"154,96";"165,16"
"1643954400";"04.02.2022 08:00";"145,89";"145,89";"128,56";"145,89"
"1643958000";"04.02.2022 09:00";"179,21";"179,21";"129,69";"179,21"
"1643961600";"04.02.2022 10:00";"196,68";"196,68";"115,46";"196,68"
"1643965200";"04.02.2022 11:00";"196,62";"196,62";"77,47";"196,62"
"1643968800";"04.02.2022 12:00";"194,4";"194,4";"52,84";"194,4"
"1643972400";"04.02.2022 13:00";"193,45";"193,45";"46,23";"193,45"
"1643976000";"04.02.2022 14:00";"178,04";"178,04";"36,79";"178,04"
"1643979600";"04.02.2022 15:00";"176,04";"176,04";"36,34";"176,04"
"1643983200";"04.02.2022 16:00";"148,44";"148,44";"36,04";"148,44"
"1643986800";"04.02.2022 17:00";"149,79";"149,79";"82,49";"149,79"
"1643990400";"04.02.2022 18:00";"144,39";"144,39";"125,36";"144,39"
"1643994000";"04.02.2022 19:00";"140,43";"140,43";"125";"140,43"
"1643997600";"04.02.2022 20:00";"50,11";"50,11";"50,11";"50,11"
"1644001200";"04.02.2022 21:00";"21,97";"21,97";"21,97";"21,97"
"1644004800";"04.02.2022 22:00";"20,1";"20,1";"20,1";"20,1"
"1644008400";"04.02.2022 23:00";"75,04";"75,04";"48,63";"75,04"
"1644012000";"05.02.2022 00:00";"75,04";"75,04";"15,91";"75,04"
"1644015600";"05.02.2022 01:00";"16";"16";"16";"16"
"1644019200";"05.02.2022 02:00";"15,91";"15,91";"15,91";"15,91"
"1644022800";"05.02.2022 03:00";"15,26";"15,26";"15,26";"15,26"
"1644026400";"05.02.2022 04:00";"16,9";"16,9";"16,9";"16,9"
"1644030000";"05.02.2022 05:00";"21,28";"21,28";"21,28";"21,28"
"1644033600";"05.02.2022 06:00";"83,74";"83,74";"33,99";"83,74"
"1644037200";"05.02.2022 07:00";"75,04";"75,04";"42,68";"75,04"
"1644040800";"05.02.2022 08:00";"93,42";"93,42";"45,22";"93,42"
"1644044400";"05.02.2022 09:00";"97,53";"97,53";"64,3";"97,53"
"1644048000";"05.02.2022 10:00";"103,27";"103,27";"86,09";"103,27"
"1644051600";"05.02.2022 11:00";"107,67";"107,67";"107,67";"107,67"
"1644055200";"05.02.2022 12:00";"106,26";"106,26";"83,14";"106,26"
"1644058800";"05.02.2022 13:00";"59,36";"59,36";"59,36";"59,36"
"1644062400";"05.02.2022 14:00";"84,16";"84,16";"84,16";"84,16"
"1644066000";"05.02.2022 15:00";"45,07";"45,07";"45,07";"45,07"
"1644069600";"05.02.2022 16:00";"40,8";"40,8";"40,8";"40,8"
"1644073200";"05.02.2022 17:00";"99,81";"99,81";"83,75";"99,81"
"1644076800";"05.02.2022 18:00";"124,28";"124,28";"124,28";"124,28"
"1644080400";"05.02.2022 19:00";"99,85";"99,85";"99,85";"99,85"
"1644084000";"05.02.2022 20:00";"70,04";"70,04";"48,69";"70,04"
"1644087600";"05.02.2022 21:00";"99,83";"99,83";"32,89";"99,83"
"1644091200";"05.02.2022 22:00";"97,71";"97,71";"89,51";"97,71"
"1644094800";"05.02.2022 23:00";"97,06";"97,06";"93,55";"97,06"
"1644098400";"06.02.2022 00:00";"65,08";"65,08";"65,08";"65,08"
"1644102000";"06.02.2022 01:00";"69,74";"69,74";"23,08";"69,74"
"1644105600";"06.02.2022 02:00";"56,96";"56,96";"27,97";"56,96"
"1644109200";"06.02.2022 03:00";"43,82";"43,82";"20,64";"43,82"
"1644112800";"06.02.2022 04:00";"40,71";"40,71";"20,03";"40,71"
"1644116400";"06.02.2022 05:00";"39,02";"39,02";"20,05";"39,02"
"1644120000";"06.02.2022 06:00";"42,71";"42,71";"24,98";"42,71"
"1644123600";"06.02.2022 07:00";"56,42";"56,42";"14,95";"56,42"
"1644127200";"06.02.2022 08:00";"70";"70";"18,94";"70"
"1644130800";"06.02.2022 09:00";"86,31";"86,31";"11,86";"86,31"
"1644134400";"06.02.2022 10:00";"102,53";"102,53";"12,36";"102,53"
"1644138000";"06.02.2022 11:00";"111,67";"111,67";"13,75";"111,67"
"1644141600";"06.02.2022 12:00";"118,75";"118,75";"20,19";"118,75"
"1644145200";"06.02.2022 13:00";"121,67";"121,67";"23,79";"121,67"
"1644148800";"06.02.2022 14:00";"120";"120";"24,23";"120"
"1644152400";"06.02.2022 15:00";"119,12";"119,12";"24,25";"119,12"
"1644156000";"06.02.2022 16:00";"119,6";"119,6";"34,17";"119,6"
"1644159600";"06.02.2022 17:00";"125";"125";"76,54";"125"
"1644163200";"06.02.2022 18:00";"134,51";"134,51";"75,1";"134,51"
"1644166800";"06.02.2022 19:00";"122";"122";"119,92";"122"
"1644170400";"06.02.2022 20:00";"121";"121";"81,71";"121"
"1644174000";"06.02.2022 21:00";"118,48";"118,48";"88,75";"118,48"
"1644177600";"06.02.2022 22:00";"108,27";"108,27";"88,19";"108,27"
"1644181200";"06.02.2022 23:00";"112,47";"112,47";"74,61";"112,47"
"1644184800";"07.02.2022 00:00";"94,96";"94,96";"36,84";"94,96"
"1644188400";"07.02.2022 01:00";"20,04";"20,04";"20,04";"20,04"
"1644192000";"07.02.2022 02:00";"15,91";"15,91";"15,91";"15,91"
"1644195600";"07.02.2022 03:00";"14,27";"14,27";"14,27";"14,27"
"1644199200";"07.02.2022 04:00";"13,83";"13,83";"13,83";"13,83"
"1644202800";"07.02.2022 05:00";"24";"24";"24";"24"
"1644206400";"07.02.2022 06:00";"76,54";"76,54";"76,54";"76,54"
"1644210000";"07.02.2022 07:00";"122,83";"122,83";"119,99";"122,83"
"1644213600";"07.02.2022 08:00";"135,07";"135,07";"128,07";"135,07"
"1644217200";"07.02.2022 09:00";"155";"155";"130,17";"155"
"1644220800";"07.02.2022 10:00";"127,76";"127,76";"127,76";"127,76"
"1644224400";"07.02.2022 11:00";"155,03";"155,03";"155,03";"155,03"
"1644228000";"07.02.2022 12:00";"152,5";"152,5";"152,5";"152,5"
"1644231600";"07.02.2022 13:00";"168,02";"168,02";"152,2";"168,02"
"1644235200";"07.02.2022 14:00";"170,02";"170,02";"135,08";"170,02"
"1644238800";"07.02.2022 15:00";"125";"125";"125";"125"
"1644242400";"07.02.2022 16:00";"126,02";"126,02";"126,02";"126,02"
"1644246000";"07.02.2022 17:00";"127,18";"127,18";"127,18";"127,18"
"1644249600";"07.02.2022 18:00";"133,35";"133,35";"133,35";"133,35"
"1644253200";"07.02.2022 19:00";"135,15";"135,15";"135,15";"135,15"
"1644256800";"07.02.2022 20:00";"134,31";"134,31";"134,31";"134,31"
"1644260400";"07.02.2022 21:00";"132,09";"132,09";"132,09";"132,09"
"1644264000";"07.02.2022 22:00";"126,53";"126,53";"126,53";"126,53"
"1644267600";"07.02.2022 23:00";"120,21";"120,21";"120,21";"120,21"
"1644271200";"08.02.2022 00:00";"100,28";"100,28";"100,28";"100,28"
"1644274800";"08.02.2022 01:00";"100,04";"100,04";"88,92";"100,04"
"1644278400";"08.02.2022 02:00";"100,02";"100,02";"71,17";"100,02"
"1644282000";"08.02.2022 03:00";"99,66";"99,66";"75,08";"99,66"
"1644285600";"08.02.2022 04:00";"100,01";"100,01";"84,25";"100,01"
"1644289200";"08.02.2022 05:00";"100,09";"100,09";"94,66";"100,09"
"1644292800";"08.02.2022 06:00";"124,99";"124,99";"124,99";"124,99"
"1644296400";"08.02.2022 07:00";"144,98";"144,98";"141,45";"144,98"
"1644300000";"08.02.2022 08:00";"198";"198";"124,98";"198"
"1644303600";"08.02.2022 09:00";"185,98";"185,98";"124,56";"185,98"
"1644307200";"08.02.2022 10:00";"160,76";"160,76";"117,4";"160,76"
"1644310800";"08.02.2022 11:00";"128,98";"128,98";"117,15";"128,98"
"1644314400";"08.02.2022 12:00";"133,1";"133,1";"119,94";"133,1"
"1644318000";"08.02.2022 13:00";"138,47";"138,47";"116,44";"138,47"
"1644321600";"08.02.2022 14:00";"138,46";"138,46";"110,67";"138,46"
"1644325200";"08.02.2022 15:00";"128,98";"128,98";"109,9";"128,98"
"1644328800";"08.02.2022 16:00";"131,36";"131,36";"114,08";"131,36"
"1644332400";"08.02.2022 17:00";"128,29";"128,29";"112,6";"128,29"
"1644336000";"08.02.2022 18:00";"138,45";"138,45";"115,37";"138,45"
"1644339600";"08.02.2022 19:00";"133,1";"133,1";"109,27";"133,1"
"1644343200";"08.02.2022 20:00";"128,98";"128,98";"65,08";"128,98"
"1644346800";"08.02.2022 21:00";"127,87";"127,87";"31,98";"127,87"
"1644350400";"08.02.2022 22:00";"114,1";"114,1";"39,82";"114,1"
"1644354000";"08.02.2022 23:00";"75,1";"75,1";"58,13";"75,1"
"1644357600";"09.02.2022 00:00";"80,04";"80,04";"32,58";"80,04"
"1644361200";"09.02.2022 01:00";"102,95";"102,95";"25,01";"102,95"
"1644364800";"09.02.2022 02:00";"50,05";"50,05";"35,23";"50,05"
"1644368400";"09.02.2022 03:00";"32,23";"32,23";"32,23";"32,23"
"1644372000";"09.02.2022 04:00";"101,66";"101,66";"36,64";"101,66"
"1644375600";"09.02.2022 05:00";"105,79";"105,79";"39,62";"105,79"
"1644379200";"09.02.2022 06:00";"119,34";"119,34";"119,34";"119,34"
"1644382800";"09.02.2022 07:00";"144,14";"144,14";"114,91";"144,14"
"1644386400";"09.02.2022 08:00";"143,04";"143,04";"124,9";"143,04"
"1644390000";"09.02.2022 09:00";"150,59";"150,59";"127,11";"150,59"
"1644393600";"09.02.2022 10:00";"148,04";"148,04";"119,76";"148,04"
"1644397200";"09.02.2022 11:00";"144,8";"144,8";"118,94";"144,8"
"1644400800";"09.02.2022 12:00";"144,69";"144,69";"90,07";"144,69"
"1644404400";"09.02.2022 13:00";"141,41";"141,41";"73,58";"141,41"
"1644408000";"09.02.2022 14:00";"140,37";"140,37";"65";"140,37"
"1644411600";"09.02.2022 15:00";"169,55";"169,55";"84,51";"169,55"
"1644415200";"09.02.2022 16:00";"134,99";"134,99";"84,15";"134,99"
"1644418800";"09.02.2022 17:00";"134,92";"134,92";"115,38";"134,92"
"1644422400";"09.02.2022 18:00";"151,94";"151,94";"125,2";"151,94"
"1644426000";"09.02.2022 19:00";"143,04";"143,04";"126,16";"143,04"
"1644429600";"09.02.2022 20:00";"138,67";"138,67";"66,48";"138,67"
"1644433200";"09.02.2022 21:00";"102,98";"102,98";"41,34";"102,98"
"1644436800";"09.02.2022 22:00";"92,1";"92,1";"58,29";"92,1"
"1644440400";"09.02.2022 23:00";"65,07";"65,07";"52,6";"65,07"
"1644444000";"10.02.2022 00:00";"65,06";"65,06";"17";"65,06"
"1644447600";"10.02.2022 01:00";"11,76";"11,76";"11,76";"11,76"
"1644451200";"10.02.2022 02:00";"11,56";"11,56";"11,56";"11,56"
"1644454800";"10.02.2022 03:00";"11,49";"11,49";"11,49";"11,49"
"1644458400";"10.02.2022 04:00";"11,39";"11,39";"11,39";"11,39"
"1644462000";"10.02.2022 05:00";"70,04";"70,04";"11,6";"70,04"
"1644465600";"10.02.2022 06:00";"102,95";"102,95";"12,16";"102,95"
"1644469200";"10.02.2022 07:00";"147,31";"147,31";"29,18";"147,31"
"1644472800";"10.02.2022 08:00";"138,25";"138,25";"91,33";"138,25"
"1644476400";"10.02.2022 09:00";"152,29";"152,29";"104,36";"152,29"
"1644480000";"10.02.2022 10:00";"148,99";"148,99";"92,31";"148,99"
"1644483600";"10.02.2022 11:00";"139,55";"139,55";"90,07";"139,55"
"1644487200";"10.02.2022 12:00";"130,07";"130,07";"44,25";"130,07"
"1644490800";"10.02.2022 13:00";"130,09";"130,09";"38,89";"130,09"
"1644494400";"10.02.2022 14:00";"130,08";"130,08";"32,27";"130,08"
"1644498000";"10.02.2022 15:00";"144,57";"144,57";"43,13";"144,57"
"1644501600";"10.02.2022 16:00";"144,58";"144,58";"55,05";"144,58"
"1644505200";"10.02.2022 17:00";"137,92";"137,92";"73,5";"137,92"
"1644508800";"10.02.2022 18:00";"145,95";"145,95";"111,19";"145,95"
"1644512400";"10.02.2022 19:00";"148,69";"148,69";"129";"148,69"
"1644516000";"10.02.2022 20:00";"142,18";"142,18";"102,24";"142,18"
"1644519600";"10.02.2022 21:00";"130,08";"130,08";"51,99";"130,08"
"1644523200";"10.02.2022 22:00";"131,53";"131,53";"53,75";"131,53"
"1644526800";"10.02.2022 23:00";"148,19";"148,19";"64,08";"148,19"
"1644530400";"11.02.2022 00:00";"101,68";"101,68";"32,15";"101,68"
"1644534000";"11.02.2022 01:00";"90,06";"90,06";"25,43";"90,06"
"1644537600";"11.02.2022 02:00";"90,04";"90,04";"31,62";"90,04"
"1644541200";"11.02.2022 03:00";"90,03";"90,03";"43,02";"90,03"
"1644544800";"11.02.2022 04:00";"90,04";"90,04";"51,96";"90,04"
"1644548400";"11.02.2022 05:00";"90,1";"90,1";"60,07";"90,1"
"1644552000";"11.02.2022 06:00";"110";"110";"110";"110"
"1644555600";"11.02.2022 07:00";"140,03";"140,03";"126,27";"140,03"
"1644559200";"11.02.2022 08:00";"143,55";"143,55";"133,44";"143,55"
"1644562800";"11.02.2022 09:00";"191,32";"191,32";"149,93";"191,32"
"1644566400";"11.02.2022 10:00";"179,53";"179,53";"153,22";"179,53"
"1644570000";"11.02.2022 11:00";"151,36";"151,36";"133,33";"151,36"
"1644573600";"11.02.2022 12:00";"140,09";"140,09";"126,12";"140,09"
"1644577200";"11.02.2022 13:00";"140,03";"140,03";"124,37";"140,03"
"1644580800";"11.02.2022 14:00";"140,02";"140,02";"124,59";"140,02"
"1644584400";"11.02.2022 15:00";"139,23";"139,23";"125,35";"139,23"
"1644588000";"11.02.2022 16:00";"138,22";"138,22";"125,28";"138,22"
"1644591600";"11.02.2022 17:00";"131,66";"131,66";"127,4";"131,66"
"1644595200";"11.02.2022 18:00";"131,66";"131,66";"129,42";"131,66"
"1644598800";"11.02.2022 19:00";"137,42";"137,42";"128,67";"137,42"
"1644602400";"11.02.2022 20:00";"138,57";"138,57";"125,94";"138,57"
"1644606000";"11.02.2022 21:00";"127,06";"127,06";"101,65";"127,06"
"1644609600";"11.02.2022 22:00";"96,34";"96,34";"82,67";"96,34"
"1644613200";"11.02.2022 23:00";"73,46";"73,46";"73,46";"73,46"
"1644616800";"12.02.2022 00:00";"50,08";"50,08";"37,77";"50,08"
"1644620400";"12.02.2022 01:00";"24,99";"24,99";"24,99";"24,99"
"1644624000";"12.02.2022 02:00";"34,58";"34,58";"24,43";"34,58"
"1644627600";"12.02.2022 03:00";"60,02";"60,02";"15,94";"60,02"
"1644631200";"12.02.2022 04:00";"75,07";"75,07";"11,24";"75,07"
"1644634800";"12.02.2022 05:00";"75,1";"75,1";"14,21";"75,1"
"1644638400";"12.02.2022 06:00";"119,29";"119,29";"22,95";"119,29"
"1644642000";"12.02.2022 07:00";"123,59";"123,59";"17,18";"123,59"
"1644645600";"12.02.2022 08:00";"20,09";"20,09";"20,09";"20,09"
"1644649200";"12.02.2022 09:00";"119,23";"119,23";"36,96";"119,23"
"1644652800";"12.02.2022 10:00";"121,8";"121,8";"41,64";"121,8"
"1644656400";"12.02.2022 11:00";"120,7";"120,7";"36,59";"120,7"
"1644660000";"12.02.2022 12:00";"119,25";"119,25";"36,23";"119,25"
"1644663600";"12.02.2022 13:00";"35,32";"35,32";"35,32";"35,32"
"1644667200";"12.02.2022 14:00";"27,58";"27,58";"27,58";"27,58"
"1644670800";"12.02.2022 15:00";"29,18";"29,18";"29,18";"29,18"
"1644674400";"12.02.2022 16:00";"30,03";"30,03";"30,03";"30,03"
"1644678000";"12.02.2022 17:00";"171,56";"171,56";"55,78";"171,56"
"1644681600";"12.02.2022 18:00";"194,89";"194,89";"115,95";"194,89"
"1644685200";"12.02.2022 19:00";"188,15";"188,15";"115,46";"188,15"
"1644688800";"12.02.2022 20:00";"148,81";"148,81";"75,09";"148,81"
"1644692400";"12.02.2022 21:00";"119,26";"119,26";"45,09";"119,26"
"1644696000";"12.02.2022 22:00";"104,74";"104,74";"75,06";"104,74"
"1644699600";"12.02.2022 23:00";"65,01";"65,01";"65,01";"65,01"
"1644703200";"13.02.2022 00:00";"18,36";"18,36";"18,36";"18,36"
"1644706800";"13.02.2022 01:00";"15,97";"15,97";"15,97";"15,97"
"1644710400";"13.02.2022 02:00";"13,56";"13,56";"13,56";"13,56"
"1644714000";"13.02.2022 03:00";"11,46";"11,46";"11,46";"11,46"
"1644717600";"13.02.2022 04:00";"11,12";"11,12";"11,12";"11,12"
"1644721200";"13.02.2022 05:00";"10,96";"10,96";"10,96";"10,96"
"1644724800";"13.02.2022 06:00";"11,03";"11,03";"11,03";"11,03"
"1644728400";"13.02.2022 07:00";"23,42";"23,42";"10,81";"23,42"
"1644732000";"13.02.2022 08:00";"10,24";"10,24";"10,24";"10,24"
"1644735600";"13.02.2022 09:00";"11,11";"11,11";"11,11";"11,11"
"1644739200";"13.02.2022 10:00";"11,78";"11,78";"11,78";"11,78"
"1644742800";"13.02.2022 11:00";"12,83";"12,83";"12,83";"12,83"
"1644746400";"13.02.2022 12:00";"18,63";"18,63";"18,63";"18,63"
"1644750000";"13.02.2022 13:00";"17,94";"17,94";"17,94";"17,94"
"1644753600";"13.02.2022 14:00";"15,97";"15,97";"15,97";"15,97"
"1644757200";"13.02.2022 15:00";"12,48";"12,48";"12,48";"12,48"
"1644760800";"13.02.2022 16:00";"15,05";"15,05";"15,05";"15,05"
"1644764400";"13.02.2022 17:00";"58,75";"58,75";"24,98";"58,75"
"1644768000";"13.02.2022 18:00";"99,78";"99,78";"50,02";"99,78"
"1644771600";"13.02.2022 19:00";"70,09";"70,09";"58,04";"70,09"
"1644775200";"13.02.2022 20:00";"70,04";"70,04";"23,94";"70,04"
"1644778800";"13.02.2022 21:00";"12,8";"12,8";"12,8";"12,8"
"1644782400";"13.02.2022 22:00";"13,12";"13,12";"13,12";"13,12"
"1644786000";"13.02.2022 23:00";"17,24";"17,24";"13,25";"17,24"
"1644789600";"14.02.2022 00:00";"16,21";"16,21";"12,64";"16,21"
"1644793200";"14.02.2022 01:00";"13,07";"13,07";"13,07";"13,07"
"1644796800";"14.02.2022 02:00";"13,01";"13,01";"13,01";"13,01"
"1644800400";"14.02.2022 03:00";"12,94";"12,94";"12,94";"12,94"
"1644804000";"14.02.2022 04:00";"13,45";"13,45";"13,45";"13,45"
"1644807600";"14.02.2022 05:00";"14,68";"14,68";"14,68";"14,68"
"1644811200";"14.02.2022 06:00";"15,34";"15,34";"15,34";"15,34"
"1644814800";"14.02.2022 07:00";"58,21";"58,21";"58,21";"58,21"
"1644818400";"14.02.2022 08:00";"109,29";"109,29";"109,29";"109,29"
"1644822000";"14.02.2022 09:00";"108,35";"108,35";"108,35";"108,35"
"1644825600";"14.02.2022 10:00";"98,58";"98,58";"98,58";"98,58"
"1644829200";"14.02.2022 11:00";"94,91";"94,91";"94,91";"94,91"
"1644832800";"14.02.2022 12:00";"95,89";"95,89";"95,89";"95,89"
"1644836400";"14.02.2022 13:00";"98,52";"98,52";"98,52";"98,52"
"1644840000";"14.02.2022 14:00";"104,18";"104,18";"104,18";"104,18"
"1644843600";"14.02.2022 15:00";"104,44";"104,44";"104,44";"104,44"
"1644847200";"14.02.2022 16:00";"108,66";"108,66";"108,66";"108,66"
"1644850800";"14.02.2022 17:00";"107,83";"107,83";"107,83";"107,83"
"1644854400";"14.02.2022 18:00";"117,38";"117,38";"117,38";"117,38"
"1644858000";"14.02.2022 19:00";"116,78";"116,78";"116,78";"116,78"
"1644861600";"14.02.2022 20:00";"100,02";"100,02";"100,02";"100,02"
"1644865200";"14.02.2022 21:00";"37,87";"37,87";"37,87";"37,87"
"1644868800";"14.02.2022 22:00";"27,24";"27,24";"27,24";"27,24"
"1644872400";"14.02.2022 23:00";"60,05";"60,05";"56,42";"60,05"
"1644876000";"15.02.2022 00:00";"30,04";"30,04";"30,04";"30,04"
"1644879600";"15.02.2022 01:00";"55,04";"55,04";"36,86";"55,04"
"1644883200";"15.02.2022 02:00";"55,03";"55,03";"55,03";"55,03"
"1644886800";"15.02.2022 03:00";"47,7";"47,7";"47,7";"47,7"
"1644890400";"15.02.2022 04:00";"55,02";"55,02";"48,53";"55,02"
"1644894000";"15.02.2022 05:00";"55,06";"55,06";"54,91";"55,06"
"1644897600";"15.02.2022 06:00";"97,76";"97,76";"92,42";"97,76"
"1644901200";"15.02.2022 07:00";"120,05";"120,05";"109,99";"120,05"
"1644904800";"15.02.2022 08:00";"120,5";"120,5";"117,45";"120,5"
"1644908400";"15.02.2022 09:00";"121,31";"121,31";"118,92";"121,31"
"1644912000";"15.02.2022 10:00";"123,75";"123,75";"118,5";"123,75"
"1644915600";"15.02.2022 11:00";"121,31";"121,31";"114,11";"121,31"
"1644919200";"15.02.2022 12:00";"105,07";"105,07";"88,75";"105,07"
"1644922800";"15.02.2022 13:00";"121,31";"121,31";"68,45";"121,31"
"1644926400";"15.02.2022 14:00";"105,07";"105,07";"72,63";"105,07"
"1644930000";"15.02.2022 15:00";"105,05";"105,05";"88,95";"105,05"
"1644933600";"15.02.2022 16:00";"105,06";"105,06";"81,07";"105,06"
"1644937200";"15.02.2022 17:00";"120,01";"120,01";"107,58";"120,01"
"1644940800";"15.02.2022 18:00";"151,12";"151,12";"116,87";"151,12"
"1644944400";"15.02.2022 19:00";"114,95";"114,95";"114,95";"114,95"
"1644948000";"15.02.2022 20:00";"105,03";"105,03";"50,83";"105,03"
"1644951600";"15.02.2022 21:00";"54,5";"54,5";"25,07";"54,5"
"1644955200";"15.02.2022 22:00";"115,06";"115,06";"23,37";"115,06"
"1644958800";"15.02.2022 23:00";"98,24";"98,24";"20,05";"98,24"
"1644962400";"16.02.2022 00:00";"55,07";"55,07";"15,98";"55,07"
"1644966000";"16.02.2022 01:00";"50,02";"50,02";"13,99";"50,02"
"1644969600";"16.02.2022 02:00";"40,06";"40,06";"14,17";"40,06"
"1644973200";"16.02.2022 03:00";"14,67";"14,67";"14,67";"14,67"
"1644976800";"16.02.2022 04:00";"15,42";"15,42";"15,42";"15,42"
"1644980400";"16.02.2022 05:00";"40,01";"40,01";"19,11";"40,01"
"1644984000";"16.02.2022 06:00";"23";"23";"23";"23"
"1644987600";"16.02.2022 07:00";"88,97";"88,97";"88,97";"88,97"
"1644991200";"16.02.2022 08:00";"101,05";"101,05";"101,05";"101,05"
"1644994800";"16.02.2022 09:00";"105,09";"105,09";"105,09";"105,09"
"1644998400";"16.02.2022 10:00";"115,34";"115,34";"115,34";"115,34"
"1645002000";"16.02.2022 11:00";"118,55";"118,55";"118,55";"118,55"
"1645005600";"16.02.2022 12:00";"118,02";"118,02";"118,02";"118,02"
"1645009200";"16.02.2022 13:00";"115,38";"115,38";"115,38";"115,38"
"1645012800";"16.02.2022 14:00";"108,73";"108,73";"108,73";"108,73"
"1645016400";"16.02.2022 15:00";"101,99";"101,99";"101,99";"101,99"
"1645020000";"16.02.2022 16:00";"97,57";"97,57";"97,57";"97,57"
"1645023600";"16.02.2022 17:00";"99,11";"99,11";"99,11";"99,11"
"1645027200";"16.02.2022 18:00";"110,76";"110,76";"110,76";"110,76"
"1645030800";"16.02.2022 19:00";"110,61";"110,61";"110,61";"110,61"
"1645034400";"16.02.2022 20:00";"105,05";"105,05";"105,05";"105,05"
"1645038000";"16.02.2022 21:00";"78,74";"78,74";"78,74";"78,74"
"1645041600";"16.02.2022 22:00";"92,04";"92,04";"50,15";"92,04"
"1645045200";"16.02.2022 23:00";"42,48";"42,48";"42,48";"42,48"
"1645048800";"17.02.2022 00:00";"40,1";"40,1";"16,99";"40,1"
"1645052400";"17.02.2022 01:00";"17,49";"17,49";"17,49";"17,49"
"1645056000";"17.02.2022 02:00";"15,04";"15,04";"15,04";"15,04"
"1645059600";"17.02.2022 03:00";"15,02";"15,02";"15,02";"15,02"
"1645063200";"17.02.2022 04:00";"13,97";"13,97";"13,97";"13,97"
"1645066800";"17.02.2022 05:00";"15,04";"15,04";"15,04";"15,04"
"1645070400";"17.02.2022 06:00";"39,07";"39,07";"39,07";"39,07"
"1645074000";"17.02.2022 07:00";"90,04";"90,04";"90,04";"90,04"
"1645077600";"17.02.2022 08:00";"109,78";"109,78";"109,78";"109,78"
"1645081200";"17.02.2022 09:00";"107,23";"107,23";"107,23";"107,23"
"1645084800";"17.02.2022 10:00";"102,55";"102,55";"102,55";"102,55"
"1645088400";"17.02.2022 11:00";"95,06";"95,06";"95,06";"95,06"
"1645092000";"17.02.2022 12:00";"77,47";"77,47";"77,47";"77,47"
"1645095600";"17.02.2022 13:00";"65,06";"65,06";"65,06";"65,06"
"1645099200";"17.02.2022 14:00";"35,98";"35,98";"35,98";"35,98"
"1645102800";"17.02.2022 15:00";"42,68";"42,68";"42,68";"42,68"
"1645106400";"17.02.2022 16:00";"65,69";"65,69";"65,69";"65,69"
"1645110000";"17.02.2022 17:00";"105,05";"105,05";"86,08";"105,05"
"1645113600";"17.02.2022 18:00";"106,22";"106,22";"106,22";"106,22"
"1645117200";"17.02.2022 19:00";"107,84";"107,84";"107,84";"107,84"
"1645120800";"17.02.2022 20:00";"99,11";"99,11";"99,11";"99,11"
"1645124400";"17.02.2022 21:00";"59,94";"59,94";"59,94";"59,94"
"1645128000";"17.02.2022 22:00";"56,68";"56,68";"40,06";"56,68"
"1645131600";"17.02.2022 23:00";"35,08";"35,08";"35,08";"35,08"
"1645135200";"18.02.2022 00:00";"35,09";"35,09";"16";"35,09"
"1645138800";"18.02.2022 01:00";"30,01";"30,01";"13,24";"30,01"
"1645142400";"18.02.2022 02:00";"12,79";"12,79";"12,79";"12,79"
"1645146000";"18.02.2022 03:00";"12,75";"12,75";"12,75";"12,75"
"1645149600";"18.02.2022 04:00";"12,79";"12,79";"12,79";"12,79"
"1645153200";"18.02.2022 05:00";"30,06";"30,06";"13,16";"30,06"
"1645156800";"18.02.2022 06:00";"86,62";"86,62";"23,94";"86,62"
"1645160400";"18.02.2022 07:00";"94,02";"94,02";"27,03";"94,02"
"1645164000";"18.02.2022 08:00";"96";"96";"96";"96"
"1645167600";"18.02.2022 09:00";"99,85";"99,85";"99,85";"99,85"
"1645171200";"18.02.2022 10:00";"104,72";"104,72";"104,72";"104,72"
"1645174800";"18.02.2022 11:00";"95,8";"95,8";"95,8";"95,8"
"1645178400";"18.02.2022 12:00";"90,09";"90,09";"90,09";"90,09"
"1645182000";"18.02.2022 13:00";"95,57";"95,57";"93,16";"95,57"
"1645185600";"18.02.2022 14:00";"105";"105";"78,91";"105"
"1645189200";"18.02.2022 15:00";"67,53";"67,53";"67,53";"67,53"
"1645192800";"18.02.2022 16:00";"75,03";"75,03";"75,03";"75,03"
"1645196400";"18.02.2022 17:00";"95,08";"95,08";"95,08";"95,08"
"1645200000";"18.02.2022 18:00";"113,84";"113,84";"113,84";"113,84"
"1645203600";"18.02.2022 19:00";"118,07";"118,07";"118,07";"118,07"
"1645207200";"18.02.2022 20:00";"116,23";"116,23";"116,23";"116,23"
"1645210800";"18.02.2022 21:00";"109,97";"109,97";"109,97";"109,97"
"1645214400";"18.02.2022 22:00";"107,11";"107,11";"107,11";"107,11"
"1645218000";"18.02.2022 23:00";"99,39";"99,39";"99,39";"99,39"
"1645221600";"19.02.2022 00:00";"86,4";"86,4";"86,4";"86,4"
"1645225200";"19.02.2022 01:00";"25,09";"25,09";"25,09";"25,09"
"1645228800";"19.02.2022 02:00";"25,01";"25,01";"25,01";"25,01"
"1645232400";"19.02.2022 03:00";"16,63";"16,63";"16,63";"16,63"
"1645236000";"19.02.2022 04:00";"14,38";"14,38";"14,38";"14,38"
"1645239600";"19.02.2022 05:00";"19,92";"19,92";"19,92";"19,92"
"1645243200";"19.02.2022 06:00";"21,98";"21,98";"21,98";"21,98"
"1645246800";"19.02.2022 07:00";"23,99";"23,99";"23,99";"23,99"
"1645250400";"19.02.2022 08:00";"25";"25";"25";"25"
"1645254000";"19.02.2022 09:00";"59,39";"59,39";"59,39";"59,39"
"1645257600";"19.02.2022 10:00";"86,27";"86,27";"86,27";"86,27"
"1645261200";"19.02.2022 11:00";"87,89";"87,89";"87,89";"87,89"
"1645264800";"19.02.2022 12:00";"85,55";"85,55";"85,55";"85,55"
"1645268400";"19.02.2022 13:00";"69,85";"69,85";"69,85";"69,85"
"1645272000";"19.02.2022 14:00";"63,2";"63,2";"63,2";"63,2"
"1645275600";"19.02.2022 15:00";"63,95";"63,95";"63,95";"63,95"
"1645279200";"19.02.2022 16:00";"70,23";"70,23";"70,23";"70,23"
"1645282800";"19.02.2022 17:00";"90";"90";"90";"90"
"1645286400";"19.02.2022 18:00";"99,95";"99,95";"99,95";"99,95"
"1645290000";"19.02.2022 19:00";"114,69";"114,69";"114,69";"114,69"
"1645293600";"19.02.2022 20:00";"109,6";"109,6";"109,6";"109,6"
"1645297200";"19.02.2022 21:00";"95,06";"95,06";"95,06";"95,06"
"1645300800";"19.02.2022 22:00";"95,77";"95,77";"95,77";"95,77"
"1645304400";"19.02.2022 23:00";"91,75";"91,75";"91,75";"91,75"
"1645308000";"20.02.2022 00:00";"67,3";"67,3";"67,3";"67,3"
"1645311600";"20.02.2022 01:00";"35,02";"35,02";"35,02";"35,02"
"1645315200";"20.02.2022 02:00";"19,87";"19,87";"19,87";"19,87"
"1645318800";"20.02.2022 03:00";"20,18";"20,18";"20,18";"20,18"
"1645322400";"20.02.2022 04:00";"33,41";"33,41";"33,41";"33,41"
"1645326000";"20.02.2022 05:00";"50,06";"50,06";"50,06";"50,06"
"1645329600";"20.02.2022 06:00";"81,42";"81,42";"81,42";"81,42"
"1645333200";"20.02.2022 07:00";"78,08";"78,08";"78,08";"78,08"
"1645336800";"20.02.2022 08:00";"80,08";"80,08";"80,08";"80,08"
"1645340400";"20.02.2022 09:00";"88,28";"88,28";"88,28";"88,28"
"1645344000";"20.02.2022 10:00";"95,06";"95,06";"95,06";"95,06"
"1645347600";"20.02.2022 11:00";"98,22";"98,22";"98,22";"98,22"
"1645351200";"20.02.2022 12:00";"95,09";"95,09";"95,09";"95,09"
"1645354800";"20.02.2022 13:00";"88,15";"88,15";"88,15";"88,15"
"1645358400";"20.02.2022 14:00";"51,8";"51,8";"51,8";"51,8"
"1645362000";"20.02.2022 15:00";"75,01";"75,01";"52,87";"75,01"
"1645365600";"20.02.2022 16:00";"66,22";"66,22";"66,22";"66,22"
"1645369200";"20.02.2022 17:00";"95,02";"95,02";"73,03";"95,02"
"1645372800";"20.02.2022 18:00";"95,07";"95,07";"87,04";"95,07"
"1645376400";"20.02.2022 19:00";"95,03";"95,03";"94,23";"95,03"
"1645380000";"20.02.2022 20:00";"95,01";"95,01";"84,67";"95,01"
"1645383600";"20.02.2022 21:00";"86,57";"86,57";"86,57";"86,57"
"1645387200";"20.02.2022 22:00";"95,05";"95,05";"95,05";"95,05"
"1645390800";"20.02.2022 23:00";"87,3";"87,3";"87,3";"87,3"
"1645394400";"21.02.2022 00:00";"69,63";"69,63";"69,63";"69,63"
"1645398000";"21.02.2022 01:00";"45,09";"45,09";"45,09";"45,09"
"1645401600";"21.02.2022 02:00";"40,01";"40,01";"40,01";"40,01"
"1645405200";"21.02.2022 03:00";"31,87";"31,87";"31,87";"31,87"
"1645408800";"21.02.2022 04:00";"40,77";"40,77";"40,77";"40,77"
"1645412400";"21.02.2022 05:00";"47,62";"47,62";"47,62";"47,62"
"1645416000";"21.02.2022 06:00";"68,8";"68,8";"68,8";"68,8"
"1645419600";"21.02.2022 07:00";"97,57";"97,57";"97,57";"97,57"
"1645423200";"21.02.2022 08:00";"106,69";"106,69";"106,69";"106,69"
"1645426800";"21.02.2022 09:00";"110,06";"110,06";"110,06";"110,06"
"1645430400";"21.02.2022 10:00";"110,04";"110,04";"110,04";"110,04"
"1645434000";"21.02.2022 11:00";"109,99";"109,99";"109,99";"109,99"
"1645437600";"21.02.2022 12:00";"105,01";"105,01";"105,01";"105,01"
"1645441200";"21.02.2022 13:00";"92,02";"92,02";"92,02";"92,02"
"1645444800";"21.02.2022 14:00";"99,9";"99,9";"99,9";"99,9"
"1645448400";"21.02.2022 15:00";"104,92";"104,92";"104,92";"104,92"
"1645452000";"21.02.2022 16:00";"106,16";"106,16";"106,16";"106,16"
"1645455600";"21.02.2022 17:00";"100,98";"100,98";"100,98";"100,98"
"1645459200";"21.02.2022 18:00";"114,89";"114,89";"114,89";"114,89"
"1645462800";"21.02.2022 19:00";"116,95";"116,95";"116,95";"116,95"
"1645466400";"21.02.2022 20:00";"99,96";"99,96";"99,96";"99,96"
"1645470000";"21.02.2022 21:00";"50,05";"50,05";"50,05";"50,05"
"1645473600";"21.02.2022 22:00";"37,89";"37,89";"37,89";"37,89"
"1645477200";"21.02.2022 23:00";"21,79";"21,79";"21,79";"21,79"
"1645480800";"22.02.2022 00:00";"19,44";"19,44";"16,93";"19,44"
"1645484400";"22.02.2022 01:00";"35,02";"35,02";"35,02";"35,02"
"1645488000";"22.02.2022 02:00";"30,04";"30,04";"30,04";"30,04"
"1645491600";"22.02.2022 03:00";"33,93";"33,93";"33,93";"33,93"
"1645495200";"22.02.2022 04:00";"50,01";"50,01";"50,01";"50,01"
"1645498800";"22.02.2022 05:00";"56,03";"56,03";"56,03";"56,03"
"1645502400";"22.02.2022 06:00";"90,71";"90,71";"90,71";"90,71"
"1645506000";"22.02.2022 07:00";"117,86";"117,86";"117,86";"117,86"
"1645509600";"22.02.2022 08:00";"127,95";"127,95";"127,95";"127,95"
"1645513200";"22.02.2022 09:00";"206,51";"206,51";"206,51";"206,51"
"1645516800";"22.02.2022 10:00";"180,27";"180,27";"180,27";"180,27"
"1645520400";"22.02.2022 11:00";"144,08";"144,08";"144,08";"144,08"
"1645524000";"22.02.2022 12:00";"135,04";"135,04";"135,04";"135,04"
"1645527600";"22.02.2022 13:00";"121,25";"121,25";"121,25";"121,25"
"1645531200";"22.02.2022 14:00";"117,66";"117,66";"117,66";"117,66"
"1645534800";"22.02.2022 15:00";"118,87";"118,87";"118,87";"118,87"
"1645538400";"22.02.2022 16:00";"125,29";"125,29";"125,29";"125,29"
"1645542000";"22.02.2022 17:00";"136,7";"136,7";"136,7";"136,7"
"1645545600";"22.02.2022 18:00";"155,21";"155,21";"155,21";"155,21"
"1645549200";"22.02.2022 19:00";"162,62";"162,62";"162,62";"162,62"
"1645552800";"22.02.2022 20:00";"138,82";"138,82";"138,82";"138,82"
"1645556400";"22.02.2022 21:00";"117,66";"117,66";"117,66";"117,66"
"1645560000";"22.02.2022 22:00";"110,56";"110,56";"110,56";"110,56"
"1645563600";"22.02.2022 23:00";"108,42";"108,42";"108,42";"108,42"
"1645567200";"23.02.2022 00:00";"91,63";"91,63";"91,63";"91,63"
"1645570800";"23.02.2022 01:00";"97,96";"97,96";"97,96";"97,96"
"1645574400";"23.02.2022 02:00";"99,4";"99,4";"99,4";"99,4"
"1645578000";"23.02.2022 03:00";"91,36";"91,36";"91,36";"91,36"
"1645581600";"23.02.2022 04:00";"88,34";"88,34";"88,34";"88,34"
"1645585200";"23.02.2022 05:00";"97,32";"97,32";"97,32";"97,32"
"1645588800";"23.02.2022 06:00";"120";"120";"120";"120"
"1645592400";"23.02.2022 07:00";"128,42";"128,42";"128,42";"128,42"
"1645596000";"23.02.2022 08:00";"140,01";"140,01";"140,01";"140,01"
"1645599600";"23.02.2022 09:00";"213,68";"213,68";"213,68";"213,68"
"1645603200";"23.02.2022 10:00";"126,44";"126,44";"126,44";"126,44"
"1645606800";"23.02.2022 11:00";"110,88";"110,88";"110,88";"110,88"
"1645610400";"23.02.2022 12:00";"111,93";"111,93";"111,93";"111,93"
"1645614000";"23.02.2022 13:00";"109,95";"109,95";"109,95";"109,95"
"1645617600";"23.02.2022 14:00";"105,55";"105,55";"105,55";"105,55"
"1645621200";"23.02.2022 15:00";"100,9";"100,9";"100,9";"100,9"
"1645624800";"23.02.2022 16:00";"109,2";"109,2";"109,2";"109,2"
"1645628400";"23.02.2022 17:00";"113,38";"113,38";"113,38";"113,38"
"1645632000";"23.02.2022 18:00";"116,5";"116,5";"115,49";"116,5"
"1645635600";"23.02.2022 19:00";"119,49";"119,49";"115,33";"119,49"
"1645639200";"23.02.2022 20:00";"121,2";"121,2";"111,52";"121,2"
"1645642800";"23.02.2022 21:00";"121,2";"121,2";"65,42";"121,2"
"1645646400";"23.02.2022 22:00";"118,73";"118,73";"35,07";"118,73"
"1645650000";"23.02.2022 23:00";"35,1";"35,1";"35,1";"35,1"
"1645653600";"24.02.2022 00:00";"45,05";"45,05";"11,41";"45,05"
"1645657200";"24.02.2022 01:00";"113,26";"113,26";"11,71";"113,26"
"1645660800";"24.02.2022 02:00";"101,96";"101,96";"11,06";"101,96"
"1645664400";"24.02.2022 03:00";"34,75";"34,75";"10,85";"34,75"
"1645668000";"24.02.2022 04:00";"11,01";"11,01";"11,01";"11,01"
"1645671600";"24.02.2022 05:00";"12,05";"12,05";"12,05";"12,05"
"1645675200";"24.02.2022 06:00";"12,91";"12,91";"12,91";"12,91"
"1645678800";"24.02.2022 07:00";"60,03";"60,03";"13,77";"60,03"
"1645682400";"24.02.2022 08:00";"79,19";"79,19";"66,23";"79,19"
"1645686000";"24.02.2022 09:00";"90,05";"90,05";"90,05";"90,05"
"1645689600";"24.02.2022 10:00";"80,1";"80,1";"80,1";"80,1"
"1645693200";"24.02.2022 11:00";"95,01";"95,01";"95,01";"95,01"
"1645696800";"24.02.2022 12:00";"57,6";"57,6";"57,6";"57,6"
"1645700400";"24.02.2022 13:00";"58,85";"58,85";"58,85";"58,85"
"1645704000";"24.02.2022 14:00";"61,22";"61,22";"61,22";"61,22"
"1645707600";"24.02.2022 15:00";"101,38";"101,38";"101,38";"101,38"
"1645711200";"24.02.2022 16:00";"109,25";"109,25";"109,25";"109,25"
"1645714800";"24.02.2022 17:00";"111";"111";"111";"111"
"1645718400";"24.02.2022 18:00";"127,01";"127,01";"127,01";"127,01"
"1645722000";"24.02.2022 19:00";"127,37";"127,37";"127,37";"127,37"
"1645725600";"24.02.2022 20:00";"112,67";"122,31";"68,69";"112,67"
"1645729200";"24.02.2022 21:00";"107,43";"107,43";"41,42";"107,43"
"1645732800";"24.02.2022 22:00";"60,51";"64,93";"60,51";"60,51"
"1645736400";"24.02.2022 23:00";"44,01";"44,01";"44,01";"44,01"
"1645740000";"25.02.2022 00:00";"21,44";"21,44";"15,95";"21,44"
"1645743600";"25.02.2022 01:00";"15,96";"15,96";"15,96";"15,96"
"1645747200";"25.02.2022 02:00";"15,97";"15,97";"15,97";"15,97"
"1645750800";"25.02.2022 03:00";"15,92";"15,92";"15,92";"15,92"
"1645754400";"25.02.2022 04:00";"15,97";"15,97";"15,97";"15,97"
"1645758000";"25.02.2022 05:00";"20,68";"20,68";"20,68";"20,68"
"1645761600";"25.02.2022 06:00";"65,04";"65,04";"65,04";"65,04"
"1645765200";"25.02.2022 07:00";"109,93";"109,93";"109,93";"109,93"
"1645768800";"25.02.2022 08:00";"125,52";"125,52";"125,52";"125,52"
"1645772400";"25.02.2022 09:00";"125,02";"125,02";"125,02";"125,02"
"1645776000";"25.02.2022 10:00";"107,16";"107,16";"107,16";"107,16"
"1645779600";"25.02.2022 11:00";"98,38";"98,38";"98,38";"98,38"
"1645783200";"25.02.2022 12:00";"100,25";"100,25";"100,25";"100,25"
"1645786800";"25.02.2022 13:00";"89,93";"89,93";"89,93";"89,93"
"1645790400";"25.02.2022 14:00";"97,07";"97,07";"97,07";"97,07"
"1645794000";"25.02.2022 15:00";"93,67";"93,67";"93,67";"93,67"
"1645797600";"25.02.2022 16:00";"98,52";"98,52";"98,52";"98,52"
"1645801200";"25.02.2022 17:00";"119,54";"119,54";"119,54";"119,54"
"1645804800";"25.02.2022 18:00";"130,59";"130,59";"130,59";"130,59"
"1645808400";"25.02.2022 19:00";"134,18";"134,18";"134,18";"134,18"
"1645812000";"25.02.2022 20:00";"133,17";"133,17";"62,03";"133,17"
"1645815600";"25.02.2022 21:00";"110";"110";"37,14";"110"
"1645819200";"25.02.2022 22:00";"55,03";"55,03";"50,09";"55,03"
"1645822800";"25.02.2022 23:00";"121,59";"121,59";"50,03";"121,59"
"1645826400";"26.02.2022 00:00";"65,07";"65,07";"16";"65,07"
"1645830000";"26.02.2022 01:00";"23,56";"23,56";"14,08";"23,56"
"1645833600";"26.02.2022 02:00";"18,09";"18,09";"14,16";"18,09"
"1645837200";"26.02.2022 03:00";"77,91";"77,91";"14,38";"77,91"
"1645840800";"26.02.2022 04:00";"133,3";"133,3";"14,51";"133,3"
"1645844400";"26.02.2022 05:00";"136,39";"136,39";"16,93";"136,39"
"1645848000";"26.02.2022 06:00";"136,57";"136,57";"17,94";"136,57"
"1645851600";"26.02.2022 07:00";"141,47";"141,47";"19,92";"141,47"
"1645855200";"26.02.2022 08:00";"141,66";"141,66";"19,97";"141,66"
"1645858800";"26.02.2022 09:00";"143,92";"143,92";"60,05";"143,92"
"1645862400";"26.02.2022 10:00";"145,95";"145,95";"78,03";"145,95"
"1645866000";"26.02.2022 11:00";"143,7";"143,7";"109,91";"143,7"
"1645869600";"26.02.2022 12:00";"142,01";"142,01";"109,97";"142,01"
"1645873200";"26.02.2022 13:00";"139,72";"139,72";"109,99";"139,72"
"1645876800";"26.02.2022 14:00";"130,09";"130,09";"119,91";"130,09"
"1645880400";"26.02.2022 15:00";"124,48";"124,48";"124,48";"124,48"
"1645884000";"26.02.2022 16:00";"138,08";"138,08";"138,08";"138,08"
"1645887600";"26.02.2022 17:00";"141,1";"141,1";"141,1";"141,1"
"1645891200";"26.02.2022 18:00";"167,19";"167,19";"145,69";"167,19"
"1645894800";"26.02.2022 19:00";"192,39";"192,39";"144,82";"192,39"
"1645898400";"26.02.2022 20:00";"170,06";"170,06";"109,97";"170,06"
"1645902000";"26.02.2022 21:00";"154,74";"154,74";"62,6";"154,74"
"1645905600";"26.02.2022 22:00";"126,65";"126,65";"65,56";"126,65"
"1645909200";"26.02.2022 23:00";"123,42";"123,42";"39,9";"123,42"
"1645912800";"27.02.2022 00:00";"101,63";"101,63";"17,24";"101,63"
"1645916400";"27.02.2022 01:00";"105,09";"105,09";"14,1";"105,09"
"1645920000";"27.02.2022 02:00";"100,08";"100,08";"13,99";"100,08"
"1645923600";"27.02.2022 03:00";"100,09";"100,09";"13,96";"100,09"
"1645927200";"27.02.2022 04:00";"100,07";"100,07";"14,04";"100,07"
"1645930800";"27.02.2022 05:00";"101,78";"101,78";"14,2";"101,78"
"1645934400";"27.02.2022 06:00";"109,13";"109,13";"14,2";"109,13"
"1645938000";"27.02.2022 07:00";"109,13";"109,13";"14,68";"109,13"
"1645941600";"27.02.2022 08:00";"111,78";"111,78";"19,99";"111,78"
"1645945200";"27.02.2022 09:00";"109,14";"109,14";"39,28";"109,14"
"1645948800";"27.02.2022 10:00";"115,05";"115,05";"50,04";"115,05"
"1645952400";"27.02.2022 11:00";"115,24";"115,24";"56,5";"115,24"
"1645956000";"27.02.2022 12:00";"115,08";"115,08";"49,26";"115,08"
"1645959600";"27.02.2022 13:00";"113,73";"113,73";"19,99";"113,73"
"1645963200";"27.02.2022 14:00";"111,27";"111,27";"15,05";"111,27"
"1645966800";"27.02.2022 15:00";"109";"109";"14,02";"109"
"1645970400";"27.02.2022 16:00";"112,38";"112,38";"13,74";"112,38"
"1645974000";"27.02.2022 17:00";"133,67";"133,67";"18,66";"133,67"
"1645977600";"27.02.2022 18:00";"150,61";"150,61";"21";"150,61"
"1645981200";"27.02.2022 19:00";"162,78";"162,78";"47,49";"162,78"
"1645984800";"27.02.2022 20:00";"160,39";"160,39";"39,79";"160,39"
"1645988400";"27.02.2022 21:00";"144,45";"144,45";"42,59";"144,45"
"1645992000";"27.02.2022 22:00";"133,62";"133,62";"59,97";"133,62"
"1645995600";"27.02.2022 23:00";"120,35";"120,35";"44,66";"120,35"
"1645999200";"28.02.2022 00:00";"108,28";"108,28";"14,96";"108,28"
"1646002800";"28.02.2022 01:00";"98,55";"98,55";"13,77";"98,55"
"1646006400";"28.02.2022 02:00";"98,57";"98,57";"13,85";"98,57"
"1646010000";"28.02.2022 03:00";"98,55";"98,55";"14";"98,55"
"1646013600";"28.02.2022 04:00";"98,59";"98,59";"14,29";"98,59"
"1646017200";"28.02.2022 05:00";"98,57";"98,57";"24,99";"98,57"
"1646020800";"28.02.2022 06:00";"129,24";"129,24";"91,57";"129,24"
"1646024400";"28.02.2022 07:00";"255,8";"255,8";"143,89";"255,8"
"1646028000";"28.02.2022 08:00";"322,9";"322,9";"150,43";"322,9"
"1646031600";"28.02.2022 09:00";"308,9";"308,9";"175,37";"308,9"
"1646035200";"28.02.2022 10:00";"245,35";"245,35";"155,52";"245,35"
"1646038800";"28.02.2022 11:00";"150,02";"150,02";"150,02";"150,02"
"1646042400";"28.02.2022 12:00";"142,06";"142,06";"142,06";"142,06"
"1646046000";"28.02.2022 13:00";"137,09";"137,09";"137,09";"137,09"
"1646049600";"28.02.2022 14:00";"134,71";"134,71";"134,71";"134,71"
"1646053200";"28.02.2022 15:00";"137,78";"137,78";"137,74";"137,78"
"1646056800";"28.02.2022 16:00";"147,83";"147,83";"100";"147,83"
"1646060400";"28.02.2022 17:00";"157,22";"157,22";"109,96";"157,22"
"1646064000";"28.02.2022 18:00";"204,23";"204,23";"144";"204,23"
"1646067600";"28.02.2022 19:00";"205,06";"205,06";"134,4";"205,06"
"1646071200";"28.02.2022 20:00";"199,84";"199,84";"95,08";"199,84"
"1646074800";"28.02.2022 21:00";"167,38";"167,38";"65,18";"167,38"
"1646078400";"28.02.2022 22:00";"122,31";"122,31";"50,06";"122,31"
"1646082000";"28.02.2022 23:00";"143,36";"143,36";"24,21";"143,36"
"1646085600";"01.03.2022 00:00";"70,03";"70,03";"13,74";"70,03"
"1646089200";"01.03.2022 01:00";"110,1";"110,1";"13,66";"110,1"
"1646092800";"01.03.2022 02:00";"110";"110";"13,52";"110"
"1646096400";"01.03.2022 03:00";"73,12";"73,12";"13,39";"73,12"
"1646100000";"01.03.2022 04:00";"119,5";"119,5";"13,34";"119,5"
"1646103600";"01.03.2022 05:00";"150,47";"150,47";"13,53";"150,47"
"1646107200";"01.03.2022 06:00";"161,45";"161,45";"33,72";"161,45"
"1646110800";"01.03.2022 07:00";"170,03";"170,03";"101,06";"170,03"
"1646114400";"01.03.2022 08:00";"255";"255";"109,98";"255"
"1646118000";"01.03.2022 09:00";"249";"249";"99,96";"249"
"1646121600";"01.03.2022 10:00";"151,3";"151,3";"105,04";"151,3"
"1646125200";"01.03.2022 11:00";"144,96";"144,96";"109,98";"144,96"
"1646128800";"01.03.2022 12:00";"122,78";"122,78";"100,08";"122,78"
"1646132400";"01.03.2022 13:00";"118,47";"118,47";"90,51";"118,47"
"1646136000";"01.03.2022 14:00";"118,47";"118,47";"68,23";"118,47"
"1646139600";"01.03.2022 15:00";"124,53";"124,53";"63,01";"124,53"
"1646143200";"01.03.2022 16:00";"133,8";"133,8";"80,44";"133,8"
"1646146800";"01.03.2022 17:00";"149,4";"149,4";"100,09";"149,4"
"1646150400";"01.03.2022 18:00";"189,92";"189,92";"110";"189,92"
"1646154000";"01.03.2022 19:00";"209,76";"209,76";"109,96";"209,76"
"1646157600";"01.03.2022 20:00";"230,94";"230,94";"89,09";"230,94"
"1646161200";"01.03.2022 21:00";"174,85";"174,85";"55,75";"174,85"
"1646164800";"01.03.2022 22:00";"135,79";"135,79";"83,47";"135,79"
"1646168400";"01.03.2022 23:00";"142,75";"142,75";"84,44";"142,75"
"1646172000";"02.03.2022 00:00";"113,94";"113,94";"21,2";"113,94"
"1646175600";"02.03.2022 01:00";"145,33";"145,33";"11,97";"145,33"
"1646179200";"02.03.2022 02:00";"132,82";"132,82";"11,33";"132,82"
"1646182800";"02.03.2022 03:00";"130,71";"130,71";"11,28";"130,71"
"1646186400";"02.03.2022 04:00";"135,3";"135,3";"11,31";"127,08"
"1646190000";"02.03.2022 05:00";"142,08";"142,08";"19,4";"127,02"
"1646193600";"02.03.2022 06:00";"145,44";"145,44";"78,94";"127,07"
"1646197200";"02.03.2022 07:00";"237,01";"237,01";"90,68";"237,01"
"1646200800";"02.03.2022 08:00";"321,17";"321,17";"86,08";"321,17"
"1646204400";"02.03.2022 09:00";"329";"329";"84,97";"329"
"1646208000";"02.03.2022 10:00";"158,59";"158,59";"88,01";"127,1"
"1646211600";"02.03.2022 11:00";"152,62";"152,62";"90,49";"127,07"
"1646215200";"02.03.2022 12:00";"150,09";"150,09";"109,92";"127,04"
"1646218800";"02.03.2022 13:00";"148,95";"148,95";"103,65";"127,06"
"1646222400";"02.03.2022 14:00";"148,44";"148,44";"91,32";"127,07"
"1646226000";"02.03.2022 15:00";"230,62";"230,62";"70,08";"230,62"
"1646229600";"02.03.2022 16:00";"237,05";"243,67";"75,69";"237,05"
"1646233200";"02.03.2022 17:00";"237,07";"266,04";"94,94";"237,07"
"1646236800";"02.03.2022 18:00";"237,05";"308,97";"120,79";"237,05"
"1646240400";"02.03.2022 19:00";"237,02";"375,59";"125,26";"237,02"
"1646244000";"02.03.2022 20:00";"259,28";"355,04";"56,92";"259,28"
"1646247600";"02.03.2022 21:00";"237,04";"313,38";"53,69";"237,04"
"1646251200";"02.03.2022 22:00";"227,93";"227,93";"66,79";"227,93"
"1646254800";"02.03.2022 23:00";"161,89";"161,89";"55,01";"161,89"
"1646258400";"03.03.2022 00:00";"130,08";"130,08";"21,61";"130,08"
"1646262000";"03.03.2022 01:00";"129,07";"129,07";"13,93";"129,07"
"1646265600";"03.03.2022 02:00";"133,4";"133,4";"14,02";"129,08"
"1646269200";"03.03.2022 03:00";"130,11";"130,11";"14,13";"75,21"
"1646272800";"03.03.2022 04:00";"135,01";"135,01";"14,26";"75,21"
"1646276400";"03.03.2022 05:00";"134,98";"134,98";"31,02";"102,15"
"1646280000";"03.03.2022 06:00";"154,39";"154,39";"50,31";"154,39"
"1646283600";"03.03.2022 07:00";"200,15";"200,15";"55,06";"200,15"
"1646287200";"03.03.2022 08:00";"395,28";"395,28";"78,05";"395,28"
"1646290800";"03.03.2022 09:00";"257,02";"257,02";"99,85";"129,1"
"1646294400";"03.03.2022 10:00";"351,32";"351,32";"109,94";"109,94"
"1646298000";"03.03.2022 11:00";"165,96";"165,96";"109,91";"109,91"
"1646301600";"03.03.2022 12:00";"155,92";"155,92";"94,93";"94,93"
"1646305200";"03.03.2022 13:00";"155,43";"155,43";"82,35";"82,35"
"1646308800";"03.03.2022 14:00";"155,5";"155,5";"75,28";"75,28"
"1646312400";"03.03.2022 15:00";"120,33";"120,33";"72,33";"75,21"
"1646316000";"03.03.2022 16:00";"157,89";"157,89";"78,17";"78,17"
"1646319600";"03.03.2022 17:00";"90,07";"219,99";"90,07";"90,07"
"1646323200";"03.03.2022 18:00";"231,49";"231,49";"109,98";"129,09"
"1646326800";"03.03.2022 19:00";"400,16";"400,16";"119,94";"129,06"
"1646330400";"03.03.2022 20:00";"257,04";"257,04";"109,96";"109,96"
"1646334000";"03.03.2022 21:00";"165,61";"165,61";"95";"129,01"
"1646337600";"03.03.2022 22:00";"159,92";"159,92";"109,95";"129,01"
"1646341200";"03.03.2022 23:00";"155,61";"155,61";"109,99";"109,99"
"1646344800";"04.03.2022 00:00";"134,87";"134,87";"109,91";"109,91"
"1646348400";"04.03.2022 01:00";"128,15";"128,15";"119,98";"119,98"
"1646352000";"04.03.2022 02:00";"124,09";"124,09";"119,98";"119,98"
"1646355600";"04.03.2022 03:00";"127,65";"127,65";"119,91";"119,91"
"1646359200";"04.03.2022 04:00";"131,41";"131,41";"119,97";"119,97"
"1646362800";"04.03.2022 05:00";"135,38";"135,38";"135,38";"135,38"
"1646366400";"04.03.2022 06:00";"175,77";"175,77";"175,77";"175,77"
"1646370000";"04.03.2022 07:00";"357,74";"357,74";"200,44";"200,44"
"1646373600";"04.03.2022 08:00";"410";"410";"410";"410"
"1646377200";"04.03.2022 09:00";"410,05";"410,05";"410,05";"410,05"
"1646380800";"04.03.2022 10:00";"375,92";"375,92";"375,92";"375,92"
"1646384400";"04.03.2022 11:00";"354,24";"354,24";"198";"198"
"1646388000";"04.03.2022 12:00";"341,39";"341,39";"188,97";"188,97"
"1646391600";"04.03.2022 13:00";"303,23";"303,23";"181,58";"181,58"
"1646395200";"04.03.2022 14:00";"185,25";"185,25";"176,93";"176,93"
"1646398800";"04.03.2022 15:00";"175,68";"175,68";"175,68";"175,68"
"1646402400";"04.03.2022 16:00";"175,05";"175,05";"175,05";"175,05"
"1646406000";"04.03.2022 17:00";"176,6";"176,6";"176,6";"176,6"
"1646409600";"04.03.2022 18:00";"207,76";"207,76";"201,13";"207,76"
"1646413200";"04.03.2022 19:00";"240,79";"240,79";"240,79";"240,79"
"1646416800";"04.03.2022 20:00";"199,48";"199,48";"199,48";"199,48"
"1646420400";"04.03.2022 21:00";"182,27";"182,27";"182,27";"182,27"
"1646424000";"04.03.2022 22:00";"165,37";"165,37";"165,37";"165,37"
"1646427600";"04.03.2022 23:00";"156,45";"156,45";"156,45";"156,45"
"1646431200";"05.03.2022 00:00";"128,63";"128,63";"109,96";"128,63"
"1646434800";"05.03.2022 01:00";"144,69";"144,69";"118,35";"144,69"
"1646438400";"05.03.2022 02:00";"134,22";"134,22";"87,64";"87,64"
"1646442000";"05.03.2022 03:00";"144,69";"144,69";"68,04";"76,98"
"1646445600";"05.03.2022 04:00";"158,03";"158,03";"60,99";"108,5"
"1646449200";"05.03.2022 05:00";"165,36";"165,36";"63,71";"165,36"
"1646452800";"05.03.2022 06:00";"157,8";"157,8";"73,17";"157,8"
"1646456400";"05.03.2022 07:00";"159,16";"159,16";"61,64";"159,16"
"1646460000";"05.03.2022 08:00";"362,2";"362,2";"65,13";"362,2"
"1646463600";"05.03.2022 09:00";"277,84";"277,84";"67,33";"277,84"
"1646467200";"05.03.2022 10:00";"237,02";"237,02";"71,33";"71,33"
"1646470800";"05.03.2022 11:00";"193,7";"193,7";"76,97";"76,97"
"1646474400";"05.03.2022 12:00";"225,09";"225,09";"71,58";"71,58"
"1646478000";"05.03.2022 13:00";"165,02";"165,02";"76,67";"76,67"
"1646481600";"05.03.2022 14:00";"69,96";"69,96";"69,96";"69,96"
"1646485200";"05.03.2022 15:00";"59,79";"59,79";"59,79";"59,79"
"1646488800";"05.03.2022 16:00";"70,7";"70,7";"70,7";"70,7"
"1646492400";"05.03.2022 17:00";"165,01";"165,01";"109,92";"165,01"
"1646496000";"05.03.2022 18:00";"362,2";"362,2";"117,89";"362,2"
"1646499600";"05.03.2022 19:00";"362,28";"362,28";"115,4";"362,28"
"1646503200";"05.03.2022 20:00";"225";"225";"109,98";"225"
"1646506800";"05.03.2022 21:00";"225";"225";"88,49";"225"
"1646510400";"05.03.2022 22:00";"255,01";"255,01";"119,92";"255,01"
"1646514000";"05.03.2022 23:00";"163,29";"163,29";"107,1";"163,29"
"1646517600";"06.03.2022 00:00";"105,06";"105,06";"74,14";"105,06"
"1646521200";"06.03.2022 01:00";"144,18";"144,18";"52,04";"144,18"
"1646524800";"06.03.2022 02:00";"122,08";"122,08";"34,95";"122,08"
"1646528400";"06.03.2022 03:00";"122,49";"122,49";"30,09";"122,49"
"1646532000";"06.03.2022 04:00";"123,52";"123,52";"32,67";"123,52"
"1646535600";"06.03.2022 05:00";"116,34";"116,34";"42,97";"116,34"
"1646539200";"06.03.2022 06:00";"110,36";"110,36";"39,48";"110,36"
"1646542800";"06.03.2022 07:00";"113,17";"113,17";"40,38";"113,17"
"1646546400";"06.03.2022 08:00";"113,27";"113,27";"60,02";"113,27"
"1646550000";"06.03.2022 09:00";"117,88";"117,88";"67,54";"117,88"
"1646553600";"06.03.2022 10:00";"115,5";"115,5";"89,99";"115,5"
"1646557200";"06.03.2022 11:00";"70,09";"70,09";"70,09";"70,09"
"1646560800";"06.03.2022 12:00";"60,05";"60,05";"60,05";"60,05"
"1646564400";"06.03.2022 13:00";"48,93";"48,93";"48,93";"48,93"
"1646568000";"06.03.2022 14:00";"33,87";"33,87";"33,87";"33,87"
"1646571600";"06.03.2022 15:00";"25,08";"25,08";"25,08";"25,08"
"1646575200";"06.03.2022 16:00";"121,91";"121,91";"34,59";"121,91"
"1646578800";"06.03.2022 17:00";"50,31";"50,31";"50,31";"50,31"
"1646582400";"06.03.2022 18:00";"164,78";"164,78";"130";"164,78"
"1646586000";"06.03.2022 19:00";"203,35";"203,35";"130,08";"203,35"
"1646589600";"06.03.2022 20:00";"226,68";"226,68";"99,94";"226,68"
"1646593200";"06.03.2022 21:00";"160,05";"160,05";"69,67";"160,05"
"1646596800";"06.03.2022 22:00";"90,95";"90,95";"90,95";"90,95"
"1646600400";"06.03.2022 23:00";"120,02";"120,02";"77,75";"120,02"
"1646604000";"07.03.2022 00:00";"120,03";"120,03";"44,44";"120,03"
"1646607600";"07.03.2022 01:00";"113,28";"113,28";"55,02";"113,28"
"1646611200";"07.03.2022 02:00";"64";"64";"54,05";"64"
"1646614800";"07.03.2022 03:00";"50,06";"50,06";"50,06";"50,06"
"1646618400";"07.03.2022 04:00";"67,75";"67,75";"67,75";"67,75"
"1646622000";"07.03.2022 05:00";"109,96";"109,96";"109,96";"109,96"
"1646625600";"07.03.2022 06:00";"143,15";"143,15";"143,15";"143,15"
"1646629200";"07.03.2022 07:00";"225,1";"225,1";"225,1";"225,1"
"1646632800";"07.03.2022 08:00";"500,06";"500,06";"500,06";"500,06"
"1646636400";"07.03.2022 09:00";"502,65";"502,65";"502,65";"502,65"
"1646640000";"07.03.2022 10:00";"468,03";"468,03";"468,03";"468,03"
"1646643600";"07.03.2022 11:00";"338,8";"338,8";"338,8";"338,8"
"1646647200";"07.03.2022 12:00";"207,27";"207,27";"207,27";"207,27"
"1646650800";"07.03.2022 13:00";"199,9";"199,9";"199,9";"199,9"
"1646654400";"07.03.2022 14:00";"196,66";"196,66";"196,66";"196,66"
"1646658000";"07.03.2022 15:00";"191,07";"191,07";"191,07";"191,07"
"1646661600";"07.03.2022 16:00";"191,82";"191,82";"191,82";"191,82"
"1646665200";"07.03.2022 17:00";"193,07";"193,07";"140";"193,07"
"1646668800";"07.03.2022 18:00";"200,95";"200,95";"130";"200,95"
"1646672400";"07.03.2022 19:00";"206,78";"206,78";"130,08";"206,78"
"1646676000";"07.03.2022 20:00";"214,72";"214,72";"99,98";"214,72"
"1646679600";"07.03.2022 21:00";"200,07";"200,07";"62,28";"200,07"
"1646683200";"07.03.2022 22:00";"188,16";"188,16";"73,76";"188,16"
"1646686800";"07.03.2022 23:00";"145,86";"145,86";"94,8";"94,8"
"1646690400";"08.03.2022 00:00";"133,88";"133,88";"96,16";"96,16"
"1646694000";"08.03.2022 01:00";"155,92";"155,92";"69";"155,92"
"1646697600";"08.03.2022 02:00";"151,1";"151,1";"68,94";"151,1"
"1646701200";"08.03.2022 03:00";"151,1";"151,1";"89,36";"151,1"
"1646704800";"08.03.2022 04:00";"150,95";"150,95";"96,21";"150,95"
"1646708400";"08.03.2022 05:00";"174,98";"174,98";"113,71";"174,98"
"1646712000";"08.03.2022 06:00";"222,51";"222,51";"222,51";"222,51"
"1646715600";"08.03.2022 07:00";"237,03";"447,63";"237,03";"237,03"
"1646719200";"08.03.2022 08:00";"417,02";"673,44";"259,93";"259,93"
"1646722800";"08.03.2022 09:00";"417,05";"629,85";"259,91";"259,91"
"1646726400";"08.03.2022 10:00";"399,94";"399,94";"209,9";"209,9"
"1646730000";"08.03.2022 11:00";"229,12";"229,12";"229,12";"229,12"
"1646733600";"08.03.2022 12:00";"213,13";"213,13";"213,13";"213,13"
"1646737200";"08.03.2022 13:00";"207,86";"207,86";"207,86";"207,86"
"1646740800";"08.03.2022 14:00";"206,94";"206,94";"206,94";"206,94"
"1646744400";"08.03.2022 15:00";"204,1";"204,1";"159,91";"159,91"
"1646748000";"08.03.2022 16:00";"214,83";"214,83";"135,06";"135,06"
"1646751600";"08.03.2022 17:00";"200,02";"200,02";"132,03";"132,03"
"1646755200";"08.03.2022 18:00";"231,77";"231,77";"231,77";"231,77"
"1646758800";"08.03.2022 19:00";"273,58";"273,58";"273,58";"273,58"
"1646762400";"08.03.2022 20:00";"250,08";"250,08";"250,08";"250,08"
"1646766000";"08.03.2022 21:00";"228,92";"228,92";"132,78";"132,78"
"1646769600";"08.03.2022 22:00";"222,75";"222,75";"222,75";"222,75"
"1646773200";"08.03.2022 23:00";"450,07";"450,07";"215,9";"215,9"
"1646776800";"09.03.2022 00:00";"161,36";"161,36";"109,98";"109,98"
"1646780400";"09.03.2022 01:00";"150,18";"150,18";"150,18";"150,18"
"1646784000";"09.03.2022 02:00";"145,6";"145,6";"145,6";"145,6"
"1646787600";"09.03.2022 03:00";"143,05";"143,05";"143,05";"143,05"
"1646791200";"09.03.2022 04:00";"130,79";"130,79";"130,79";"130,79"
"1646794800";"09.03.2022 05:00";"164,38";"164,38";"164,38";"164,38"
"1646798400";"09.03.2022 06:00";"222,72";"222,72";"222,72";"222,72"
"1646802000";"09.03.2022 07:00";"452,62";"452,62";"249,92";"452,62"
"1646805600";"09.03.2022 08:00";"579,45";"579,45";"579,45";"579,45"
"1646809200";"09.03.2022 09:00";"541,45";"541,45";"541,45";"541,45"
"1646812800";"09.03.2022 10:00";"244,74";"244,74";"244,74";"244,74"
"1646816400";"09.03.2022 11:00";"233,14";"233,14";"199,92";"199,92"
"1646820000";"09.03.2022 12:00";"229,5";"229,5";"119,66";"119,66"
"1646823600";"09.03.2022 13:00";"227,23";"227,23";"110,64";"110,64"
"1646827200";"09.03.2022 14:00";"222,95";"222,95";"110";"110"
"1646830800";"09.03.2022 15:00";"220,13";"220,13";"109,98";"109,98"
"1646834400";"09.03.2022 16:00";"220,57";"220,57";"118,28";"118,28"
"1646838000";"09.03.2022 17:00";"217,18";"217,18";"118,49";"118,49"
"1646841600";"09.03.2022 18:00";"225,1";"225,1";"225,1";"225,1"
"1646845200";"09.03.2022 19:00";"255,04";"255,04";"199,95";"199,95"
"1646848800";"09.03.2022 20:00";"318,37";"318,37";"123";"123"
"1646852400";"09.03.2022 21:00";"257,69";"257,69";"76,79";"257,69"
"1646856000";"09.03.2022 22:00";"225,07";"225,07";"90,7";"225,07"
"1646859600";"09.03.2022 23:00";"155,26";"155,26";"78,82";"155,26"
"1646863200";"10.03.2022 00:00";"131,76";"131,76";"31,17";"31,17"
"1646866800";"10.03.2022 01:00";"139,52";"139,52";"21,65";"139,52"
"1646870400";"10.03.2022 02:00";"141,58";"141,58";"12,97";"120,54"
"1646874000";"10.03.2022 03:00";"144,82";"144,82";"12,92";"69,81"
"1646877600";"10.03.2022 04:00";"155,16";"155,16";"13,92";"155,16"
"1646881200";"10.03.2022 05:00";"151,54";"151,54";"20,34";"151,54"
"1646884800";"10.03.2022 06:00";"134,37";"134,37";"62,05";"134,37"
"1646888400";"10.03.2022 07:00";"337,26";"337,26";"72,68";"337,26"
"1646892000";"10.03.2022 08:00";"425,59";"425,59";"84,48";"425,59"
"1646895600";"10.03.2022 09:00";"396,97";"396,97";"79";"120,51"
"1646899200";"10.03.2022 10:00";"227,29";"227,29";"72,63";"72,63"
"1646902800";"10.03.2022 11:00";"119,71";"119,71";"64,49";"64,49"
"1646906400";"10.03.2022 12:00";"103,37";"103,37";"54,55";"54,55"
"1646910000";"10.03.2022 13:00";"123,86";"123,86";"53,68";"53,68"
"1646913600";"10.03.2022 14:00";"146,41";"146,41";"48,67";"48,67"
"1646917200";"10.03.2022 15:00";"119,89";"119,89";"49,71";"49,71"
"1646920800";"10.03.2022 16:00";"195,06";"195,06";"49,95";"195,06"
"1646924400";"10.03.2022 17:00";"216,45";"216,45";"55,68";"216,45"
"1646928000";"10.03.2022 18:00";"220,95";"220,95";"68,12";"220,95"
"1646931600";"10.03.2022 19:00";"223,69";"223,69";"79,02";"223,69"
"1646935200";"10.03.2022 20:00";"272,9";"272,9";"59,12";"272,9"
"1646938800";"10.03.2022 21:00";"174,72";"174,72";"45,37";"174,72"
"1646942400";"10.03.2022 22:00";"210,15";"210,15";"62,02";"210,15"
"1646946000";"10.03.2022 23:00";"164,55";"164,55";"50,16";"164,55"
"1646949600";"11.03.2022 00:00";"124,44";"124,44";"14,44";"124,44"
"1646953200";"11.03.2022 01:00";"115,9";"115,9";"30,17";"115,9"
"1646956800";"11.03.2022 02:00";"115,33";"115,33";"25,09";"115,33"
"1646960400";"11.03.2022 03:00";"115,26";"115,26";"25,04";"115,26"
"1646964000";"11.03.2022 04:00";"112,71";"112,71";"29,76";"112,71"
"1646967600";"11.03.2022 05:00";"115,9";"115,9";"50,08";"115,9"
"1646971200";"11.03.2022 06:00";"134,98";"134,98";"88,05";"134,98"
"1646974800";"11.03.2022 07:00";"168,43";"168,43";"168,43";"168,43"
"1646978400";"11.03.2022 08:00";"332,71";"332,71";"185,06";"332,71"
"1646982000";"11.03.2022 09:00";"236,2";"236,2";"112,35";"236,2"
"1646985600";"11.03.2022 10:00";"100,41";"100,41";"77,26";"100,41"
"1646989200";"11.03.2022 11:00";"86,6";"86,6";"86,6";"86,6"
"1646992800";"11.03.2022 12:00";"85,43";"85,43";"85,43";"85,43"
"1646996400";"11.03.2022 13:00";"88,36";"88,36";"88,36";"88,36"
"1647000000";"11.03.2022 14:00";"89,12";"89,12";"89,12";"89,12"
"1647003600";"11.03.2022 15:00";"98,72";"98,72";"84,72";"98,72"
"1647007200";"11.03.2022 16:00";"103,84";"103,84";"57,75";"103,84"
"1647010800";"11.03.2022 17:00";"255";"255";"39,53";"255"
"1647014400";"11.03.2022 18:00";"161,35";"161,35";"116,01";"161,35"
"1647018000";"11.03.2022 19:00";"197,41";"197,41";"170,06";"197,41"
"1647021600";"11.03.2022 20:00";"173,41";"173,41";"144,91";"173,41"
"1647025200";"11.03.2022 21:00";"137,68";"137,68";"74,8";"137,68"
"1647028800";"11.03.2022 22:00";"160,05";"160,05";"71,32";"160,05"
"1647032400";"11.03.2022 23:00";"136";"136";"66,96";"136"
"1647036000";"12.03.2022 00:00";"120,43";"120,43";"61,68";"120,43"
"1647039600";"12.03.2022 01:00";"110,89";"110,89";"67,28";"110,89"
"1647043200";"12.03.2022 02:00";"99,3";"99,3";"67,42";"99,3"
"1647046800";"12.03.2022 03:00";"96,93";"96,93";"71,21";"96,93"
"1647050400";"12.03.2022 04:00";"98,99";"98,99";"71,24";"98,99"
"1647054000";"12.03.2022 05:00";"98,76";"98,76";"72,93";"98,76"
"1647057600";"12.03.2022 06:00";"104,42";"104,42";"72,48";"104,42"
"1647061200";"12.03.2022 07:00";"118,82";"118,82";"86,91";"118,82"
"1647064800";"12.03.2022 08:00";"127,95";"127,95";"87,52";"127,95"
"1647068400";"12.03.2022 09:00";"120,01";"120,01";"79,07";"120,01"
"1647072000";"12.03.2022 10:00";"120,01";"120,01";"78,9";"120,01"
"1647075600";"12.03.2022 11:00";"114,64";"114,64";"72,95";"114,64"
"1647079200";"12.03.2022 12:00";"106,4";"106,4";"67,84";"106,4"
"1647082800";"12.03.2022 13:00";"101,28";"101,28";"71,16";"101,28"
"1647086400";"12.03.2022 14:00";"67,29";"67,29";"67,29";"67,29"
"1647090000";"12.03.2022 15:00";"97,24";"97,24";"59,93";"97,24"
"1647093600";"12.03.2022 16:00";"57,98";"57,98";"57,98";"57,98"
"1647097200";"12.03.2022 17:00";"117,22";"117,22";"83,43";"117,22"
"1647100800";"12.03.2022 18:00";"191,84";"191,84";"191,84";"191,84"
"1647104400";"12.03.2022 19:00";"225,03";"225,03";"204,15";"225,03"
"1647108000";"12.03.2022 20:00";"198,64";"198,64";"198,64";"198,64"
"1647111600";"12.03.2022 21:00";"169,04";"169,04";"168,85";"169,04"
"1647115200";"12.03.2022 22:00";"123,77";"123,77";"123,77";"123,77"
"1647118800";"12.03.2022 23:00";"125,07";"125,07";"103,01";"125,07"
"1647122400";"13.03.2022 00:00";"116,54";"116,54";"79,97";"116,54"
"1647126000";"13.03.2022 01:00";"110,08";"110,08";"99,7";"110,08"
"1647129600";"13.03.2022 02:00";"85,49";"85,49";"78,95";"85,49"
"1647133200";"13.03.2022 03:00";"85,46";"85,46";"73,92";"85,46"
"1647136800";"13.03.2022 04:00";"89,76";"89,76";"69,91";"89,76"
"1647140400";"13.03.2022 05:00";"85,55";"85,55";"80,01";"85,55"
"1647144000";"13.03.2022 06:00";"89,75";"89,75";"68,46";"89,75"
"1647147600";"13.03.2022 07:00";"85,38";"85,38";"70,04";"85,38"
"1647151200";"13.03.2022 08:00";"83,66";"83,66";"68,42";"83,66"
"1647154800";"13.03.2022 09:00";"75,63";"75,63";"75,63";"75,63"
"1647158400";"13.03.2022 10:00";"72,82";"72,82";"71,07";"72,82"
"1647162000";"13.03.2022 11:00";"76,61";"76,61";"54,81";"76,61"
"1647165600";"13.03.2022 12:00";"81,6";"81,6";"30,06";"81,6"
"1647169200";"13.03.2022 13:00";"75,67";"75,67";"19,05";"75,67"
"1647172800";"13.03.2022 14:00";"76,37";"76,37";"17,97";"76,37"
"1647176400";"13.03.2022 15:00";"81,21";"81,21";"17,95";"81,21"
"1647180000";"13.03.2022 16:00";"85,16";"85,16";"21,8";"85,16"
"1647183600";"13.03.2022 17:00";"96,99";"96,99";"30,06";"96,99"
"1647187200";"13.03.2022 18:00";"98,74";"98,74";"68,06";"98,74"
"1647190800";"13.03.2022 19:00";"118,02";"118,02";"118,02";"118,02"
"1647194400";"13.03.2022 20:00";"91,9";"91,9";"78,86";"91,9"
"1647198000";"13.03.2022 21:00";"85,55";"85,55";"57,97";"85,55"
"1647201600";"13.03.2022 22:00";"84,12";"84,12";"66,04";"84,12"
"1647205200";"13.03.2022 23:00";"84,28";"84,28";"53,85";"84,28"
"1647208800";"14.03.2022 00:00";"79,26";"79,26";"37,62";"79,26"
"1647212400";"14.03.2022 01:00";"84,17";"84,17";"44,65";"84,17"
"1647216000";"14.03.2022 02:00";"85,1";"85,1";"42,56";"85,1"
"1647219600";"14.03.2022 03:00";"84,67";"84,67";"48,99";"84,67"
"1647223200";"14.03.2022 04:00";"85,45";"85,45";"53,21";"85,45"
"1647226800";"14.03.2022 05:00";"85,58";"85,58";"57,89";"85,58"
"1647230400";"14.03.2022 06:00";"126,29";"126,29";"119,95";"126,29"
"1647234000";"14.03.2022 07:00";"202,76";"202,76";"119,91";"119,91"
"1647237600";"14.03.2022 08:00";"222,08";"222,08";"215,64";"215,64"
"1647241200";"14.03.2022 09:00";"236,44";"236,44";"229,59";"229,59"
"1647244800";"14.03.2022 10:00";"219,15";"219,15";"119,98";"119,98"
"1647248400";"14.03.2022 11:00";"204,21";"204,21";"204,21";"204,21"
"1647252000";"14.03.2022 12:00";"160,03";"160,03";"146,36";"146,36"
"1647255600";"14.03.2022 13:00";"122,7";"122,7";"109,94";"109,94"
"1647259200";"14.03.2022 14:00";"156,08";"156,08";"105,05";"105,05"
"1647262800";"14.03.2022 15:00";"160,03";"160,03";"102,56";"102,56"
"1647266400";"14.03.2022 16:00";"169,94";"169,94";"109,91";"109,91"
"1647270000";"14.03.2022 17:00";"200,96";"200,96";"115,8";"117,61"
"1647273600";"14.03.2022 18:00";"225,02";"225,02";"117,56";"225,02"
"1647277200";"14.03.2022 19:00";"300,04";"300,04";"117,79";"300,04"
"1647280800";"14.03.2022 20:00";"228,08";"228,08";"109,98";"228,08"
"1647284400";"14.03.2022 21:00";"228,06";"228,06";"80,44";"228,06"
"1647288000";"14.03.2022 22:00";"203,71";"203,71";"83,27";"203,71"
"1647291600";"14.03.2022 23:00";"178,62";"178,62";"79,9";"178,62"
"1647295200";"15.03.2022 00:00";"138,49";"138,49";"52,16";"52,16"
"1647298800";"15.03.2022 01:00";"133,98";"133,98";"58,29";"133,98"
"1647302400";"15.03.2022 02:00";"142,57";"142,57";"51,9";"142,57"
"1647306000";"15.03.2022 03:00";"147,64";"147,64";"52,4";"147,64"
"1647309600";"15.03.2022 04:00";"151,91";"151,91";"58,84";"151,91"
"1647313200";"15.03.2022 05:00";"193,24";"193,24";"69,04";"193,24"
"1647316800";"15.03.2022 06:00";"256,1";"256,1";"119,96";"256,1"
"1647320400";"15.03.2022 07:00";"311,27";"311,27";"175";"175"
"1647324000";"15.03.2022 08:00";"332,12";"332,12";"174,98";"174,98"
"1647327600";"15.03.2022 09:00";"324,94";"324,94";"109,97";"109,97"
"1647331200";"15.03.2022 10:00";"252,27";"252,27";"109,98";"109,98"
"1647334800";"15.03.2022 11:00";"214,68";"214,68";"206,39";"206,39"
"1647338400";"15.03.2022 12:00";"289,06";"289,06";"131,76";"131,76"
"1647342000";"15.03.2022 13:00";"260,73";"260,73";"145,57";"145,57"
"1647345600";"15.03.2022 14:00";"255";"255";"119,99";"119,99"
"1647349200";"15.03.2022 15:00";"251,46";"251,46";"127,28";"127,28"
"1647352800";"15.03.2022 16:00";"251,45";"255,09";"123,65";"123,65"
"1647356400";"15.03.2022 17:00";"251,43";"251,43";"174,93";"251,43"
"1647360000";"15.03.2022 18:00";"251,47";"324,38";"213,12";"213,12"
"1647363600";"15.03.2022 19:00";"251,47";"366";"236,7";"236,7"
"1647367200";"15.03.2022 20:00";"395,3";"395,3";"134";"134"
"1647370800";"15.03.2022 21:00";"319,03";"319,03";"95,1";"119,83"
"1647374400";"15.03.2022 22:00";"304,6";"304,6";"115,97";"230,62"
"1647378000";"15.03.2022 23:00";"255,1";"255,1";"105,07";"200,09"
"1647381600";"16.03.2022 00:00";"250,7";"250,7";"66,62";"66,62"
"1647385200";"16.03.2022 01:00";"148,1";"148,1";"70,03";"148,1"
"1647388800";"16.03.2022 02:00";"141,94";"141,94";"68,08";"141,94"
"1647392400";"16.03.2022 03:00";"139,57";"139,57";"68,72";"139,57"
"1647396000";"16.03.2022 04:00";"140,59";"140,59";"68,94";"140,59"
"1647399600";"16.03.2022 05:00";"145,16";"145,16";"87,62";"145,16"
"1647403200";"16.03.2022 06:00";"163,81";"163,81";"150";"163,81"
"1647406800";"16.03.2022 07:00";"289,83";"289,83";"190,81";"289,83"
"1647410400";"16.03.2022 08:00";"310,08";"310,08";"110";"110"
"1647414000";"16.03.2022 09:00";"306,46";"306,46";"80,03";"80,03"
"1647417600";"16.03.2022 10:00";"288,84";"288,84";"100,01";"100,01"
"1647421200";"16.03.2022 11:00";"269,96";"269,96";"109,96";"109,96"
"1647424800";"16.03.2022 12:00";"253,9";"253,9";"119,92";"119,92"
"1647428400";"16.03.2022 13:00";"207,44";"207,44";"109,92";"109,92"
"1647432000";"16.03.2022 14:00";"204,01";"204,01";"93,13";"93,13"
"1647435600";"16.03.2022 15:00";"200,03";"200,03";"73,35";"73,35"
"1647439200";"16.03.2022 16:00";"198,22";"198,22";"56,32";"198,22"
"1647442800";"16.03.2022 17:00";"275";"275";"57,59";"275"
"1647446400";"16.03.2022 18:00";"255,04";"255,04";"60,09";"255,04"
"1647450000";"16.03.2022 19:00";"311,47";"311,47";"59,95";"311,47"
"1647453600";"16.03.2022 20:00";"221,17";"221,17";"53,66";"221,17"
"1647457200";"16.03.2022 21:00";"197,85";"197,85";"39,32";"140,08"
"1647460800";"16.03.2022 22:00";"175,03";"175,03";"44,25";"175,03"
"1647464400";"16.03.2022 23:00";"153,31";"153,31";"40,84";"153,31"
"1647468000";"17.03.2022 00:00";"110,08";"110,08";"16";"110,08"
"1647471600";"17.03.2022 01:00";"138,19";"138,19";"14,49";"138,19"
"1647475200";"17.03.2022 02:00";"127,99";"127,99";"14,36";"127,99"
"1647478800";"17.03.2022 03:00";"125,31";"125,31";"14,41";"125,31"
"1647482400";"17.03.2022 04:00";"126,58";"126,58";"14,52";"126,58"
"1647486000";"17.03.2022 05:00";"126,96";"126,96";"14,6";"126,96"
"1647489600";"17.03.2022 06:00";"144,85";"144,85";"19,39";"144,85"
"1647493200";"17.03.2022 07:00";"206,5";"206,5";"40,11";"206,5"
"1647496800";"17.03.2022 08:00";"262,89";"262,89";"47,32";"262,89"
"1647500400";"17.03.2022 09:00";"178,17";"178,17";"53,24";"178,17"
"1647504000";"17.03.2022 10:00";"138,52";"138,52";"58,55";"58,55"
"1647507600";"17.03.2022 11:00";"116,87";"116,87";"73,99";"116,87"
"1647511200";"17.03.2022 12:00";"87,02";"87,02";"65,1";"87,02"
"1647514800";"17.03.2022 13:00";"87,15";"87,15";"41,02";"87,15"
"1647518400";"17.03.2022 14:00";"83,24";"83,24";"17,97";"83,24"
"1647522000";"17.03.2022 15:00";"87,05";"87,05";"15,71";"87,05"
"1647525600";"17.03.2022 16:00";"119,08";"119,08";"13,79";"119,08"
"1647529200";"17.03.2022 17:00";"174,04";"174,04";"13,18";"174,04"
"1647532800";"17.03.2022 18:00";"208,63";"208,63";"19,5";"208,63"
"1647536400";"17.03.2022 19:00";"250,01";"250,01";"30,08";"250,01"
"1647540000";"17.03.2022 20:00";"219,94";"219,94";"18,95";"219,94"
"1647543600";"17.03.2022 21:00";"193,93";"193,93";"13,11";"193,93"
"1647547200";"17.03.2022 22:00";"153,92";"153,92";"13,06";"153,92"
"1647550800";"17.03.2022 23:00";"136,05";"136,05";"12,74";"136,05"
"1647554400";"18.03.2022 00:00";"121,17";"121,17";"11,23";"121,17"
"1647558000";"18.03.2022 01:00";"133,59";"133,59";"11,07";"133,59"
"1647561600";"18.03.2022 02:00";"133,16";"133,16";"10,99";"133,16"
"1647565200";"18.03.2022 03:00";"132,81";"132,81";"10,74";"127,09"
"1647568800";"18.03.2022 04:00";"133,17";"133,17";"11,71";"133,17"
"1647572400";"18.03.2022 05:00";"135,72";"135,72";"12,87";"135,72"
"1647576000";"18.03.2022 06:00";"148,06";"148,06";"13,79";"148,06"
"1647579600";"18.03.2022 07:00";"255,05";"255,05";"17,54";"255,05"
"1647583200";"18.03.2022 08:00";"284,51";"284,51";"40,04";"284,51"
"1647586800";"18.03.2022 09:00";"280,9";"280,9";"34,94";"34,94"
"1647590400";"18.03.2022 10:00";"138,49";"138,49";"36,03";"36,03"
"1647594000";"18.03.2022 11:00";"115,27";"115,27";"34,98";"34,98"
"1647597600";"18.03.2022 12:00";"126,87";"126,87";"29,05";"29,05"
"1647601200";"18.03.2022 13:00";"127,7";"127,7";"24,88";"24,88"
"1647604800";"18.03.2022 14:00";"117,15";"117,15";"20,03";"117,15"
"1647608400";"18.03.2022 15:00";"126,48";"126,48";"16,94";"126,48"
"1647612000";"18.03.2022 16:00";"201,64";"201,64";"18,8";"201,64"
"1647615600";"18.03.2022 17:00";"172,56";"172,56";"30,05";"172,56"
"1647619200";"18.03.2022 18:00";"201,64";"201,64";"65,53";"201,64"
"1647622800";"18.03.2022 19:00";"275,31";"275,31";"169,94";"275,31"
"1647626400";"18.03.2022 20:00";"225,03";"225,03";"38,71";"225,03"
"1647630000";"18.03.2022 21:00";"50,1";"50,1";"28,27";"50,1"
"1647633600";"18.03.2022 22:00";"201,66";"201,66";"22,86";"201,66"
"1647637200";"18.03.2022 23:00";"228,5";"228,5";"35,6";"228,5"
"1647640800";"19.03.2022 00:00";"197,81";"197,81";"26,51";"197,81"
"1647644400";"19.03.2022 01:00";"183,86";"183,86";"24,99";"183,86"
"1647648000";"19.03.2022 02:00";"149,97";"149,97";"16";"149,97"
"1647651600";"19.03.2022 03:00";"136,54";"136,54";"12,96";"136,54"
"1647655200";"19.03.2022 04:00";"95,9";"95,9";"13,92";"95,9"
"1647658800";"19.03.2022 05:00";"109,49";"109,49";"12,55";"109,49"
"1647662400";"19.03.2022 06:00";"152,42";"152,42";"16,26";"152,42"
"1647666000";"19.03.2022 07:00";"198,23";"198,23";"11,02";"198,23"
"1647669600";"19.03.2022 08:00";"151,5";"151,5";"11,91";"151,5"
"1647673200";"19.03.2022 09:00";"154,53";"154,53";"12,52";"154,53"
"1647676800";"19.03.2022 10:00";"135,07";"135,07";"12,1";"135,07"
"1647680400";"19.03.2022 11:00";"99,55";"99,55";"12,08";"99,55"
"1647684000";"19.03.2022 12:00";"85,08";"85,08";"12,08";"85,08"
"1647687600";"19.03.2022 13:00";"85,29";"85,29";"12,06";"85,29"
"1647691200";"19.03.2022 14:00";"85,18";"85,18";"9,76";"85,18"
"1647694800";"19.03.2022 15:00";"88,81";"88,81";"8,84";"88,81"
"1647698400";"19.03.2022 16:00";"94,71";"94,71";"12,04";"94,71"
"1647702000";"19.03.2022 17:00";"105,42";"105,42";"12,77";"105,42"
"1647705600";"19.03.2022 18:00";"151,01";"151,01";"12,82";"151,01"
"1647709200";"19.03.2022 19:00";"192,8";"192,8";"17,15";"192,8"
"1647712800";"19.03.2022 20:00";"173,27";"173,27";"12,96";"173,27"
"1647716400";"19.03.2022 21:00";"141,9";"141,9";"12,73";"141,9"
"1647720000";"19.03.2022 22:00";"115,05";"115,05";"13,14";"115,05"
"1647723600";"19.03.2022 23:00";"106,06";"106,06";"13,2";"106,06"
"1647727200";"20.03.2022 00:00";"90,1";"90,1";"12,96";"90,1"
"1647730800";"20.03.2022 01:00";"84,04";"84,04";"13,14";"84,04"
"1647734400";"20.03.2022 02:00";"70,99";"70,99";"13,19";"70,99"
"1647738000";"20.03.2022 03:00";"74,78";"74,78";"13,3";"74,78"
"1647741600";"20.03.2022 04:00";"68,38";"68,38";"13,7";"68,38"
"1647745200";"20.03.2022 05:00";"75,9";"75,9";"14,6";"75,9"
"1647748800";"20.03.2022 06:00";"75,9";"75,9";"15,5";"75,9"
"1647752400";"20.03.2022 07:00";"217,82";"217,82";"15,92";"217,82"
"1647756000";"20.03.2022 08:00";"107,47";"107,47";"16,51";"107,47"
"1647759600";"20.03.2022 09:00";"12,86";"12,86";"12,86";"12,86"
"1647763200";"20.03.2022 10:00";"13";"13";"13";"13"
"1647766800";"20.03.2022 11:00";"13,13";"13,13";"13,13";"13,13"
"1647770400";"20.03.2022 12:00";"49,38";"49,38";"15,97";"49,38"
"1647774000";"20.03.2022 13:00";"47,78";"47,78";"13,35";"47,78"
"1647777600";"20.03.2022 14:00";"11,79";"11,79";"11,79";"11,79"
"1647781200";"20.03.2022 15:00";"50,07";"50,07";"11,77";"50,07"
"1647784800";"20.03.2022 16:00";"75,62";"75,62";"11,21";"75,62"
"1647788400";"20.03.2022 17:00";"89,84";"89,84";"13,67";"89,84"
"1647792000";"20.03.2022 18:00";"122,13";"122,13";"44,04";"122,13"
"1647795600";"20.03.2022 19:00";"153,4";"153,4";"62,13";"153,4"
"1647799200";"20.03.2022 20:00";"158,41";"158,41";"48,14";"158,41"
"1647802800";"20.03.2022 21:00";"148,45";"148,45";"46,62";"148,45"
"1647806400";"20.03.2022 22:00";"124,24";"124,24";"61,82";"124,24"
"1647810000";"20.03.2022 23:00";"110,07";"110,07";"40,79";"110,07"
"1647813600";"21.03.2022 00:00";"93,36";"93,36";"30,02";"93,36"
"1647817200";"21.03.2022 01:00";"114,18";"114,18";"16,44";"114,18"
"1647820800";"21.03.2022 02:00";"118,82";"118,82";"14,55";"118,82"
"1647824400";"21.03.2022 03:00";"118,85";"118,85";"13,95";"118,85"
"1647828000";"21.03.2022 04:00";"119";"119";"14,94";"119"
"1647831600";"21.03.2022 05:00";"135,92";"135,92";"22,96";"135,92"
"1647835200";"21.03.2022 06:00";"149,96";"149,96";"38,54";"149,96"
"1647838800";"21.03.2022 07:00";"205,04";"205,04";"41,71";"205,04"
"1647842400";"21.03.2022 08:00";"253,61";"253,61";"55,97";"253,61"
"1647846000";"21.03.2022 09:00";"205,04";"205,04";"54,64";"205,04"
"1647849600";"21.03.2022 10:00";"186,33";"186,33";"48,43";"142,46"
"1647853200";"21.03.2022 11:00";"153,06";"153,06";"53,66";"153,06"
"1647856800";"21.03.2022 12:00";"159,75";"159,75";"52,52";"159,75"
"1647860400";"21.03.2022 13:00";"140,02";"140,02";"46,81";"140,02"
"1647864000";"21.03.2022 14:00";"140,08";"140,08";"36,91";"140,08"
"1647867600";"21.03.2022 15:00";"140,07";"140,07";"35,78";"140,07"
"1647871200";"21.03.2022 16:00";"160,06";"160,06";"38";"160,06"
"1647874800";"21.03.2022 17:00";"140,06";"140,06";"45,02";"140,06"
"1647878400";"21.03.2022 18:00";"188,61";"188,61";"53,18";"188,61"
"1647882000";"21.03.2022 19:00";"225,03";"225,03";"75,73";"225,03"
"1647885600";"21.03.2022 20:00";"235";"235";"32,94";"235"
"1647889200";"21.03.2022 21:00";"189,48";"189,48";"22,18";"189,48"
"1647892800";"21.03.2022 22:00";"180,03";"180,03";"34,15";"180,03"
"1647896400";"21.03.2022 23:00";"122,1";"122,1";"35,04";"122,1"
"1647900000";"22.03.2022 00:00";"167,01";"167,01";"33,65";"167,01"
"1647903600";"22.03.2022 01:00";"130";"130";"31,72";"130"
"1647907200";"22.03.2022 02:00";"130,09";"130,09";"34";"130,09"
"1647910800";"22.03.2022 03:00";"134,6";"134,6";"35";"134,6"
"1647914400";"22.03.2022 04:00";"136,89";"136,89";"35,36";"136,89"
"1647918000";"22.03.2022 05:00";"144,81";"144,81";"41,56";"144,81"
"1647921600";"22.03.2022 06:00";"159,96";"159,96";"159,96";"159,96"
"1647925200";"22.03.2022 07:00";"267,13";"267,13";"196,51";"267,13"
"1647928800";"22.03.2022 08:00";"280,44";"280,44";"208,28";"280,44"
"1647932400";"22.03.2022 09:00";"281,1";"281,1";"281,1";"281,1"
"1647936000";"22.03.2022 10:00";"234,39";"234,39";"232,7";"232,7"
"1647939600";"22.03.2022 11:00";"195,1";"195,1";"194,58";"194,58"
"1647943200";"22.03.2022 12:00";"186,45";"186,45";"186,45";"186,45"
"1647946800";"22.03.2022 13:00";"124,68";"124,68";"124,68";"124,68"
"1647950400";"22.03.2022 14:00";"180,76";"180,76";"63,11";"63,11"
"1647954000";"22.03.2022 15:00";"189,26";"189,26";"58,17";"58,17"
"1647957600";"22.03.2022 16:00";"178,08";"178,08";"63,32";"178,08"
"1647961200";"22.03.2022 17:00";"190";"190";"90";"120,81"
"1647964800";"22.03.2022 18:00";"253,71";"253,71";"93,23";"253,71"
"1647968400";"22.03.2022 19:00";"248,69";"248,69";"109,96";"248,69"
"1647972000";"22.03.2022 20:00";"342,58";"342,58";"45,07";"342,58"
"1647975600";"22.03.2022 21:00";"248,65";"248,65";"28,4";"120,88"
"1647979200";"22.03.2022 22:00";"248,61";"248,61";"41,85";"196,73"
"1647982800";"22.03.2022 23:00";"210,29";"210,29";"44,93";"210,29"
"1647986400";"23.03.2022 00:00";"142,71";"142,71";"32,8";"142,71"
"1647990000";"23.03.2022 01:00";"149,25";"149,25";"55,29";"149,25"
"1647993600";"23.03.2022 02:00";"145,99";"145,99";"62,8";"145,99"
"1647997200";"23.03.2022 03:00";"144,54";"144,54";"57";"144,54"
"1648000800";"23.03.2022 04:00";"145,83";"145,83";"69,16";"145,83"
"1648004400";"23.03.2022 05:00";"163,82";"163,82";"96,45";"96,45"
"1648008000";"23.03.2022 06:00";"220,73";"220,73";"200,77";"200,77"
"1648011600";"23.03.2022 07:00";"268,84";"268,84";"266,64";"266,64"
"1648015200";"23.03.2022 08:00";"292,07";"292,07";"289,97";"289,97"
"1648018800";"23.03.2022 09:00";"273,98";"273,98";"273,98";"273,98"
"1648022400";"23.03.2022 10:00";"217,11";"217,11";"209,82";"209,82"
"1648026000";"23.03.2022 11:00";"199,7";"199,7";"194,91";"194,91"
"1648029600";"23.03.2022 12:00";"185,99";"185,99";"185,99";"185,99"
"1648033200";"23.03.2022 13:00";"173,78";"173,78";"173,78";"173,78"
"1648036800";"23.03.2022 14:00";"123,22";"123,22";"123,22";"123,22"
"1648040400";"23.03.2022 15:00";"190,31";"190,31";"109,91";"109,91"
"1648044000";"23.03.2022 16:00";"202,34";"202,34";"77,15";"77,15"
"1648047600";"23.03.2022 17:00";"212,76";"212,76";"109,99";"109,99"
"1648051200";"23.03.2022 18:00";"225,05";"225,05";"109,92";"225,05"
"1648054800";"23.03.2022 19:00";"255,02";"255,02";"130,74";"255,02"
"1648058400";"23.03.2022 20:00";"255,08";"255,08";"86,34";"255,08"
"1648062000";"23.03.2022 21:00";"231,13";"231,13";"50,06";"231,13"
"1648065600";"23.03.2022 22:00";"231,16";"231,16";"50,06";"222,56"
"1648069200";"23.03.2022 23:00";"231,14";"231,14";"36,19";"231,14"
"1648072800";"24.03.2022 00:00";"120,07";"120,07";"12,96";"120,07"
"1648076400";"24.03.2022 01:00";"152,77";"152,77";"13,22";"152,77"
"1648080000";"24.03.2022 02:00";"149,06";"149,06";"12,36";"149,06"
"1648083600";"24.03.2022 03:00";"148,83";"148,83";"12,95";"148,83"
"1648087200";"24.03.2022 04:00";"149,06";"149,06";"13,95";"149,06"
"1648090800";"24.03.2022 05:00";"159,69";"159,69";"20,54";"159,69"
"1648094400";"24.03.2022 06:00";"167,13";"167,13";"56,17";"167,13"
"1648098000";"24.03.2022 07:00";"276,18";"276,18";"114,92";"276,18"
"1648101600";"24.03.2022 08:00";"297,75";"297,75";"173,7";"297,75"
"1648105200";"24.03.2022 09:00";"261,3";"261,3";"150,01";"261,3"
"1648108800";"24.03.2022 10:00";"213,65";"213,65";"201,45";"213,65"
"1648112400";"24.03.2022 11:00";"144,31";"144,31";"144,31";"144,31"
"1648116000";"24.03.2022 12:00";"118,81";"118,81";"118,81";"118,81"
"1648119600";"24.03.2022 13:00";"117,08";"117,08";"117,08";"117,08"
"1648123200";"24.03.2022 14:00";"111,01";"111,01";"111,01";"111,01"
"1648126800";"24.03.2022 15:00";"110,84";"110,84";"109,97";"110,84"
"1648130400";"24.03.2022 16:00";"208,42";"208,42";"89,48";"208,42"
"1648134000";"24.03.2022 17:00";"130,6";"130,6";"104,96";"130,6"
"1648137600";"24.03.2022 18:00";"260,58";"260,58";"194,69";"260,58"
"1648141200";"24.03.2022 19:00";"303,3";"303,3";"194,92";"303,3"
"1648144800";"24.03.2022 20:00";"236,9";"236,9";"143,51";"236,9"
"1648148400";"24.03.2022 21:00";"225,02";"225,02";"80,77";"225,02"
"1648152000";"24.03.2022 22:00";"236,81";"236,81";"86,71";"236,81"
"1648155600";"24.03.2022 23:00";"225,08";"225,08";"84,64";"225,08"
"1648159200";"25.03.2022 00:00";"120,06";"120,06";"34,2";"120,06"
"1648162800";"25.03.2022 01:00";"157,18";"157,18";"25,08";"157,18"
"1648166400";"25.03.2022 02:00";"150,71";"150,71";"20,3";"150,71"
"1648170000";"25.03.2022 03:00";"16,91";"16,91";"16,91";"16,91"
"1648173600";"25.03.2022 04:00";"146,08";"146,08";"15,89";"146,08"
"1648177200";"25.03.2022 05:00";"156,67";"156,67";"28,38";"156,67"
"1648180800";"25.03.2022 06:00";"159,98";"159,98";"40,12";"159,98"
"1648184400";"25.03.2022 07:00";"256,45";"256,45";"71,15";"256,45"
"1648188000";"25.03.2022 08:00";"325,84";"325,84";"109,97";"325,84"
"1648191600";"25.03.2022 09:00";"278,28";"278,28";"114,91";"278,28"
"1648195200";"25.03.2022 10:00";"119,58";"119,58";"100,04";"119,58"
"1648198800";"25.03.2022 11:00";"100,28";"100,28";"100,03";"100,28"
"1648202400";"25.03.2022 12:00";"90,84";"90,84";"57,99";"90,84"
"1648206000";"25.03.2022 13:00";"90,84";"90,84";"18,54";"90,84"
"1648209600";"25.03.2022 14:00";"90,84";"90,84";"30,45";"90,84"
"1648213200";"25.03.2022 15:00";"95,7";"95,7";"31,86";"95,7"
"1648216800";"25.03.2022 16:00";"115,92";"115,92";"30,03";"115,92"
"1648220400";"25.03.2022 17:00";"183,23";"183,23";"27,82";"183,23"
"1648224000";"25.03.2022 18:00";"225,01";"225,01";"31,16";"225,01"
"1648227600";"25.03.2022 19:00";"265,99";"265,99";"40,35";"265,99"
"1648231200";"25.03.2022 20:00";"225,05";"225,05";"21,95";"225,05"
"1648234800";"25.03.2022 21:00";"227,36";"227,36";"12,96";"227,36"
"1648238400";"25.03.2022 22:00";"70,09";"70,09";"11,1";"70,09"
"1648242000";"25.03.2022 23:00";"140,75";"140,75";"8,85";"140,75"
"1648245600";"26.03.2022 00:00";"136,49";"136,49";"7,62";"136,49"
"1648249200";"26.03.2022 01:00";"114,01";"114,01";"8,16";"114,01"
"1648252800";"26.03.2022 02:00";"91,59";"91,59";"7,14";"91,59"
"1648256400";"26.03.2022 03:00";"68,25";"68,25";"5,22";"68,25"
"1648260000";"26.03.2022 04:00";"4,59";"4,59";"4,59";"4,59"
"1648263600";"26.03.2022 05:00";"95,49";"95,49";"5,94";"95,49"
"1648267200";"26.03.2022 06:00";"88,5";"88,5";"6,8";"88,5"
"1648270800";"26.03.2022 07:00";"7,9";"7,9";"7,9";"7,9"
"1648274400";"26.03.2022 08:00";"9,5";"9,5";"9,5";"9,5"
"1648278000";"26.03.2022 09:00";"94,94";"94,94";"10,4";"94,94"
"1648281600";"26.03.2022 10:00";"108,3";"108,3";"10,5";"108,3"
"1648285200";"26.03.2022 11:00";"11,14";"11,14";"11,14";"11,14"
"1648288800";"26.03.2022 12:00";"11,14";"11,14";"11,14";"11,14"
"1648292400";"26.03.2022 13:00";"10,42";"10,42";"10,42";"10,42"
"1648296000";"26.03.2022 14:00";"11,38";"11,38";"11,38";"11,38"
"1648299600";"26.03.2022 15:00";"12,47";"12,47";"12,47";"12,47"
"1648303200";"26.03.2022 16:00";"13,98";"13,98";"13,98";"13,98"
"1648306800";"26.03.2022 17:00";"15,5";"15,5";"15,5";"15,5"
"1648310400";"26.03.2022 18:00";"21,74";"21,74";"21,74";"21,74"
"1648314000";"26.03.2022 19:00";"160,93";"160,93";"65,47";"160,93"
"1648317600";"26.03.2022 20:00";"187,93";"187,93";"50,08";"187,93"
"1648321200";"26.03.2022 21:00";"106,57";"106,57";"44,43";"106,57"
"1648324800";"26.03.2022 22:00";"72,89";"72,89";"52,59";"72,89"
"1648328400";"26.03.2022 23:00";"51,47";"51,47";"51,47";"51,47"
"1648332000";"27.03.2022 00:00";"114,98";"114,98";"54,87";"114,98"
"1648335600";"27.03.2022 01:00";"56,96";"56,96";"56,96";"56,96"
"1648339200";"27.03.2022 02:00";"53,12";"53,12";"53,12";"53,12"
"1648342800";"27.03.2022 04:00";"100,07";"100,07";"54,89";"100,07"
"1648346400";"27.03.2022 05:00";"47,04";"47,04";"47,04";"47,04"
"1648350000";"27.03.2022 06:00";"49,17";"49,17";"49,17";"49,17"
"1648353600";"27.03.2022 07:00";"114,62";"114,62";"52,71";"114,62"
"1648357200";"27.03.2022 08:00";"100,71";"100,71";"87,36";"100,71"
"1648360800";"27.03.2022 09:00";"100,92";"100,92";"87,05";"100,92"
"1648364400";"27.03.2022 10:00";"107,16";"107,16";"104,09";"107,16"
"1648368000";"27.03.2022 11:00";"88,19";"88,19";"88,19";"88,19"
"1648371600";"27.03.2022 12:00";"82,79";"82,79";"82,79";"82,79"
"1648375200";"27.03.2022 13:00";"50,02";"50,02";"48,23";"50,02"
"1648378800";"27.03.2022 14:00";"33,48";"33,48";"33,48";"33,48"
"1648382400";"27.03.2022 15:00";"18,99";"18,99";"18,99";"18,99"
"1648386000";"27.03.2022 16:00";"18,92";"18,92";"18,92";"18,92"
"1648389600";"27.03.2022 17:00";"18,93";"18,93";"18,93";"18,93"
"1648393200";"27.03.2022 18:00";"138,76";"138,76";"18,98";"138,76"
"1648396800";"27.03.2022 19:00";"157,96";"157,96";"19,92";"157,96"
"1648400400";"27.03.2022 20:00";"157,96";"157,96";"19,96";"157,96"
"1648404000";"27.03.2022 21:00";"157,92";"157,92";"15,43";"157,92"
"1648407600";"27.03.2022 22:00";"157,9";"157,9";"14,23";"157,9"
"1648411200";"27.03.2022 23:00";"13,13";"13,13";"13,13";"13,13"
"1648414800";"28.03.2022 00:00";"11,6";"11,6";"11,6";"11,6"
"1648418400";"28.03.2022 01:00";"95,02";"95,02";"9,22";"95,02"
"1648422000";"28.03.2022 02:00";"8,05";"8,05";"8,05";"8,05"
"1648425600";"28.03.2022 03:00";"7,83";"7,83";"7,83";"7,83"
"1648429200";"28.03.2022 04:00";"8,81";"8,81";"8,81";"8,81"
"1648432800";"28.03.2022 05:00";"10,46";"10,46";"10,46";"10,46"
"1648436400";"28.03.2022 06:00";"12,03";"12,03";"12,03";"12,03"
"1648440000";"28.03.2022 07:00";"136,16";"136,16";"14,8";"136,16"
"1648443600";"28.03.2022 08:00";"118,45";"118,45";"29,7";"118,45"
"1648447200";"28.03.2022 09:00";"118,44";"118,44";"30,9";"118,44"
"1648450800";"28.03.2022 10:00";"95,48";"95,48";"24,07";"95,48"
"1648454400";"28.03.2022 11:00";"87,12";"87,12";"14,72";"87,12"
"1648458000";"28.03.2022 12:00";"14,35";"14,35";"14,35";"14,35"
"1648461600";"28.03.2022 13:00";"78,73";"78,73";"14,92";"78,73"
"1648465200";"28.03.2022 14:00";"74,63";"74,63";"19,42";"74,63"
"1648468800";"28.03.2022 15:00";"20,8";"20,8";"20,8";"20,8"
"1648472400";"28.03.2022 16:00";"14,04";"14,04";"14,04";"14,04"
"1648476000";"28.03.2022 17:00";"14,48";"14,48";"14,48";"14,48"
"1648479600";"28.03.2022 18:00";"90,09";"90,09";"25";"90,09"
"1648483200";"28.03.2022 19:00";"109,45";"109,45";"19,24";"109,45"
"1648486800";"28.03.2022 20:00";"124,11";"124,11";"31,22";"124,11"
"1648490400";"28.03.2022 21:00";"136,54";"136,54";"20,92";"136,54"
"1648494000";"28.03.2022 22:00";"21,08";"21,08";"21,08";"21,08"
"1648497600";"28.03.2022 23:00";"95,07";"95,07";"21,21";"95,07"
"1648501200";"29.03.2022 00:00";"118,39";"118,39";"18,92";"118,39"
"1648504800";"29.03.2022 01:00";"138,46";"138,46";"40,98";"138,46"
"1648508400";"29.03.2022 02:00";"128,45";"128,45";"36,95";"128,45"
"1648512000";"29.03.2022 03:00";"135,25";"135,25";"43,53";"135,25"
"1648515600";"29.03.2022 04:00";"133,07";"133,07";"51,13";"133,07"
"1648519200";"29.03.2022 05:00";"134,97";"134,97";"79,97";"134,97"
"1648522800";"29.03.2022 06:00";"145,93";"145,93";"119,94";"145,93"
"1648526400";"29.03.2022 07:00";"207,9";"207,9";"110,4";"207,9"
"1648530000";"29.03.2022 08:00";"246,68";"246,68";"175,65";"246,68"
"1648533600";"29.03.2022 09:00";"276,97";"276,97";"250";"276,97"
"1648537200";"29.03.2022 10:00";"226,76";"226,76";"179,54";"226,76"
"1648540800";"29.03.2022 11:00";"214,6";"214,6";"151,26";"214,6"
"1648544400";"29.03.2022 12:00";"210,06";"210,06";"111,73";"210,06"
"1648548000";"29.03.2022 13:00";"202,42";"202,42";"130,08";"202,42"
"1648551600";"29.03.2022 14:00";"199,18";"199,18";"110";"199,18"
"1648555200";"29.03.2022 15:00";"197,28";"197,28";"106,31";"197,28"
"1648558800";"29.03.2022 16:00";"193,82";"193,82";"79,19";"193,82"
"1648562400";"29.03.2022 17:00";"195,34";"195,34";"74,97";"195,34"
"1648566000";"29.03.2022 18:00";"199,64";"199,64";"69,56";"199,64"
"1648569600";"29.03.2022 19:00";"220,06";"220,06";"89,98";"220,06"
"1648573200";"29.03.2022 20:00";"255,09";"255,09";"109,42";"255,09"
"1648576800";"29.03.2022 21:00";"225,04";"225,04";"95";"225,04"
"1648580400";"29.03.2022 22:00";"203,59";"203,59";"100,03";"203,59"
"1648584000";"29.03.2022 23:00";"199,63";"199,63";"95,35";"199,63"
"1648587600";"30.03.2022 00:00";"191,6";"191,6";"52,11";"191,6"
"1648591200";"30.03.2022 01:00";"197,15";"197,15";"46,05";"197,15"
"1648594800";"30.03.2022 02:00";"183,36";"183,36";"44,33";"183,36"
"1648598400";"30.03.2022 03:00";"169,29";"169,29";"44,76";"169,29"
"1648602000";"30.03.2022 04:00";"174,84";"174,84";"55,15";"174,84"
"1648605600";"30.03.2022 05:00";"64,83";"168,9";"64,83";"64,83"
"1648609200";"30.03.2022 06:00";"200,88";"200,88";"92,1";"200,88"
"1648612800";"30.03.2022 07:00";"215,14";"215,14";"104,8";"215,14"
"1648616400";"30.03.2022 08:00";"244,39";"307,44";"119,94";"244,39"
"1648620000";"30.03.2022 09:00";"244,37";"338,58";"126,12";"244,37"
"1648623600";"30.03.2022 10:00";"236,07";"236,07";"124,03";"236,07"
"1648627200";"30.03.2022 11:00";"124,02";"223,2";"124,02";"124,02"
"1648630800";"30.03.2022 12:00";"125,09";"214,82";"125,09";"125,09"
"1648634400";"30.03.2022 13:00";"210,58";"210,58";"119,94";"210,58"
"1648638000";"30.03.2022 14:00";"119,98";"204,79";"119,98";"119,98"
"1648641600";"30.03.2022 15:00";"202,94";"202,94";"119,3";"202,94"
"1648645200";"30.03.2022 16:00";"202,75";"202,75";"115,99";"202,75"
"1648648800";"30.03.2022 17:00";"126,14";"213";"126,14";"126,14"
"1648652400";"30.03.2022 18:00";"156,08";"224,71";"156,08";"156,08"
"1648656000";"30.03.2022 19:00";"155,15";"223,35";"155,15";"155,15"
"1648659600";"30.03.2022 20:00";"231,89";"231,89";"151,13";"231,89"
"1648663200";"30.03.2022 21:00";"233,97";"233,97";"124,77";"233,97"
"1648666800";"30.03.2022 22:00";"219,27";"219,27";"123,87";"219,27"
"1648670400";"30.03.2022 23:00";"213,52";"213,52";"119,93";"213,52"
"1648674000";"31.03.2022 00:00";"197,92";"197,92";"109,96";"197,92"
"1648677600";"31.03.2022 01:00";"159,05";"159,05";"101,43";"159,05"
"1648681200";"31.03.2022 02:00";"150,64";"150,64";"99,91";"150,64"
"1648684800";"31.03.2022 03:00";"139,88";"139,88";"107,07";"107,07"
"1648688400";"31.03.2022 04:00";"150,64";"150,64";"109,97";"109,97"
"1648692000";"31.03.2022 05:00";"150,02";"150,02";"119,93";"150,02"
"1648695600";"31.03.2022 06:00";"178,75";"178,75";"178,75";"178,75"
"1648699200";"31.03.2022 07:00";"246,37";"246,37";"219,09";"246,37"
"1648702800";"31.03.2022 08:00";"294";"294";"294";"294"
"1648706400";"31.03.2022 09:00";"323,56";"323,56";"323,56";"323,56"
"1648710000";"31.03.2022 10:00";"256,29";"256,29";"256,29";"256,29"
"1648713600";"31.03.2022 11:00";"224,49";"224,49";"224,49";"224,49"
"1648717200";"31.03.2022 12:00";"212,73";"212,73";"212,73";"212,73"
"1648720800";"31.03.2022 13:00";"203,92";"203,92";"203,92";"203,92"
"1648724400";"31.03.2022 14:00";"193,43";"193,43";"193,43";"193,43"
"1648728000";"31.03.2022 15:00";"190,8";"190,8";"190,8";"190,8"
"1648731600";"31.03.2022 16:00";"185,62";"185,62";"185,62";"185,62"
"1648735200";"31.03.2022 17:00";"184,96";"184,96";"184,96";"184,96"
"1648738800";"31.03.2022 18:00";"188,01";"188,01";"188,01";"188,01"
"1648742400";"31.03.2022 19:00";"200,01";"200,01";"200,01";"200,01"
"1648746000";"31.03.2022 20:00";"223,98";"223,98";"208,28";"223,98"
"1648749600";"31.03.2022 21:00";"199,08";"199,08";"199,08";"199,08"
"1648753200";"31.03.2022 22:00";"164,35";"164,35";"164,35";"164,35"
"1648756800";"31.03.2022 23:00";"150,64";"150,64";"150,64";"150,64"
"1648760400";"01.04.2022 00:00";"120,08";"120,08";"120,08";"120,08"
"1648764000";"01.04.2022 01:00";"111,72";"111,72";"111,72";"111,72"
"1648767600";"01.04.2022 02:00";"99,64";"99,64";"99,64";"99,64"
"1648771200";"01.04.2022 03:00";"94,48";"94,48";"94,48";"94,48"
"1648774800";"01.04.2022 04:00";"99,59";"99,59";"99,59";"99,59"
"1648778400";"01.04.2022 05:00";"109,02";"109,02";"109,02";"109,02"
"1648782000";"01.04.2022 06:00";"136,65";"136,65";"136,65";"136,65"
"1648785600";"01.04.2022 07:00";"181,41";"181,41";"181,41";"181,41"
"1648789200";"01.04.2022 08:00";"200,03";"200,03";"200,03";"200,03"
"1648792800";"01.04.2022 09:00";"208,47";"208,47";"208,47";"208,47"
"1648796400";"01.04.2022 10:00";"200,35";"200,35";"200,35";"200,35"
"1648800000";"01.04.2022 11:00";"193,08";"193,08";"193,08";"193,08"
"1648803600";"01.04.2022 12:00";"181,14";"181,14";"181,14";"181,14"
"1648807200";"01.04.2022 13:00";"171,94";"171,94";"171,94";"171,94"
"1648810800";"01.04.2022 14:00";"159,91";"159,91";"159,91";"159,91"
"1648814400";"01.04.2022 15:00";"143,57";"143,57";"143,57";"143,57"
"1648818000";"01.04.2022 16:00";"109,95";"109,95";"109,95";"109,95"
"1648821600";"01.04.2022 17:00";"138,92";"138,92";"138,92";"138,92"
"1648825200";"01.04.2022 18:00";"172,4";"172,4";"172,4";"172,4"
"1648828800";"01.04.2022 19:00";"191,7";"191,7";"191,7";"191,7"
"1648832400";"01.04.2022 20:00";"201,01";"201,01";"199,57";"201,01"
"1648836000";"01.04.2022 21:00";"195,38";"195,38";"195,38";"195,38"
"1648839600";"01.04.2022 22:00";"174,92";"174,92";"174,92";"174,92"
"1648843200";"01.04.2022 23:00";"137,69";"137,69";"137,69";"137,69"
"1648846800";"02.04.2022 00:00";"117,77";"117,77";"117,77";"117,77"
"1648850400";"02.04.2022 01:00";"107,71";"107,71";"106,91";"107,71"
"1648854000";"02.04.2022 02:00";"97,99";"97,99";"97,99";"97,99"
"1648857600";"02.04.2022 03:00";"99,99";"99,99";"83,35";"99,99"
"1648861200";"02.04.2022 04:00";"98,79";"98,79";"70,01";"98,79"
"1648864800";"02.04.2022 05:00";"99,33";"99,33";"60,49";"99,33"
"1648868400";"02.04.2022 06:00";"91,56";"91,56";"57,26";"91,56"
"1648872000";"02.04.2022 07:00";"104,45";"104,45";"45,91";"104,45"
"1648875600";"02.04.2022 08:00";"122,58";"122,58";"42,92";"122,58"
"1648879200";"02.04.2022 09:00";"140,17";"140,17";"32,66";"140,17"
"1648882800";"02.04.2022 10:00";"154,94";"154,94";"45,07";"154,94"
"1648886400";"02.04.2022 11:00";"137,43";"137,43";"48,39";"137,43"
"1648890000";"02.04.2022 12:00";"89,95";"89,95";"40,82";"89,95"
"1648893600";"02.04.2022 13:00";"103,35";"103,35";"29,25";"103,35"
"1648897200";"02.04.2022 14:00";"107,6";"107,6";"25,87";"107,6"
"1648900800";"02.04.2022 15:00";"25,28";"25,28";"25,28";"25,28"
"1648904400";"02.04.2022 16:00";"104,42";"104,42";"25,98";"104,42"
"1648908000";"02.04.2022 17:00";"107,78";"107,78";"35,75";"107,78"
"1648911600";"02.04.2022 18:00";"45,64";"45,64";"45,64";"45,64"
"1648915200";"02.04.2022 19:00";"140";"140";"73,12";"140"
"1648918800";"02.04.2022 20:00";"183,29";"183,29";"80,87";"183,29"
"1648922400";"02.04.2022 21:00";"213,74";"213,74";"58,7";"213,74"
"1648926000";"02.04.2022 22:00";"88,99";"88,99";"57,79";"88,99"
"1648929600";"02.04.2022 23:00";"117,84";"117,84";"36,7";"117,84"
"1648933200";"03.04.2022 00:00";"116,45";"116,45";"28,36";"116,45"
"1648936800";"03.04.2022 01:00";"98,96";"98,96";"34,87";"98,96"
"1648940400";"03.04.2022 02:00";"98,61";"98,61";"34,35";"98,61"
"1648944000";"03.04.2022 03:00";"98,51";"98,51";"35,25";"98,51"
"1648947600";"03.04.2022 04:00";"97,93";"97,93";"36,74";"97,93"
"1648951200";"03.04.2022 05:00";"98,51";"98,51";"39,02";"98,51"
"1648954800";"03.04.2022 06:00";"98,46";"98,46";"41,37";"98,46"
"1648958400";"03.04.2022 07:00";"97,82";"97,82";"50,04";"97,82"
"1648962000";"03.04.2022 08:00";"85,85";"85,85";"53,05";"85,85"
"1648965600";"03.04.2022 09:00";"86,14";"86,14";"67,52";"86,14"
"1648969200";"03.04.2022 10:00";"87,79";"87,79";"74,28";"87,79"
"1648972800";"03.04.2022 11:00";"85,41";"85,41";"77,33";"85,41"
"1648976400";"03.04.2022 12:00";"61,94";"61,94";"61,94";"61,94"
"1648980000";"03.04.2022 13:00";"87,53";"87,53";"59,96";"87,53"
"1648983600";"03.04.2022 14:00";"87,81";"87,81";"55,01";"87,81"
"1648987200";"03.04.2022 15:00";"87,66";"87,66";"51,71";"87,66"
"1648990800";"03.04.2022 16:00";"48,71";"48,71";"48,71";"48,71"
"1648994400";"03.04.2022 17:00";"48,55";"48,55";"48,55";"48,55"
"1648998000";"03.04.2022 18:00";"58,93";"58,93";"58,93";"58,93"
"1649001600";"03.04.2022 19:00";"68,66";"68,66";"68,66";"68,66"
"1649005200";"03.04.2022 20:00";"158,31";"158,31";"90,09";"158,31"
"1649008800";"03.04.2022 21:00";"69,95";"69,95";"69,95";"69,95"
"1649012400";"03.04.2022 22:00";"130,93";"130,93";"64,6";"130,93"
"1649016000";"03.04.2022 23:00";"99,34";"99,34";"57,33";"99,34"
"1649019600";"04.04.2022 00:00";"85,76";"85,76";"46,76";"85,76"
"1649023200";"04.04.2022 01:00";"86,22";"86,22";"49,96";"86,22"
"1649026800";"04.04.2022 02:00";"48,4";"48,4";"48,4";"48,4"
"1649030400";"04.04.2022 03:00";"46,93";"46,93";"46,93";"46,93"
"1649034000";"04.04.2022 04:00";"45,28";"45,28";"45,28";"45,28"
"1649037600";"04.04.2022 05:00";"42,52";"42,52";"42,52";"42,52"
"1649041200";"04.04.2022 06:00";"63,71";"63,71";"63,71";"63,71"
"1649044800";"04.04.2022 07:00";"109,96";"109,96";"109,96";"109,96"
"1649048400";"04.04.2022 08:00";"120,6";"120,6";"120,6";"120,6"
"1649052000";"04.04.2022 09:00";"101,16";"101,16";"101,16";"101,16"
"1649055600";"04.04.2022 10:00";"87,6";"87,6";"87,6";"87,6"
"1649059200";"04.04.2022 11:00";"86,59";"86,59";"86,59";"86,59"
"1649062800";"04.04.2022 12:00";"86,66";"86,66";"86,66";"86,66"
"1649066400";"04.04.2022 13:00";"87,78";"87,78";"87,78";"87,78"
"1649070000";"04.04.2022 14:00";"86,37";"86,37";"86,37";"86,37"
"1649073600";"04.04.2022 15:00";"85,27";"85,27";"57,71";"85,27"
"1649077200";"04.04.2022 16:00";"48,38";"48,38";"48,38";"48,38"
"1649080800";"04.04.2022 17:00";"48,4";"48,4";"48,4";"48,4"
"1649084400";"04.04.2022 18:00";"68,62";"68,62";"68,62";"68,62"
"1649088000";"04.04.2022 19:00";"69,93";"69,93";"69,93";"69,93"
"1649091600";"04.04.2022 20:00";"74,86";"74,86";"74,86";"74,86"
"1649095200";"04.04.2022 21:00";"72,74";"72,74";"72,74";"72,74"
"1649098800";"04.04.2022 22:00";"63,43";"63,43";"63,43";"63,43"
"1649102400";"04.04.2022 23:00";"55,89";"55,89";"55,89";"55,89"
"1649106000";"05.04.2022 00:00";"50,01";"50,01";"48,31";"50,01"
"1649109600";"05.04.2022 01:00";"17,44";"17,44";"17,44";"17,44"
"1649113200";"05.04.2022 02:00";"17,02";"17,02";"17,02";"17,02"
"1649116800";"05.04.2022 03:00";"16,94";"16,94";"16,94";"16,94"
"1649120400";"05.04.2022 04:00";"17,5";"17,5";"17,5";"17,5"
"1649124000";"05.04.2022 05:00";"19,22";"19,22";"19,22";"19,22"
"1649127600";"05.04.2022 06:00";"30,9";"30,9";"30,9";"30,9"
"1649131200";"05.04.2022 07:00";"64,99";"64,99";"64,99";"64,99"
"1649134800";"05.04.2022 08:00";"122,06";"122,06";"109,9";"122,06"
"1649138400";"05.04.2022 09:00";"186,15";"186,15";"109,92";"186,15"
"1649142000";"05.04.2022 10:00";"118,9";"118,9";"100,04";"118,9"
"1649145600";"05.04.2022 11:00";"108,79";"108,79";"108,79";"108,79"
"1649149200";"05.04.2022 12:00";"100,35";"100,35";"100,35";"100,35"
"1649152800";"05.04.2022 13:00";"72,68";"72,68";"72,68";"72,68"
"1649156400";"05.04.2022 14:00";"95,45";"95,45";"54,89";"95,45"
"1649160000";"05.04.2022 15:00";"90,15";"90,15";"27,62";"90,15"
"1649163600";"05.04.2022 16:00";"105,74";"105,74";"34,9";"105,74"
"1649167200";"05.04.2022 17:00";"32,29";"32,29";"32,29";"32,29"
"1649170800";"05.04.2022 18:00";"49,87";"49,87";"49,87";"49,87"
"1649174400";"05.04.2022 19:00";"118,64";"118,64";"72,02";"118,64"
"1649178000";"05.04.2022 20:00";"189,56";"189,56";"75,44";"189,56"
"1649181600";"05.04.2022 21:00";"199,98";"199,98";"41,07";"199,98"
"1649185200";"05.04.2022 22:00";"145,01";"145,01";"46,29";"145,01"
"1649188800";"05.04.2022 23:00";"26,22";"26,22";"26,22";"26,22"
"1649192400";"06.04.2022 00:00";"55";"55";"21,27";"55"
"1649196000";"06.04.2022 01:00";"60,08";"60,08";"24,8";"60,08"
"1649199600";"06.04.2022 02:00";"60,08";"60,08";"24,24";"60,08"
"1649203200";"06.04.2022 03:00";"99,79";"99,79";"23,61";"99,79"
"1649206800";"06.04.2022 04:00";"99,7";"99,7";"24,01";"99,7"
"1649210400";"06.04.2022 05:00";"104,97";"104,97";"25,42";"104,97"
"1649214000";"06.04.2022 06:00";"118,48";"118,48";"52,67";"118,48"
"1649217600";"06.04.2022 07:00";"165,6";"165,6";"91,4";"165,6"
"1649221200";"06.04.2022 08:00";"177,84";"177,84";"109,92";"177,84"
"1649224800";"06.04.2022 09:00";"179,61";"179,61";"109,92";"179,61"
"1649228400";"06.04.2022 10:00";"159,36";"159,36";"109,92";"159,36"
"1649232000";"06.04.2022 11:00";"100,04";"100,04";"100,04";"100,04"
"1649235600";"06.04.2022 12:00";"77,08";"77,08";"77,08";"77,08"
"1649239200";"06.04.2022 13:00";"91,54";"91,54";"79,71";"91,54"
"1649242800";"06.04.2022 14:00";"97,24";"97,24";"74,73";"97,24"
"1649246400";"06.04.2022 15:00";"93,91";"93,91";"71,98";"93,91"
"1649250000";"06.04.2022 16:00";"92,91";"92,91";"74,75";"92,91"
"1649253600";"06.04.2022 17:00";"99,46";"99,46";"74,81";"99,46"
"1649257200";"06.04.2022 18:00";"126,26";"126,26";"109,96";"126,26"
"1649260800";"06.04.2022 19:00";"165,54";"165,54";"160,04";"165,54"
"1649264400";"06.04.2022 20:00";"178,43";"178,43";"178,43";"178,43"
"1649268000";"06.04.2022 21:00";"171";"171";"99,5";"171"
"1649271600";"06.04.2022 22:00";"132,42";"132,42";"109,93";"132,42"
"1649275200";"06.04.2022 23:00";"109,11";"109,11";"96,63";"109,11"
"1649278800";"07.04.2022 00:00";"98,6";"98,6";"60,37";"98,6"
"1649282400";"07.04.2022 01:00";"81,73";"81,73";"61,38";"81,73"
"1649286000";"07.04.2022 02:00";"72,17";"72,17";"60,89";"72,17"
"1649289600";"07.04.2022 03:00";"69,23";"69,23";"59,64";"69,23"
"1649293200";"07.04.2022 04:00";"71,48";"71,48";"67,58";"71,48"
"1649296800";"07.04.2022 05:00";"74,79";"74,79";"73,58";"74,79"
"1649300400";"07.04.2022 06:00";"74,13";"74,13";"74,13";"74,13"
"1649304000";"07.04.2022 07:00";"87,07";"87,07";"87,07";"87,07"
"1649307600";"07.04.2022 08:00";"136,61";"136,61";"136,61";"136,61"
"1649311200";"07.04.2022 09:00";"151,41";"151,41";"151,41";"151,41"
"1649314800";"07.04.2022 10:00";"95,96";"95,96";"95,96";"95,96"
"1649318400";"07.04.2022 11:00";"90,42";"90,42";"90,42";"90,42"
"1649322000";"07.04.2022 12:00";"87,16";"87,16";"87,16";"87,16"
"1649325600";"07.04.2022 13:00";"86,68";"86,68";"80,09";"86,68"
"1649329200";"07.04.2022 14:00";"84,67";"84,67";"70,38";"84,67"
"1649332800";"07.04.2022 15:00";"84,9";"84,9";"70,15";"84,9"
"1649336400";"07.04.2022 16:00";"86,91";"86,91";"73,35";"86,91"
"1649340000";"07.04.2022 17:00";"87,68";"87,68";"74,82";"87,68"
"1649343600";"07.04.2022 18:00";"87,63";"87,63";"80,91";"87,63"
"1649347200";"07.04.2022 19:00";"87,91";"87,91";"82,06";"87,91"
"1649350800";"07.04.2022 20:00";"104,52";"104,52";"92,15";"104,52"
"1649354400";"07.04.2022 21:00";"111,75";"111,75";"75,16";"111,75"
"1649358000";"07.04.2022 22:00";"54,68";"54,68";"54,68";"54,68"
"1649361600";"07.04.2022 23:00";"45,08";"45,08";"45,08";"45,08"
"1649365200";"08.04.2022 00:00";"27,35";"27,35";"27,35";"27,35"
"1649368800";"08.04.2022 01:00";"14,33";"14,33";"14,33";"14,33"
"1649372400";"08.04.2022 02:00";"9,84";"9,84";"8,42";"9,84"
"1649376000";"08.04.2022 03:00";"54,5";"54,5";"2,11";"54,5"
"1649379600";"08.04.2022 04:00";"5";"5";"2,47";"5"
"1649383200";"08.04.2022 05:00";"8,79";"8,79";"8,79";"8,79"
"1649386800";"08.04.2022 06:00";"19,85";"19,85";"19,85";"19,85"
"1649390400";"08.04.2022 07:00";"49,34";"49,34";"37,1";"49,34"
"1649394000";"08.04.2022 08:00";"92,44";"92,44";"41,25";"92,44"
"1649397600";"08.04.2022 09:00";"95,87";"95,87";"40,76";"95,87"
"1649401200";"08.04.2022 10:00";"84,91";"84,91";"40,89";"84,91"
"1649404800";"08.04.2022 11:00";"81,85";"81,85";"45,87";"81,85"
"1649408400";"08.04.2022 12:00";"84,42";"84,42";"47,5";"84,42"
"1649412000";"08.04.2022 13:00";"64,26";"64,26";"46,03";"64,26"
"1649415600";"08.04.2022 14:00";"41,68";"41,68";"41,68";"41,68"
"1649419200";"08.04.2022 15:00";"25,95";"25,95";"25,95";"25,95"
"1649422800";"08.04.2022 16:00";"34,9";"34,9";"34,9";"34,9"
"1649426400";"08.04.2022 17:00";"30,56";"30,56";"30,56";"30,56"
"1649430000";"08.04.2022 18:00";"100,16";"100,16";"42,26";"100,16"
"1649433600";"08.04.2022 19:00";"25,69";"25,69";"25,69";"25,69"
"1649437200";"08.04.2022 20:00";"105,01";"105,01";"34,91";"105,01"
"1649440800";"08.04.2022 21:00";"26,06";"26,06";"26,06";"26,06"
"1649444400";"08.04.2022 22:00";"25,36";"25,36";"25,36";"25,36"
"1649448000";"08.04.2022 23:00";"22,93";"22,93";"22,93";"22,93"
"1649451600";"09.04.2022 00:00";"25,09";"25,09";"20,64";"25,09"
"1649455200";"09.04.2022 01:00";"25,58";"25,58";"25,58";"25,58"
"1649458800";"09.04.2022 02:00";"25,64";"25,64";"25,64";"25,64"
"1649462400";"09.04.2022 03:00";"25,66";"25,66";"25,66";"25,66"
"1649466000";"09.04.2022 04:00";"26,4";"26,4";"26,4";"26,4"
"1649469600";"09.04.2022 05:00";"30,19";"30,19";"30,19";"30,19"
"1649473200";"09.04.2022 06:00";"33,76";"33,76";"33,76";"33,76"
"1649476800";"09.04.2022 07:00";"31,64";"31,64";"31,64";"31,64"
"1649480400";"09.04.2022 08:00";"28,95";"28,95";"28,95";"28,95"
"1649484000";"09.04.2022 09:00";"35,22";"35,22";"35,22";"35,22"
"1649487600";"09.04.2022 10:00";"36,11";"36,11";"36,11";"36,11"
"1649491200";"09.04.2022 11:00";"25,36";"25,36";"25,36";"25,36"
"1649494800";"09.04.2022 12:00";"21,8";"21,8";"21,8";"21,8"
"1649498400";"09.04.2022 13:00";"22,2";"22,2";"22,2";"22,2"
"1649502000";"09.04.2022 14:00";"21,73";"21,73";"21,73";"21,73"
"1649505600";"09.04.2022 15:00";"20,69";"20,69";"20,69";"20,69"
"1649509200";"09.04.2022 16:00";"20,72";"20,72";"20,72";"20,72"
"1649512800";"09.04.2022 17:00";"19,01";"19,01";"19,01";"19,01"
"1649516400";"09.04.2022 18:00";"22,44";"22,44";"22,44";"22,44"
"1649520000";"09.04.2022 19:00";"36,31";"36,31";"36,31";"36,31"
"1649523600";"09.04.2022 20:00";"39,93";"39,93";"39,93";"39,93"
"1649527200";"09.04.2022 21:00";"34,61";"34,61";"34,61";"34,61"
"1649530800";"09.04.2022 22:00";"35,4";"35,4";"35,4";"35,4"
"1649534400";"09.04.2022 23:00";"65,06";"65,06";"29,13";"65,06"
"1649538000";"10.04.2022 00:00";"30,05";"30,05";"27";"30,05"
"1649541600";"10.04.2022 01:00";"25,49";"25,49";"25,49";"25,49"
"1649545200";"10.04.2022 02:00";"24,57";"24,57";"24,57";"24,57"
"1649548800";"10.04.2022 03:00";"24";"24";"24";"24"
"1649552400";"10.04.2022 04:00";"23,72";"23,72";"23,72";"23,72"
"1649556000";"10.04.2022 05:00";"23,7";"23,7";"23,7";"23,7"
"1649559600";"10.04.2022 06:00";"24,65";"24,65";"24,65";"24,65"
"1649563200";"10.04.2022 07:00";"23,53";"23,53";"23,53";"23,53"
"1649566800";"10.04.2022 08:00";"25,28";"25,28";"25,28";"25,28"
"1649570400";"10.04.2022 09:00";"26,49";"26,49";"26,49";"26,49"
"1649574000";"10.04.2022 10:00";"21,93";"21,93";"21,93";"21,93"
"1649577600";"10.04.2022 11:00";"12,59";"12,59";"12,59";"12,59"
"1649581200";"10.04.2022 12:00";"13";"13";"13";"13"
"1649584800";"10.04.2022 13:00";"8,75";"8,75";"8,75";"8,75"
"1649588400";"10.04.2022 14:00";"8,44";"8,44";"8,44";"8,44"
"1649592000";"10.04.2022 15:00";"5,13";"5,13";"5,13";"5,13"
"1649595600";"10.04.2022 16:00";"5";"5";"5";"5"
"1649599200";"10.04.2022 17:00";"8,52";"8,52";"8,52";"8,52"
"1649602800";"10.04.2022 18:00";"14,86";"14,86";"14,86";"14,86"
"1649606400";"10.04.2022 19:00";"24,35";"24,35";"24,35";"24,35"
"1649610000";"10.04.2022 20:00";"29,91";"29,91";"29,91";"29,91"
"1649613600";"10.04.2022 21:00";"64";"64";"27,93";"64"
"1649617200";"10.04.2022 22:00";"24,51";"24,51";"24,51";"24,51"
"1649620800";"10.04.2022 23:00";"14,62";"14,62";"14,62";"14,62"
"1649624400";"11.04.2022 00:00";"18,01";"18,01";"12,96";"18,01"
"1649628000";"11.04.2022 01:00";"22,66";"22,66";"22,66";"22,66"
"1649631600";"11.04.2022 02:00";"20,2";"20,2";"20,2";"20,2"
"1649635200";"11.04.2022 03:00";"21,78";"21,78";"21,78";"21,78"
"1649638800";"11.04.2022 04:00";"24,52";"24,52";"24,52";"24,52"
"1649642400";"11.04.2022 05:00";"25,87";"25,87";"25,87";"25,87"
"1649646000";"11.04.2022 06:00";"65,09";"65,09";"35,84";"65,09"
"1649649600";"11.04.2022 07:00";"169,14";"169,14";"109,97";"169,14"
"1649653200";"11.04.2022 08:00";"255,01";"255,01";"129,75";"255,01"
"1649656800";"11.04.2022 09:00";"275,91";"275,91";"199,1";"275,91"
"1649660400";"11.04.2022 10:00";"217,39";"217,39";"174,99";"217,39"
"1649664000";"11.04.2022 11:00";"199,66";"199,66";"115,91";"199,66"
"1649667600";"11.04.2022 12:00";"109,96";"185,18";"109,96";"109,96"
"1649671200";"11.04.2022 13:00";"182,02";"182,02";"101,32";"182,02"
"1649674800";"11.04.2022 14:00";"103,93";"140,08";"103,93";"103,93"
"1649678400";"11.04.2022 15:00";"98,29";"140,01";"54,48";"98,29"
"1649682000";"11.04.2022 16:00";"99,99";"99,99";"63,02";"99,99"
"1649685600";"11.04.2022 17:00";"140,02";"140,02";"72,81";"140,02"
"1649689200";"11.04.2022 18:00";"184,42";"184,42";"75,54";"184,42"
"1649692800";"11.04.2022 19:00";"187,49";"187,49";"109,91";"187,49"
"1649696400";"11.04.2022 20:00";"242,65";"242,65";"119,99";"242,65"
"1649700000";"11.04.2022 21:00";"245,06";"245,06";"47,09";"245,06"
"1649703600";"11.04.2022 22:00";"189,28";"189,28";"40,03";"189,28"
"1649707200";"11.04.2022 23:00";"140,03";"140,03";"33,12";"140,03"
"1649710800";"12.04.2022 00:00";"99,97";"99,97";"29,12";"99,97"
"1649714400";"12.04.2022 01:00";"100,02";"100,02";"35,77";"100,02"
"1649718000";"12.04.2022 02:00";"100,02";"100,02";"36,63";"100,02"
"1649721600";"12.04.2022 03:00";"100,03";"100,03";"38,19";"100,03"
"1649725200";"12.04.2022 04:00";"100,06";"100,06";"41,09";"100,06"
"1649728800";"12.04.2022 05:00";"100,07";"100,07";"44,78";"100,07"
"1649732400";"12.04.2022 06:00";"186,93";"186,93";"109,96";"186,93"
"1649736000";"12.04.2022 07:00";"229,54";"229,54";"229,54";"229,54"
"1649739600";"12.04.2022 08:00";"268,78";"268,78";"268,78";"268,78"
"1649743200";"12.04.2022 09:00";"250,99";"260,33";"109,98";"250,99"
"1649746800";"12.04.2022 10:00";"126,56";"219,02";"109,21";"126,56"
"1649750400";"12.04.2022 11:00";"109,95";"182,51";"109,95";"109,95"
"1649754000";"12.04.2022 12:00";"172,32";"172,32";"99,96";"172,32"
"1649757600";"12.04.2022 13:00";"136,12";"136,12";"97,33";"136,12"
"1649761200";"12.04.2022 14:00";"110,02";"110,02";"80,81";"110,02"
"1649764800";"12.04.2022 15:00";"100,01";"100,01";"83,7";"100,01"
"1649768400";"12.04.2022 16:00";"118,14";"118,14";"77,01";"118,14"
"1649772000";"12.04.2022 17:00";"139,9";"139,9";"76,58";"139,9"
"1649775600";"12.04.2022 18:00";"179,4";"179,4";"179,4";"179,4"
"1649779200";"12.04.2022 19:00";"184,63";"184,63";"184,63";"184,63"
"1649782800";"12.04.2022 20:00";"194,95";"194,95";"187,03";"194,95"
"1649786400";"12.04.2022 21:00";"200,03";"200,03";"185,97";"200,03"
"1649790000";"12.04.2022 22:00";"182,37";"182,37";"182,37";"182,37"
"1649793600";"12.04.2022 23:00";"173,2";"173,2";"173,2";"173,2"
"1649797200";"13.04.2022 00:00";"109,95";"109,95";"109,95";"109,95"
"1649800800";"13.04.2022 01:00";"128,9";"128,9";"76,41";"128,9"
"1649804400";"13.04.2022 02:00";"112,78";"112,78";"76,84";"112,78"
"1649808000";"13.04.2022 03:00";"112,73";"112,73";"76,9";"112,73"
"1649811600";"13.04.2022 04:00";"118,17";"118,17";"77,86";"118,17"
"1649815200";"13.04.2022 05:00";"119,45";"119,45";"78,61";"119,45"
"1649818800";"13.04.2022 06:00";"90,36";"90,36";"90,36";"90,36"
"1649822400";"13.04.2022 07:00";"183,2";"183,2";"183,2";"183,2"
"1649826000";"13.04.2022 08:00";"242,72";"242,72";"187,97";"242,72"
"1649829600";"13.04.2022 09:00";"225,07";"225,07";"191,75";"225,07"
"1649833200";"13.04.2022 10:00";"188,84";"188,84";"188,84";"188,84"
"1649836800";"13.04.2022 11:00";"117,75";"117,75";"117,75";"117,75"
"1649840400";"13.04.2022 12:00";"106,47";"106,47";"106,47";"106,47"
"1649844000";"13.04.2022 13:00";"96,89";"96,89";"96,23";"96,89"
"1649847600";"13.04.2022 14:00";"87,18";"87,18";"81,34";"87,18"
"1649851200";"13.04.2022 15:00";"97,77";"97,77";"73,06";"97,77"
"1649854800";"13.04.2022 16:00";"69,28";"69,28";"69,28";"69,28"
"1649858400";"13.04.2022 17:00";"112,7";"112,7";"76,13";"112,7"
"1649862000";"13.04.2022 18:00";"241,25";"241,25";"79,5";"241,25"
"1649865600";"13.04.2022 19:00";"225,08";"225,08";"86,62";"225,08"
"1649869200";"13.04.2022 20:00";"196,51";"196,51";"109,99";"196,51"
"1649872800";"13.04.2022 21:00";"225,09";"225,09";"87,94";"225,09"
"1649876400";"13.04.2022 22:00";"72,4";"72,4";"72,4";"72,4"
"1649880000";"13.04.2022 23:00";"112,8";"112,8";"64,34";"112,8"
"1649883600";"14.04.2022 00:00";"112,8";"112,8";"58,73";"112,8"
"1649887200";"14.04.2022 01:00";"68,78";"68,78";"68,78";"68,78"
"1649890800";"14.04.2022 02:00";"64,53";"64,53";"64,53";"64,53"
"1649894400";"14.04.2022 03:00";"65,84";"65,84";"65,84";"65,84"
"1649898000";"14.04.2022 04:00";"70,07";"70,07";"70,07";"70,07"
"1649901600";"14.04.2022 05:00";"72,63";"72,63";"72,63";"72,63"
"1649905200";"14.04.2022 06:00";"73,6";"73,6";"73,6";"73,6"
"1649908800";"14.04.2022 07:00";"100,09";"100,09";"100,09";"100,09"
"1649912400";"14.04.2022 08:00";"196,14";"196,14";"110";"113,88"
"1649916000";"14.04.2022 09:00";"199,95";"199,95";"109,99";"199,95"
"1649919600";"14.04.2022 10:00";"159,95";"159,95";"118,55";"159,95"
"1649923200";"14.04.2022 11:00";"155,1";"155,1";"140";"140"
"1649926800";"14.04.2022 12:00";"159,91";"159,91";"148,56";"148,56"
"1649930400";"14.04.2022 13:00";"125,06";"125,06";"110";"110"
"1649934000";"14.04.2022 14:00";"109,99";"109,99";"109,99";"109,99"
"1649937600";"14.04.2022 15:00";"98,26";"98,26";"98,26";"98,26"
"1649941200";"14.04.2022 16:00";"83,63";"83,63";"83,63";"83,63"
"1649944800";"14.04.2022 17:00";"139,95";"139,95";"115,33";"139,95"
"1649948400";"14.04.2022 18:00";"113,85";"113,85";"110";"113,85"
"1649952000";"14.04.2022 19:00";"125,03";"125,03";"82,83";"125,03"
"1649955600";"14.04.2022 20:00";"204,59";"204,59";"97,56";"204,59"
"1649959200";"14.04.2022 21:00";"174,5";"174,5";"76,44";"174,5"
"1649962800";"14.04.2022 22:00";"154,99";"154,99";"63,44";"154,99"
"1649966400";"14.04.2022 23:00";"80,05";"80,05";"57,78";"80,05"
"1649970000";"15.04.2022 00:00";"141,23";"141,23";"44,66";"141,23"
"1649973600";"15.04.2022 01:00";"49,78";"49,78";"49,78";"49,78"
"1649977200";"15.04.2022 02:00";"45,76";"45,76";"45,76";"45,76"
"1649980800";"15.04.2022 03:00";"44,73";"44,73";"44,73";"44,73"
"1649984400";"15.04.2022 04:00";"44,79";"44,79";"44,79";"44,79"
"1649988000";"15.04.2022 05:00";"49,9";"49,9";"49,9";"49,9"
"1649991600";"15.04.2022 06:00";"55,02";"55,02";"55,02";"55,02"
"1649995200";"15.04.2022 07:00";"68,78";"68,78";"68,78";"68,78"
"1649998800";"15.04.2022 08:00";"220,78";"220,78";"65,15";"220,78"
"1650002400";"15.04.2022 09:00";"209,88";"209,88";"69,41";"209,88"
"1650006000";"15.04.2022 10:00";"125,03";"125,03";"70,07";"125,03"
"1650009600";"15.04.2022 11:00";"78";"78";"69,59";"78"
"1650013200";"15.04.2022 12:00";"66,9";"66,9";"66,9";"66,9"
"1650016800";"15.04.2022 13:00";"65,11";"65,11";"65,11";"65,11"
"1650020400";"15.04.2022 14:00";"62,31";"62,31";"62,31";"62,31"
"1650024000";"15.04.2022 15:00";"51,2";"51,2";"51,2";"51,2"
"1650027600";"15.04.2022 16:00";"53,3";"53,3";"53,3";"53,3"
"1650031200";"15.04.2022 17:00";"62,01";"62,01";"62,01";"62,01"
"1650034800";"15.04.2022 18:00";"68,39";"68,39";"68,39";"68,39"
"1650038400";"15.04.2022 19:00";"82";"82";"69,96";"82"
"1650042000";"15.04.2022 20:00";"155,01";"155,01";"79,26";"155,01"
"1650045600";"15.04.2022 21:00";"155,01";"155,01";"70,82";"155,01"
"1650049200";"15.04.2022 22:00";"68,61";"68,61";"68,61";"68,61"
"1650052800";"15.04.2022 23:00";"62,71";"62,71";"62,71";"62,71"
"1650056400";"16.04.2022 00:00";"58,99";"58,99";"58,99";"58,99"
"1650060000";"16.04.2022 01:00";"76,39";"76,39";"76,39";"76,39"
"1650063600";"16.04.2022 02:00";"69,78";"69,78";"69,78";"69,78"
"1650067200";"16.04.2022 03:00";"69,08";"69,08";"69,08";"69,08"
"1650070800";"16.04.2022 04:00";"68,52";"68,52";"68,52";"68,52"
"1650074400";"16.04.2022 05:00";"68,06";"68,06";"68,06";"68,06"
"1650078000";"16.04.2022 06:00";"65";"65";"65";"65"
"1650081600";"16.04.2022 07:00";"62,43";"62,43";"62,43";"62,43"
"1650085200";"16.04.2022 08:00";"61,78";"61,78";"61,78";"61,78"
"1650088800";"16.04.2022 09:00";"65,53";"65,53";"65,53";"65,53"
"1650092400";"16.04.2022 10:00";"64,97";"64,97";"64,97";"64,97"
"1650096000";"16.04.2022 11:00";"64,91";"64,91";"64,91";"64,91"
"1650099600";"16.04.2022 12:00";"59,15";"59,15";"59,15";"59,15"
"1650103200";"16.04.2022 13:00";"62,61";"62,61";"62,61";"62,61"
"1650106800";"16.04.2022 14:00";"51,88";"51,88";"51,88";"51,88"
"1650110400";"16.04.2022 15:00";"34,61";"34,61";"34,61";"34,61"
"1650114000";"16.04.2022 16:00";"40,32";"40,32";"40,32";"40,32"
"1650117600";"16.04.2022 17:00";"65,84";"65,84";"52,22";"65,84"
"1650121200";"16.04.2022 18:00";"54,85";"54,85";"54,85";"54,85"
"1650124800";"16.04.2022 19:00";"57,12";"57,12";"57,12";"57,12"
"1650128400";"16.04.2022 20:00";"125,07";"125,07";"58,72";"125,07"
"1650132000";"16.04.2022 21:00";"147,99";"147,99";"54,11";"147,99"
"1650135600";"16.04.2022 22:00";"51,78";"51,78";"51,78";"51,78"
"1650139200";"16.04.2022 23:00";"48,52";"48,52";"48,52";"48,52"
"1650142800";"17.04.2022 00:00";"40,73";"40,73";"40,73";"40,73"
"1650146400";"17.04.2022 01:00";"37,03";"37,03";"37,03";"37,03"
"1650150000";"17.04.2022 02:00";"35,05";"35,05";"35,05";"35,05"
"1650153600";"17.04.2022 03:00";"35,22";"35,22";"35,22";"35,22"
"1650157200";"17.04.2022 04:00";"37,44";"37,44";"37,44";"37,44"
"1650160800";"17.04.2022 05:00";"41,75";"41,75";"41,75";"41,75"
"1650164400";"17.04.2022 06:00";"44,17";"44,17";"44,17";"44,17"
"1650168000";"17.04.2022 07:00";"45,32";"45,32";"45,32";"45,32"
"1650171600";"17.04.2022 08:00";"50,93";"50,93";"50,93";"50,93"
"1650175200";"17.04.2022 09:00";"66,23";"66,23";"66,23";"66,23"
"1650178800";"17.04.2022 10:00";"69,27";"69,27";"69,27";"69,27"
"1650182400";"17.04.2022 11:00";"64,09";"64,09";"64,09";"64,09"
"1650186000";"17.04.2022 12:00";"41,29";"41,29";"41,29";"41,29"
"1650189600";"17.04.2022 13:00";"23,94";"23,94";"23,94";"23,94"
"1650193200";"17.04.2022 14:00";"13,16";"13,16";"13,16";"13,16"
"1650196800";"17.04.2022 15:00";"13,14";"13,14";"13,14";"13,14"
"1650200400";"17.04.2022 16:00";"13,18";"13,18";"13,18";"13,18"
"1650204000";"17.04.2022 17:00";"20,51";"20,51";"20,51";"20,51"
"1650207600";"17.04.2022 18:00";"60,69";"60,69";"60,69";"60,69"
"1650211200";"17.04.2022 19:00";"69,46";"69,46";"69,46";"69,46"
"1650214800";"17.04.2022 20:00";"70,45";"70,45";"70,45";"70,45"
"1650218400";"17.04.2022 21:00";"73,52";"73,52";"73,52";"73,52"
"1650222000";"17.04.2022 22:00";"72,58";"72,58";"72,58";"72,58"
"1650225600";"17.04.2022 23:00";"69,46";"69,46";"69,46";"69,46"
"1650229200";"18.04.2022 00:00";"63,23";"63,23";"63,23";"63,23"
"1650232800";"18.04.2022 01:00";"67,94";"67,94";"67,94";"67,94"
"1650236400";"18.04.2022 02:00";"64,4";"64,4";"64,4";"64,4"
"1650240000";"18.04.2022 03:00";"64,8";"64,8";"64,8";"64,8"
"1650243600";"18.04.2022 04:00";"67,85";"67,85";"67,85";"67,85"
"1650247200";"18.04.2022 05:00";"83,21";"83,21";"72,67";"83,21"
"1650250800";"18.04.2022 06:00";"90,09";"90,09";"69,26";"90,09"
"1650254400";"18.04.2022 07:00";"92,94";"92,94";"68,01";"92,94"
"1650258000";"18.04.2022 08:00";"102,48";"102,48";"71,08";"102,48"
"1650261600";"18.04.2022 09:00";"106,04";"106,04";"70,44";"106,04"
"1650265200";"18.04.2022 10:00";"98,75";"98,75";"80,54";"98,75"
"1650268800";"18.04.2022 11:00";"82,13";"82,13";"82,13";"82,13"
"1650272400";"18.04.2022 12:00";"77,81";"77,81";"77,81";"77,81"
"1650276000";"18.04.2022 13:00";"72,02";"72,02";"72,02";"72,02"
"1650279600";"18.04.2022 14:00";"61,17";"61,17";"61,17";"61,17"
"1650283200";"18.04.2022 15:00";"45";"45";"45";"45"
"1650286800";"18.04.2022 16:00";"59,97";"59,97";"59,97";"59,97"
"1650290400";"18.04.2022 17:00";"72,9";"72,9";"72,9";"72,9"
"1650294000";"18.04.2022 18:00";"81,56";"81,56";"81,56";"81,56"
"1650297600";"18.04.2022 19:00";"82,94";"82,94";"82,94";"82,94"
"1650301200";"18.04.2022 20:00";"160,02";"160,02";"86,42";"160,02"
"1650304800";"18.04.2022 21:00";"160,06";"160,06";"82,68";"160,06"
"1650308400";"18.04.2022 22:00";"160,01";"160,01";"82,9";"160,01"
"1650312000";"18.04.2022 23:00";"71,26";"71,26";"71,26";"71,26"
"1650315600";"19.04.2022 00:00";"64,18";"64,18";"64,18";"64,18"
"1650319200";"19.04.2022 01:00";"102,65";"102,65";"81,88";"102,65"
"1650322800";"19.04.2022 02:00";"79,57";"79,57";"79,57";"79,57"
"1650326400";"19.04.2022 03:00";"79,94";"79,94";"79,94";"79,94"
"1650330000";"19.04.2022 04:00";"81,33";"81,33";"81,33";"81,33"
"1650333600";"19.04.2022 05:00";"84,14";"84,14";"84,14";"84,14"
"1650337200";"19.04.2022 06:00";"119,2";"119,2";"92,34";"119,2"
"1650340800";"19.04.2022 07:00";"180,04";"180,04";"120,01";"180,04"
"1650344400";"19.04.2022 08:00";"291,43";"291,43";"175";"291,43"
"1650348000";"19.04.2022 09:00";"160,05";"295,43";"160,05";"160,05"
"1650351600";"19.04.2022 10:00";"122,87";"249,57";"122,87";"122,87"
"1650355200";"19.04.2022 11:00";"139,95";"226,96";"139,95";"139,95"
"1650358800";"19.04.2022 12:00";"97,52";"202,72";"97,52";"97,52"
"1650362400";"19.04.2022 13:00";"88,55";"200,04";"88,55";"88,55"
"1650366000";"19.04.2022 14:00";"80,65";"200,03";"80,65";"80,65"
"1650369600";"19.04.2022 15:00";"77,92";"200,02";"77,92";"77,92"
"1650373200";"19.04.2022 16:00";"75,05";"200,01";"75,05";"75,05"
"1650376800";"19.04.2022 17:00";"78,42";"164,88";"78,42";"78,42"
"1650380400";"19.04.2022 18:00";"84,97";"140,06";"84,97";"84,97"
"1650384000";"19.04.2022 19:00";"115,3";"140,08";"90,83";"115,3"
"1650387600";"19.04.2022 20:00";"115,37";"180";"88,56";"115,37"
"1650391200";"19.04.2022 21:00";"180,02";"180,02";"89,13";"180,02"
"1650394800";"19.04.2022 22:00";"140,04";"140,04";"87,81";"140,04"
"1650398400";"19.04.2022 23:00";"102,68";"102,68";"84,16";"102,68"
"1650402000";"20.04.2022 00:00";"80,07";"80,07";"74,24";"80,07"
"1650405600";"20.04.2022 01:00";"70,05";"70,05";"68,48";"70,05"
"1650409200";"20.04.2022 02:00";"70,02";"70,02";"65,52";"70,02"
"1650412800";"20.04.2022 03:00";"65,52";"65,52";"65,52";"65,52"
"1650416400";"20.04.2022 04:00";"67,26";"67,26";"67,26";"67,26"
"1650420000";"20.04.2022 05:00";"68,55";"68,55";"68,55";"68,55"
"1650423600";"20.04.2022 06:00";"70,86";"70,86";"70,86";"70,86"
"1650427200";"20.04.2022 07:00";"106,67";"140,01";"86,65";"106,67"
"1650430800";"20.04.2022 08:00";"115,31";"200,08";"109,99";"115,31"
"1650434400";"20.04.2022 09:00";"100,12";"200,06";"100,12";"100,12"
"1650438000";"20.04.2022 10:00";"97,14";"124,08";"97,14";"97,14"
"1650441600";"20.04.2022 11:00";"89,95";"89,95";"89,95";"89,95"
"1650445200";"20.04.2022 12:00";"79,63";"79,63";"79,63";"79,63"
"1650448800";"20.04.2022 13:00";"72,79";"72,79";"72,79";"72,79"
"1650452400";"20.04.2022 14:00";"69,31";"69,31";"69,31";"69,31"
"1650456000";"20.04.2022 15:00";"69,33";"69,33";"69,33";"69,33"
"1650459600";"20.04.2022 16:00";"68,93";"68,93";"68,93";"68,93"
"1650463200";"20.04.2022 17:00";"69,26";"69,26";"69,26";"69,26"
"1650466800";"20.04.2022 18:00";"71,74";"71,74";"71,74";"71,74"
"1650470400";"20.04.2022 19:00";"69,9";"69,9";"69,9";"69,9"
"1650474000";"20.04.2022 20:00";"69,88";"69,88";"69,88";"69,88"
"1650477600";"20.04.2022 21:00";"111,77";"111,77";"69,81";"111,77"
"1650481200";"20.04.2022 22:00";"69,01";"69,01";"69,01";"69,01"
"1650484800";"20.04.2022 23:00";"59,95";"59,95";"59,95";"59,95"
"1650488400";"21.04.2022 00:00";"54,71";"70,02";"54,71";"54,71"
"1650492000";"21.04.2022 01:00";"33,26";"33,26";"33,26";"33,26"
"1650495600";"21.04.2022 02:00";"30,42";"30,42";"30,42";"30,42"
"1650499200";"21.04.2022 03:00";"31,09";"31,09";"31,09";"31,09"
"1650502800";"21.04.2022 04:00";"35,01";"35,01";"35,01";"35,01"
"1650506400";"21.04.2022 05:00";"36,76";"36,76";"36,76";"36,76"
"1650510000";"21.04.2022 06:00";"45,58";"45,58";"45,58";"45,58"
"1650513600";"21.04.2022 07:00";"105,01";"105,01";"66,75";"105,01"
"1650517200";"21.04.2022 08:00";"105,09";"105,09";"72,79";"105,09"
"1650520800";"21.04.2022 09:00";"105,07";"105,07";"81,87";"105,07"
"1650524400";"21.04.2022 10:00";"72,39";"72,39";"72,39";"72,39"
"1650528000";"21.04.2022 11:00";"68,22";"68,22";"68,22";"68,22"
"1650531600";"21.04.2022 12:00";"56,33";"56,33";"56,33";"56,33"
"1650535200";"21.04.2022 13:00";"49,31";"49,31";"49,31";"49,31"
"1650538800";"21.04.2022 14:00";"43,5";"43,5";"43,5";"43,5"
"1650542400";"21.04.2022 15:00";"37,73";"37,73";"37,73";"37,73"
"1650546000";"21.04.2022 16:00";"40,11";"40,11";"40,11";"40,11"
"1650549600";"21.04.2022 17:00";"39,95";"39,95";"39,95";"39,95"
"1650553200";"21.04.2022 18:00";"97,3";"97,3";"44,25";"97,3"
"1650556800";"21.04.2022 19:00";"105,05";"105,05";"46,7";"105,05"
"1650560400";"21.04.2022 20:00";"105,1";"105,1";"45,4";"105,1"
"1650564000";"21.04.2022 21:00";"140";"140";"44,55";"140"
"1650567600";"21.04.2022 22:00";"61,28";"61,28";"39,77";"61,28"
"1650571200";"21.04.2022 23:00";"25,73";"25,73";"25,73";"25,73"
"1650574800";"22.04.2022 00:00";"20,04";"20,04";"19";"20,04"
"1650578400";"22.04.2022 01:00";"40,04";"40,04";"15,99";"40,04"
"1650582000";"22.04.2022 02:00";"40,02";"40,02";"16,92";"40,02"
"1650585600";"22.04.2022 03:00";"40,02";"40,02";"16,71";"40,02"
"1650589200";"22.04.2022 04:00";"40,04";"40,04";"16,93";"40,04"
"1650592800";"22.04.2022 05:00";"40,01";"40,01";"19,39";"40,01"
"1650596400";"22.04.2022 06:00";"117,92";"117,92";"44,65";"117,92"
"1650600000";"22.04.2022 07:00";"90,09";"90,09";"67,46";"90,09"
"1650603600";"22.04.2022 08:00";"148,86";"148,86";"83,64";"148,86"
"1650607200";"22.04.2022 09:00";"90,1";"90,1";"82,84";"90,1"
"1650610800";"22.04.2022 10:00";"90,01";"90,01";"70";"90,01"
"1650614400";"22.04.2022 11:00";"200,01";"200,01";"68,95";"200,01"
"1650618000";"22.04.2022 12:00";"58,27";"58,27";"58,27";"58,27"
"1650621600";"22.04.2022 13:00";"105,42";"105,42";"50,91";"105,42"
"1650625200";"22.04.2022 14:00";"159,93";"159,93";"40,04";"159,93"
"1650628800";"22.04.2022 15:00";"29,97";"29,97";"29,97";"29,97"
"1650632400";"22.04.2022 16:00";"30,34";"30,34";"30,34";"30,34"
"1650636000";"22.04.2022 17:00";"101,42";"101,42";"30,93";"101,42"
"1650639600";"22.04.2022 18:00";"90,04";"90,04";"33,4";"90,04"
"1650643200";"22.04.2022 19:00";"90,07";"90,07";"36,34";"90,07"
"1650646800";"22.04.2022 20:00";"90,09";"90,09";"37,83";"90,09"
"1650650400";"22.04.2022 21:00";"90,02";"90,02";"30,91";"90,02"
"1650654000";"22.04.2022 22:00";"180,56";"180,56";"31,2";"180,56"
"1650657600";"22.04.2022 23:00";"130,87";"130,87";"25,74";"130,87"
"1650661200";"23.04.2022 00:00";"121,08";"121,08";"24,55";"121,08"
"1650664800";"23.04.2022 01:00";"50,1";"50,1";"18,95";"50,1"
"1650668400";"23.04.2022 02:00";"50,06";"50,06";"21,96";"50,06"
"1650672000";"23.04.2022 03:00";"50,01";"50,01";"21,7";"50,01"
"1650675600";"23.04.2022 04:00";"50,06";"50,06";"23,57";"50,06"
"1650679200";"23.04.2022 05:00";"50,03";"50,03";"23,28";"50,03"
"1650682800";"23.04.2022 06:00";"24,47";"24,47";"24,47";"24,47"
"1650686400";"23.04.2022 07:00";"90,25";"90,25";"23,66";"90,25"
"1650690000";"23.04.2022 08:00";"140,2";"140,2";"29,32";"140,2"
"1650693600";"23.04.2022 09:00";"138,1";"138,1";"37,55";"138,1"
"1650697200";"23.04.2022 10:00";"80,7";"80,7";"37,67";"80,7"
"1650700800";"23.04.2022 11:00";"49,62";"49,62";"37,53";"49,62"
"1650704400";"23.04.2022 12:00";"20,9";"20,9";"20,9";"20,9"
"1650708000";"23.04.2022 13:00";"13,29";"13,29";"13,29";"13,29"
"1650711600";"23.04.2022 14:00";"62,5";"62,5";"13,58";"62,5"
"1650715200";"23.04.2022 15:00";"13,33";"13,33";"13,33";"13,33"
"1650718800";"23.04.2022 16:00";"13,33";"13,33";"13,33";"13,33"
"1650722400";"23.04.2022 17:00";"21,54";"21,54";"21,54";"21,54"
"1650726000";"23.04.2022 18:00";"54,97";"54,97";"40,53";"54,97"
"1650729600";"23.04.2022 19:00";"135,53";"135,53";"37,92";"135,53"
"1650733200";"23.04.2022 20:00";"164,15";"164,15";"39,73";"164,15"
"1650736800";"23.04.2022 21:00";"148,09";"148,09";"37,93";"148,09"
"1650740400";"23.04.2022 22:00";"35,13";"35,13";"35,13";"35,13"
"1650744000";"23.04.2022 23:00";"30,89";"30,89";"30,89";"30,89"
"1650747600";"24.04.2022 00:00";"25,78";"25,78";"25,78";"25,78"
"1650751200";"24.04.2022 01:00";"30,51";"30,51";"30,51";"30,51"
"1650754800";"24.04.2022 02:00";"31,76";"31,76";"31,76";"31,76"
"1650758400";"24.04.2022 03:00";"32,56";"32,56";"32,56";"32,56"
"1650762000";"24.04.2022 04:00";"33,78";"33,78";"33,78";"33,78"
"1650765600";"24.04.2022 05:00";"31,8";"31,8";"31,8";"31,8"
"1650769200";"24.04.2022 06:00";"32,75";"32,75";"32,75";"32,75"
"1650772800";"24.04.2022 07:00";"35,08";"35,08";"35,08";"35,08"
"1650776400";"24.04.2022 08:00";"65,67";"65,67";"65,67";"65,67"
"1650780000";"24.04.2022 09:00";"70,36";"70,36";"70,36";"70,36"
"1650783600";"24.04.2022 10:00";"78,89";"78,89";"78,89";"78,89"
"1650787200";"24.04.2022 11:00";"73,28";"73,28";"73,28";"73,28"
"1650790800";"24.04.2022 12:00";"72,26";"72,26";"72,26";"72,26"
"1650794400";"24.04.2022 13:00";"63,34";"63,34";"63,34";"63,34"
"1650798000";"24.04.2022 14:00";"56,89";"56,89";"56,89";"56,89"
"1650801600";"24.04.2022 15:00";"51,74";"51,74";"51,74";"51,74"
"1650805200";"24.04.2022 16:00";"77,26";"77,26";"77,26";"77,26"
"1650808800";"24.04.2022 17:00";"80,63";"80,63";"80,63";"80,63"
"1650812400";"24.04.2022 18:00";"109,04";"109,04";"109,04";"109,04"
"1650816000";"24.04.2022 19:00";"161,05";"161,05";"161,05";"161,05"
"1650819600";"24.04.2022 20:00";"169,93";"169,93";"169,93";"169,93"
"1650823200";"24.04.2022 21:00";"133,7";"219,56";"120";"133,7"
"1650826800";"24.04.2022 22:00";"163,65";"163,65";"163,65";"163,65"
"1650830400";"24.04.2022 23:00";"126,53";"126,53";"126,53";"126,53"
"1650834000";"25.04.2022 00:00";"82,75";"82,75";"82,75";"82,75"
"1650837600";"25.04.2022 01:00";"93,38";"93,38";"91,73";"93,38"
"1650841200";"25.04.2022 02:00";"95,03";"95,03";"89,15";"95,03"
"1650844800";"25.04.2022 03:00";"91,03";"95,03";"91,03";"91,03"
"1650848400";"25.04.2022 04:00";"95,1";"95,1";"95,1";"95,1"
"1650852000";"25.04.2022 05:00";"100,48";"100,48";"100,48";"100,48"
"1650855600";"25.04.2022 06:00";"151,02";"151,02";"151,02";"151,02"
"1650859200";"25.04.2022 07:00";"227";"237,23";"227";"227"
"1650862800";"25.04.2022 08:00";"261,87";"261,87";"261,87";"261,87"
"1650866400";"25.04.2022 09:00";"272,47";"272,47";"272,47";"272,47"
"1650870000";"25.04.2022 10:00";"249,06";"249,06";"249,06";"249,06"
"1650873600";"25.04.2022 11:00";"225,15";"232,59";"225,15";"225,15"
"1650877200";"25.04.2022 12:00";"220,67";"227,97";"220,67";"220,67"
"1650880800";"25.04.2022 13:00";"204,06";"211";"204,06";"204,06"
"1650884400";"25.04.2022 14:00";"170";"200";"170";"170"
"1650888000";"25.04.2022 15:00";"194,9";"194,9";"160,45";"160,45"
"1650891600";"25.04.2022 16:00";"191,99";"191,99";"150,06";"150,06"
"1650895200";"25.04.2022 17:00";"130,47";"189,5";"130,47";"130,47"
"1650898800";"25.04.2022 18:00";"194,17";"209,25";"194,17";"194,17"
"1650902400";"25.04.2022 19:00";"199,58";"252,71";"199,58";"199,58"
"1650906000";"25.04.2022 20:00";"199,43";"273,88";"199,43";"199,43"
"1650909600";"25.04.2022 21:00";"187,37";"275,71";"187,37";"187,37"
"1650913200";"25.04.2022 22:00";"150,06";"264,93";"150,06";"150,06"
"1650916800";"25.04.2022 23:00";"203,86";"254";"72,42";"203,86"
"1650920400";"26.04.2022 00:00";"109,88";"155,44";"18,95";"109,88"
"1650924000";"26.04.2022 01:00";"122,14";"161,85";"9,93";"122,14"
"1650927600";"26.04.2022 02:00";"108,13";"151,06";"9,48";"108,13"
"1650931200";"26.04.2022 03:00";"100,08";"151,49";"5,94";"100,08"
"1650934800";"26.04.2022 04:00";"108,14";"156,59";"4,92";"108,14"
"1650938400";"26.04.2022 05:00";"122,2";"166,46";"11,5";"122,2"
"1650942000";"26.04.2022 06:00";"122,18";"227,36";"13,31";"122,18"
"1650945600";"26.04.2022 07:00";"100,06";"266,52";"77,28";"100,06"
"1650949200";"26.04.2022 08:00";"198,72";"290";"198,72";"198,72"
"1650952800";"26.04.2022 09:00";"207,66";"290";"207,66";"207,66"
"1650956400";"26.04.2022 10:00";"199,84";"260,48";"199,84";"199,84"
"1650960000";"26.04.2022 11:00";"204,58";"235,88";"204,58";"204,58"
"1650963600";"26.04.2022 12:00";"198,58";"224,28";"198,58";"198,58"
"1650967200";"26.04.2022 13:00";"197,83";"219,41";"197,83";"197,83"
"1650970800";"26.04.2022 14:00";"159,94";"210,49";"159,94";"159,94"
"1650974400";"26.04.2022 15:00";"160,9";"214,19";"160,9";"160,9"
"1650978000";"26.04.2022 16:00";"189,95";"215,42";"189,95";"189,95"
"1650981600";"26.04.2022 17:00";"193,74";"205,97";"193,74";"193,74"
"1650985200";"26.04.2022 18:00";"199,99";"239,93";"199,99";"199,99"
"1650988800";"26.04.2022 19:00";"204,52";"260,63";"204,52";"204,52"
"1650992400";"26.04.2022 20:00";"204,53";"281";"204,53";"204,53"
"1650996000";"26.04.2022 21:00";"201,09";"286,76";"201,09";"201,09"
"1650999600";"26.04.2022 22:00";"199,61";"270,01";"199,61";"199,61"
"1651003200";"26.04.2022 23:00";"109,99";"248,88";"109,99";"109,99"
"1651006800";"27.04.2022 00:00";"125,67";"226,34";"45,99";"125,67"
"1651010400";"27.04.2022 01:00";"25,32";"173,65";"25,32";"25,32"
"1651014000";"27.04.2022 02:00";"28,07";"167,15";"28,07";"28,07"
"1651017600";"27.04.2022 03:00";"31,17";"157,71";"31,17";"31,17"
"1651021200";"27.04.2022 04:00";"35,68";"154,14";"35,68";"35,68"
"1651024800";"27.04.2022 05:00";"52,4";"158,83";"52,4";"52,4"
"1651028400";"27.04.2022 06:00";"118,12";"172,6";"118,12";"118,12"
"1651032000";"27.04.2022 07:00";"204,11";"244,2";"204,11";"204,11"
"1651035600";"27.04.2022 08:00";"271,01";"271,01";"271,01";"271,01"
"1651039200";"27.04.2022 09:00";"265,98";"265,98";"265,98";"265,98"
"1651042800";"27.04.2022 10:00";"252,74";"252,74";"252,74";"252,74"
"1651046400";"27.04.2022 11:00";"225,22";"225,22";"218,24";"218,24"
"1651050000";"27.04.2022 12:00";"206,63";"214,12";"206,63";"206,63"
"1651053600";"27.04.2022 13:00";"199,62";"207,66";"199,62";"199,62"
"1651057200";"27.04.2022 14:00";"200,62";"200,62";"120";"120"
"1651060800";"27.04.2022 15:00";"193,22";"193,22";"114,31";"114,31"
"1651064400";"27.04.2022 16:00";"109,99";"190,96";"109,99";"109,99"
"1651068000";"27.04.2022 17:00";"116,13";"191,35";"116,13";"116,13"
"1651071600";"27.04.2022 18:00";"129,97";"206,49";"129,97";"129,97"
"1651075200";"27.04.2022 19:00";"205,75";"239,31";"205,75";"205,75"
"1651078800";"27.04.2022 20:00";"253,59";"267,9";"205,77";"205,77"
"1651082400";"27.04.2022 21:00";"266,33";"266,33";"160,03";"160,03"
"1651086000";"27.04.2022 22:00";"254,94";"254,94";"175";"175"
"1651089600";"27.04.2022 23:00";"229,68";"229,68";"132,36";"132,36"
"1651093200";"28.04.2022 00:00";"197,71";"197,71";"59,65";"59,65"
"1651096800";"28.04.2022 01:00";"187";"187";"48,26";"48,26"
"1651100400";"28.04.2022 02:00";"162,5";"162,5";"28,37";"28,37"
"1651104000";"28.04.2022 03:00";"159,51";"159,51";"23,35";"23,35"
"1651107600";"28.04.2022 04:00";"154,91";"154,91";"34,65";"34,65"
"1651111200";"28.04.2022 05:00";"170,01";"170,01";"50";"50"
"1651114800";"28.04.2022 06:00";"213,11";"213,11";"113,89";"113,89"
"1651118400";"28.04.2022 07:00";"250,67";"255";"207,51";"207,51"
"1651122000";"28.04.2022 08:00";"283,37";"283,37";"283,37";"283,37"
"1651125600";"28.04.2022 09:00";"279,29";"279,29";"279,29";"279,29"
"1651129200";"28.04.2022 10:00";"251,26";"251,26";"251,26";"251,26"
"1651132800";"28.04.2022 11:00";"224,93";"224,93";"217,73";"217,73"
"1651136400";"28.04.2022 12:00";"213,56";"213,56";"205,91";"205,91"
"1651140000";"28.04.2022 13:00";"208";"208";"199,99";"199,99"
"1651143600";"28.04.2022 14:00";"200,09";"200,09";"112,24";"112,24"
"1651147200";"28.04.2022 15:00";"197,05";"197,05";"109,23";"109,23"
"1651150800";"28.04.2022 16:00";"196,3";"196,3";"109,99";"109,99"
"1651154400";"28.04.2022 17:00";"197,13";"197,13";"109,99";"109,99"
"1651158000";"28.04.2022 18:00";"217,63";"217,63";"91,97";"91,97"
"1651161600";"28.04.2022 19:00";"250,64";"255";"140,05";"140,05"
"1651165200";"28.04.2022 20:00";"249";"279,09";"161,76";"161,76"
"1651168800";"28.04.2022 21:00";"250,7";"284,91";"146,48";"146,48"
"1651172400";"28.04.2022 22:00";"268,91";"268,91";"149,94";"149,94"
"1651176000";"28.04.2022 23:00";"253,56";"253,56";"89,59";"91,93"
"1651179600";"29.04.2022 00:00";"177,47";"177,47";"20,59";"20,59"
"1651183200";"29.04.2022 01:00";"202,68";"202,68";"23,14";"23,14"
"1651186800";"29.04.2022 02:00";"198,27";"198,27";"30,04";"30,04"
"1651190400";"29.04.2022 03:00";"193,4";"193,4";"32,9";"32,9"
"1651194000";"29.04.2022 04:00";"189,85";"189,85";"50,41";"50,41"
"1651197600";"29.04.2022 05:00";"194,12";"194,12";"72,69";"72,69"
"1651201200";"29.04.2022 06:00";"208,72";"208,72";"119,99";"119,99"
"1651204800";"29.04.2022 07:00";"219,36";"255,77";"219,36";"219,36"
"1651208400";"29.04.2022 08:00";"280,06";"280,06";"280,06";"280,06"
"1651212000";"29.04.2022 09:00";"291,22";"291,22";"291,22";"291,22"
"1651215600";"29.04.2022 10:00";"256,34";"256,34";"256,34";"256,34"
"1651219200";"29.04.2022 11:00";"223,65";"230,33";"223,65";"223,65"
"1651222800";"29.04.2022 12:00";"217,4";"217,4";"210,66";"210,66"
"1651226400";"29.04.2022 13:00";"208,37";"208,37";"202,76";"202,76"
"1651230000";"29.04.2022 14:00";"197,25";"197,25";"123,33";"123,33"
"1651233600";"29.04.2022 15:00";"195,24";"195,24";"109,99";"109,99"
"1651237200";"29.04.2022 16:00";"195,04";"195,04";"91,83";"91,83"
"1651240800";"29.04.2022 17:00";"206";"206";"110";"110"
"1651244400";"29.04.2022 18:00";"216,3";"216,3";"110";"110"
"1651248000";"29.04.2022 19:00";"241,06";"241,06";"129,47";"129,47"
"1651251600";"29.04.2022 20:00";"255,79";"255,79";"126,14";"126,14"
"1651255200";"29.04.2022 21:00";"259,49";"259,49";"120";"120"
"1651258800";"29.04.2022 22:00";"248,85";"248,85";"129,1";"129,1"
"1651262400";"29.04.2022 23:00";"235,76";"235,76";"60,71";"93,12"
"1651266000";"30.04.2022 00:00";"212,68";"212,68";"20,43";"91,85"
"1651269600";"30.04.2022 01:00";"199,86";"199,86";"17,94";"199,86"
"1651273200";"30.04.2022 02:00";"182,71";"182,71";"13,93";"182,71"
"1651276800";"30.04.2022 03:00";"173,75";"173,75";"13,35";"173,75"
"1651280400";"30.04.2022 04:00";"182,57";"182,57";"13,24";"182,57"
"1651284000";"30.04.2022 05:00";"182,61";"182,61";"13,32";"182,61"
"1651287600";"30.04.2022 06:00";"163,22";"163,22";"13,87";"163,22"
"1651291200";"30.04.2022 07:00";"196,18";"196,18";"14,51";"196,18"
"1651294800";"30.04.2022 08:00";"201,63";"201,63";"24,94";"201,63"
"1651298400";"30.04.2022 09:00";"204,97";"204,97";"35,38";"35,38"
"1651302000";"30.04.2022 10:00";"200,91";"200,91";"37,92";"37,92"
"1651305600";"30.04.2022 11:00";"191,25";"191,25";"35,08";"35,08"
"1651309200";"30.04.2022 12:00";"182,11";"182,11";"29,59";"29,59"
"1651312800";"30.04.2022 13:00";"175,72";"175,72";"26,99";"26,99"
"1651316400";"30.04.2022 14:00";"168,79";"168,79";"26,97";"26,97"
"1651320000";"30.04.2022 15:00";"162,36";"162,36";"27,27";"27,27"
"1651323600";"30.04.2022 16:00";"155,86";"155,86";"27,97";"27,97"
"1651327200";"30.04.2022 17:00";"162,65";"162,65";"39,9";"39,9"
"1651330800";"30.04.2022 18:00";"187,41";"187,41";"98,81";"176,67"
"1651334400";"30.04.2022 19:00";"220,66";"220,66";"149,99";"220,66"
"1651338000";"30.04.2022 20:00";"241,05";"241,05";"199,99";"241,05"
"1651341600";"30.04.2022 21:00";"246,58";"246,58";"216,57";"246,58"
"1651345200";"30.04.2022 22:00";"241,18";"241,18";"219,54";"241,18"
"1651348800";"30.04.2022 23:00";"216,19";"233,35";"216,19";"216,19"
"1651352400";"01.05.2022 00:00";"165,25";"165,25";"148,12";"165,25"
"1651356000";"01.05.2022 01:00";"130,57";"130,57";"130,57";"130,57"
"1651359600";"01.05.2022 02:00";"122,96";"122,96";"122,96";"122,96"
"1651363200";"01.05.2022 03:00";"111,94";"111,94";"111,94";"111,94"
"1651366800";"01.05.2022 04:00";"115,15";"115,15";"115,15";"115,15"
"1651370400";"01.05.2022 05:00";"117,32";"117,32";"117,32";"117,32"
"1651374000";"01.05.2022 06:00";"113,44";"113,44";"113,44";"113,44"
"1651377600";"01.05.2022 07:00";"117,41";"117,41";"117,41";"117,41"
"1651381200";"01.05.2022 08:00";"109,63";"109,63";"109,63";"109,63"
"1651384800";"01.05.2022 09:00";"119,99";"119,99";"119,99";"119,99"
"1651388400";"01.05.2022 10:00";"113,37";"113,37";"113,37";"113,37"
"1651392000";"01.05.2022 11:00";"107,82";"107,82";"107,82";"107,82"
"1651395600";"01.05.2022 12:00";"107,4";"107,4";"107,4";"107,4"
"1651399200";"01.05.2022 13:00";"100,71";"100,71";"100,71";"100,71"
"1651402800";"01.05.2022 14:00";"100,57";"100,57";"100,57";"100,57"
"1651406400";"01.05.2022 15:00";"96,14";"96,14";"96,14";"96,14"
"1651410000";"01.05.2022 16:00";"96,21";"96,21";"96,21";"96,21"
"1651413600";"01.05.2022 17:00";"106,5";"106,5";"106,5";"106,5"
"1651417200";"01.05.2022 18:00";"136,19";"136,19";"136,19";"136,19"
"1651420800";"01.05.2022 19:00";"199,96";"199,96";"199,96";"199,96"
"1651424400";"01.05.2022 20:00";"243,45";"243,45";"211,99";"243,45"
"1651428000";"01.05.2022 21:00";"254,94";"254,94";"219,06";"254,94"
"1651431600";"01.05.2022 22:00";"243,03";"243,03";"219,88";"243,03"
"1651435200";"01.05.2022 23:00";"233,97";"233,97";"180,09";"233,97"
"1651438800";"02.05.2022 00:00";"145,06";"145,06";"120";"145,06"
"1651442400";"02.05.2022 01:00";"109,79";"109,79";"17,24";"109,79"
"1651446000";"02.05.2022 02:00";"108,05";"108,05";"16,37";"108,05"
"1651449600";"02.05.2022 03:00";"108";"108";"15,2";"108"
"1651453200";"02.05.2022 04:00";"106,66";"106,66";"13,14";"106,66"
"1651456800";"02.05.2022 05:00";"105,87";"105,87";"11,81";"105,87"
"1651460400";"02.05.2022 06:00";"104,97";"104,97";"19,88";"104,97"
"1651464000";"02.05.2022 07:00";"242,91";"242,91";"119,99";"242,91"
"1651467600";"02.05.2022 08:00";"270";"270";"219,9";"270"
"1651471200";"02.05.2022 09:00";"264,57";"264,57";"238,94";"264,57"
"1651474800";"02.05.2022 10:00";"233,24";"233,24";"126,88";"233,24"
"1651478400";"02.05.2022 11:00";"170,06";"170,06";"71,87";"94,08"
"1651482000";"02.05.2022 12:00";"143,16";"143,16";"28,98";"28,98"
"1651485600";"02.05.2022 13:00";"95,3";"95,3";"17,41";"17,41"
"1651489200";"02.05.2022 14:00";"95,28";"95,28";"13,01";"94"
"1651492800";"02.05.2022 15:00";"92,39";"92,39";"10,09";"92,39"
"1651496400";"02.05.2022 16:00";"92,27";"92,27";"10,37";"10,37"
"1651500000";"02.05.2022 17:00";"96,73";"96,73";"10,33";"10,33"
"1651503600";"02.05.2022 18:00";"106,44";"106,44";"28,92";"94,07"
"1651507200";"02.05.2022 19:00";"230,02";"230,02";"48,13";"230,02"
"1651510800";"02.05.2022 20:00";"257,64";"257,64";"65,52";"257,64"
"1651514400";"02.05.2022 21:00";"259,04";"259,04";"51,18";"259,04"
"1651518000";"02.05.2022 22:00";"247,44";"247,44";"51,77";"247,44"
"1651521600";"02.05.2022 23:00";"170,02";"170,02";"21,98";"94,07"
"1651525200";"03.05.2022 00:00";"61,92";"61,92";"10,26";"61,92"
"1651528800";"03.05.2022 01:00";"119,71";"119,71";"8,96";"96,13"
"1651532400";"03.05.2022 02:00";"106,15";"106,15";"8,44";"94,07"
"1651536000";"03.05.2022 03:00";"101,75";"101,75";"8,5";"94,06"
"1651539600";"03.05.2022 04:00";"97,17";"97,17";"9,17";"94,04"
"1651543200";"03.05.2022 05:00";"96,19";"96,19";"10,7";"30,23"
"1651546800";"03.05.2022 06:00";"88,74";"88,74";"33,41";"88,74"
"1651550400";"03.05.2022 07:00";"106,78";"106,78";"106,78";"106,78"
"1651554000";"03.05.2022 08:00";"170,06";"170,06";"170,06";"170,06"
"1651557600";"03.05.2022 09:00";"170,03";"170,03";"90,21";"90,21"
"1651561200";"03.05.2022 10:00";"128,76";"128,76";"76,57";"76,57"
"1651564800";"03.05.2022 11:00";"103,14";"103,14";"74,74";"74,74"
"1651568400";"03.05.2022 12:00";"94,44";"94,44";"74,13";"74,13"
"1651572000";"03.05.2022 13:00";"94,45";"94,45";"75,46";"75,46"
"1651575600";"03.05.2022 14:00";"100,26";"100,26";"75,17";"75,17"
"1651579200";"03.05.2022 15:00";"94,45";"94,45";"73,75";"73,75"
"1651582800";"03.05.2022 16:00";"90,92";"90,92";"74,14";"74,14"
"1651586400";"03.05.2022 17:00";"98,14";"98,14";"89,87";"89,87"
"1651590000";"03.05.2022 18:00";"115,64";"115,64";"115,64";"115,64"
"1651593600";"03.05.2022 19:00";"238,99";"238,99";"238,99";"238,99"
"1651597200";"03.05.2022 20:00";"269,94";"269,94";"269,94";"269,94"
"1651600800";"03.05.2022 21:00";"270,23";"270,23";"270,23";"270,23"
"1651604400";"03.05.2022 22:00";"261,77";"261,77";"261,77";"261,77"
"1651608000";"03.05.2022 23:00";"247,14";"247,14";"247,14";"247,14"
"1651611600";"04.05.2022 00:00";"221,84";"221,84";"221,84";"221,84"
"1651615200";"04.05.2022 01:00";"121,57";"121,57";"109,77";"109,77"
"1651618800";"04.05.2022 02:00";"120,07";"120,07";"99,03";"99,03"
"1651622400";"04.05.2022 03:00";"120,72";"120,72";"99,08";"99,08"
"1651626000";"04.05.2022 04:00";"121,57";"121,57";"108,84";"108,84"
"1651629600";"04.05.2022 05:00";"120,09";"120,09";"120,09";"120,09"
"1651633200";"04.05.2022 06:00";"149,09";"149,09";"149,09";"149,09"
"1651636800";"04.05.2022 07:00";"256,58";"256,58";"256,58";"256,58"
"1651640400";"04.05.2022 08:00";"296,9";"296,9";"296,9";"296,9"
"1651644000";"04.05.2022 09:00";"280,1";"280,1";"280,1";"280,1"
"1651647600";"04.05.2022 10:00";"255,09";"255,09";"255,09";"255,09"
"1651651200";"04.05.2022 11:00";"226,01";"226,01";"226,01";"226,01"
"1651654800";"04.05.2022 12:00";"209,41";"209,41";"209,41";"209,41"
"1651658400";"04.05.2022 13:00";"204,64";"204,64";"204,64";"204,64"
"1651662000";"04.05.2022 14:00";"202,15";"202,15";"154,88";"154,88"
"1651665600";"04.05.2022 15:00";"199,51";"199,51";"142,6";"142,6"
"1651669200";"04.05.2022 16:00";"200,6";"200,6";"135,08";"135,08"
"1651672800";"04.05.2022 17:00";"205,81";"205,81";"199,09";"199,09"
"1651676400";"04.05.2022 18:00";"225,61";"225,61";"224,98";"224,98"
"1651680000";"04.05.2022 19:00";"243,98";"243,98";"243,98";"243,98"
"1651683600";"04.05.2022 20:00";"272,22";"272,22";"272,22";"272,22"
"1651687200";"04.05.2022 21:00";"274,74";"274,74";"272,49";"272,49"
"1651690800";"04.05.2022 22:00";"257,05";"257,05";"239,01";"239,01"
"1651694400";"04.05.2022 23:00";"240,97";"240,97";"226,02";"226,02"
"1651698000";"05.05.2022 00:00";"157,82";"157,82";"111,75";"111,75"
"1651701600";"05.05.2022 01:00";"161,28";"161,28";"46,34";"46,34"
"1651705200";"05.05.2022 02:00";"140,17";"140,17";"33,67";"33,67"
"1651708800";"05.05.2022 03:00";"139,85";"139,85";"32,82";"32,82"
"1651712400";"05.05.2022 04:00";"142,77";"142,77";"34,18";"34,18"
"1651716000";"05.05.2022 05:00";"161,31";"161,31";"36,61";"36,61"
"1651719600";"05.05.2022 06:00";"169,26";"169,26";"82,73";"82,73"
"1651723200";"05.05.2022 07:00";"254,96";"254,96";"222,53";"222,53"
"1651726800";"05.05.2022 08:00";"275,06";"275,06";"255,06";"255,06"
"1651730400";"05.05.2022 09:00";"268,02";"268,02";"259,71";"259,71"
"1651734000";"05.05.2022 10:00";"252,96";"252,96";"245,12";"245,12"
"1651737600";"05.05.2022 11:00";"235,03";"235,03";"227,75";"227,75"
"1651741200";"05.05.2022 12:00";"232,09";"232,09";"224,89";"224,89"
"1651744800";"05.05.2022 13:00";"225,1";"225,1";"217,49";"217,49"
"1651748400";"05.05.2022 14:00";"215,04";"215,04";"155,73";"155,73"
"1651752000";"05.05.2022 15:00";"210,9";"210,9";"100,03";"100,03"
"1651755600";"05.05.2022 16:00";"220,06";"220,06";"99,35";"99,35"
"1651759200";"05.05.2022 17:00";"214,96";"214,96";"99,35";"99,35"
"1651762800";"05.05.2022 18:00";"229";"229";"128,75";"128,75"
"1651766400";"05.05.2022 19:00";"241,35";"241,35";"181,49";"181,49"
"1651770000";"05.05.2022 20:00";"256,69";"256,69";"175";"175"
"1651773600";"05.05.2022 21:00";"269,97";"269,97";"115,27";"115,27"
"1651777200";"05.05.2022 22:00";"253,72";"253,72";"125,62";"200,35"
"1651780800";"05.05.2022 23:00";"245,8";"245,8";"60";"139,3"
"1651784400";"06.05.2022 00:00";"232,8";"232,8";"28,2";"99,36"
"1651788000";"06.05.2022 01:00";"183,5";"183,5";"17,99";"99,3"
"1651791600";"06.05.2022 02:00";"167,27";"167,27";"18,18";"50,05"
"1651795200";"06.05.2022 03:00";"158,72";"158,72";"20,91";"50,04"
"1651798800";"06.05.2022 04:00";"155,68";"155,68";"28,09";"50,07"
"1651802400";"06.05.2022 05:00";"171,57";"171,57";"29,92";"99,3"
"1651806000";"06.05.2022 06:00";"178,42";"178,42";"126,96";"126,96"
"1651809600";"06.05.2022 07:00";"255,02";"255,02";"225,4";"255,02"
"1651813200";"06.05.2022 08:00";"274,92";"274,92";"274,92";"274,92"
"1651816800";"06.05.2022 09:00";"262,97";"262,97";"262,97";"262,97"
"1651820400";"06.05.2022 10:00";"236,8";"236,8";"229,46";"229,46"
"1651824000";"06.05.2022 11:00";"220";"220";"213,18";"213,18"
"1651827600";"06.05.2022 12:00";"208,13";"208,13";"207,95";"207,95"
"1651831200";"06.05.2022 13:00";"207,4";"207,4";"165,28";"165,28"
"1651834800";"06.05.2022 14:00";"191,81";"191,81";"104,09";"104,09"
"1651838400";"06.05.2022 15:00";"190,01";"190,01";"75,92";"99,32"
"1651842000";"06.05.2022 16:00";"187,01";"187,01";"27,93";"99,32"
"1651845600";"06.05.2022 17:00";"192,7";"192,7";"9,42";"99,36"
"1651849200";"06.05.2022 18:00";"211,59";"211,59";"22,95";"99,39"
"1651852800";"06.05.2022 19:00";"237,78";"237,78";"26,95";"237,78"
"1651856400";"06.05.2022 20:00";"250,63";"250,63";"10,01";"250,63"
"1651860000";"06.05.2022 21:00";"256,39";"256,39";"7,16";"256,39"
"1651863600";"06.05.2022 22:00";"249,77";"249,77";"6,2";"249,77"
"1651867200";"06.05.2022 23:00";"241,83";"241,83";"4,49";"241,83"
"1651870800";"07.05.2022 00:00";"218,25";"218,25";"3,64";"192,64"
"1651874400";"07.05.2022 01:00";"186,37";"186,37";"3,53";"186,37"
"1651878000";"07.05.2022 02:00";"169,81";"169,81";"2,93";"169,81"
"1651881600";"07.05.2022 03:00";"150,07";"150,07";"1,96";"150,07"
"1651885200";"07.05.2022 04:00";"150,06";"150,06";"1,38";"150,06"
"1651888800";"07.05.2022 05:00";"150,05";"150,05";"1,03";"150,05"
"1651892400";"07.05.2022 06:00";"145,92";"145,92";"1,75";"145,92"
"1651896000";"07.05.2022 07:00";"150,07";"150,07";"3,07";"150,07"
"1651899600";"07.05.2022 08:00";"207,1";"207,1";"4,97";"207,1"
"1651903200";"07.05.2022 09:00";"211,83";"211,83";"5,89";"211,83"
"1651906800";"07.05.2022 10:00";"203,56";"203,56";"20,19";"128,06"
"1651910400";"07.05.2022 11:00";"189,51";"189,51";"74,42";"100,98"
"1651914000";"07.05.2022 12:00";"186,09";"186,09";"97,71";"97,71"
"1651917600";"07.05.2022 13:00";"150,05";"150,05";"101,81";"101,81"
"1651921200";"07.05.2022 14:00";"119,05";"119,05";"76,51";"119,05"
"1651924800";"07.05.2022 15:00";"115,19";"115,19";"25,97";"115,19"
"1651928400";"07.05.2022 16:00";"118,22";"118,22";"25,94";"118,22"
"1651932000";"07.05.2022 17:00";"128,08";"128,08";"5,99";"128,08"
"1651935600";"07.05.2022 18:00";"150,02";"150,02";"25,98";"150,02"
"1651939200";"07.05.2022 19:00";"196,78";"196,78";"96,89";"196,78"
"1651942800";"07.05.2022 20:00";"214,24";"214,24";"85,03";"214,24"
"1651946400";"07.05.2022 21:00";"211,96";"211,96";"85,09";"211,96"
"1651950000";"07.05.2022 22:00";"211,85";"211,85";"99,05";"211,85"
"1651953600";"07.05.2022 23:00";"211,55";"211,55";"11,97";"211,55"
"1651957200";"08.05.2022 00:00";"180,84";"180,84";"6,66";"180,84"
"1651960800";"08.05.2022 01:00";"157,71";"157,71";"7,9";"157,71"
"1651964400";"08.05.2022 02:00";"141,29";"141,29";"8,19";"141,29"
"1651968000";"08.05.2022 03:00";"138,63";"138,63";"9,66";"138,63"
"1651971600";"08.05.2022 04:00";"136,68";"136,68";"11,47";"136,68"
"1651975200";"08.05.2022 05:00";"136,23";"136,23";"11,89";"136,23"
"1651978800";"08.05.2022 06:00";"127,01";"127,01";"19,54";"127,01"
"1651982400";"08.05.2022 07:00";"126,73";"126,73";"20,83";"126,73"
"1651986000";"08.05.2022 08:00";"113,54";"113,54";"27,95";"113,54"
"1651989600";"08.05.2022 09:00";"105,59";"105,59";"26,88";"105,59"
"1651993200";"08.05.2022 10:00";"97,49";"97,49";"60,19";"97,49"
"1651996800";"08.05.2022 11:00";"97,03";"97,03";"25,95";"97,03"
"1652000400";"08.05.2022 12:00";"100,18";"100,18";"25,94";"25,94"
"1652004000";"08.05.2022 13:00";"100,26";"100,26";"17";"17"
"1652007600";"08.05.2022 14:00";"85,85";"85,85";"17,23";"17,23"
"1652011200";"08.05.2022 15:00";"78,5";"78,5";"20,95";"78,5"
"1652014800";"08.05.2022 16:00";"91,02";"91,02";"46,08";"91,02"
"1652018400";"08.05.2022 17:00";"97,22";"97,22";"97,22";"97,22"
"1652022000";"08.05.2022 18:00";"104,13";"104,13";"104,13";"104,13"
"1652025600";"08.05.2022 19:00";"139,23";"139,23";"139,23";"139,23"
"1652029200";"08.05.2022 20:00";"166,61";"166,61";"166,61";"166,61"
"1652032800";"08.05.2022 21:00";"192,33";"192,33";"192,33";"192,33"
"1652036400";"08.05.2022 22:00";"184,72";"184,72";"184,72";"184,72"
"1652040000";"08.05.2022 23:00";"165,79";"165,79";"165,79";"165,79"
"1652043600";"09.05.2022 00:00";"123,57";"123,57";"123,57";"123,57"
"1652047200";"09.05.2022 01:00";"111,19";"111,19";"111,19";"111,19"
"1652050800";"09.05.2022 02:00";"101,18";"101,18";"101,18";"101,18"
"1652054400";"09.05.2022 03:00";"101,18";"101,18";"101,18";"101,18"
"1652058000";"09.05.2022 04:00";"103,88";"103,88";"103,88";"103,88"
"1652061600";"09.05.2022 05:00";"110,5";"110,5";"110,5";"110,5"
"1652065200";"09.05.2022 06:00";"134,77";"134,77";"134,77";"134,77"
"1652068800";"09.05.2022 07:00";"234,24";"234,24";"234,24";"234,24"
"1652072400";"09.05.2022 08:00";"256,23";"256,23";"256,23";"256,23"
"1652076000";"09.05.2022 09:00";"250,04";"250,04";"250,04";"250,04"
"1652079600";"09.05.2022 10:00";"219,21";"219,21";"219,21";"219,21"
"1652083200";"09.05.2022 11:00";"199,95";"199,95";"199,95";"199,95"
"1652086800";"09.05.2022 12:00";"194,39";"194,39";"194,39";"194,39"
"1652090400";"09.05.2022 13:00";"185,51";"185,51";"185,51";"185,51"
"1652094000";"09.05.2022 14:00";"183,46";"183,46";"183,46";"183,46"
"1652097600";"09.05.2022 15:00";"175,24";"175,24";"175,24";"175,24"
"1652101200";"09.05.2022 16:00";"179,53";"179,53";"179,53";"179,53"
"1652104800";"09.05.2022 17:00";"132,86";"132,86";"132,86";"132,86"
"1652108400";"09.05.2022 18:00";"177,92";"177,92";"177,92";"177,92"
"1652112000";"09.05.2022 19:00";"202,95";"202,95";"202,89";"202,95"
"1652115600";"09.05.2022 20:00";"255,38";"255,38";"202,28";"255,38"
"1652119200";"09.05.2022 21:00";"266,94";"266,94";"201,89";"266,94"
"1652122800";"09.05.2022 22:00";"200,07";"200,07";"200,07";"200,07"
"1652126400";"09.05.2022 23:00";"200,01";"200,01";"140,09";"200,01"
"1652130000";"10.05.2022 00:00";"120,04";"120,04";"14,45";"120,04"
"1652133600";"10.05.2022 01:00";"125,07";"125,07";"12,76";"125,07"
"1652137200";"10.05.2022 02:00";"115,54";"115,54";"12,23";"115,54"
"1652140800";"10.05.2022 03:00";"111,97";"111,97";"12,19";"111,97"
"1652144400";"10.05.2022 04:00";"104,21";"104,21";"12,38";"104,21"
"1652148000";"10.05.2022 05:00";"105,99";"105,99";"12,78";"105,99"
"1652151600";"10.05.2022 06:00";"90,01";"90,01";"18,99";"90,01"
"1652155200";"10.05.2022 07:00";"128,38";"128,38";"29,95";"128,38"
"1652158800";"10.05.2022 08:00";"201,88";"201,88";"196,03";"201,88"
"1652162400";"10.05.2022 09:00";"227,13";"227,13";"198,65";"227,13"
"1652166000";"10.05.2022 10:00";"203,81";"203,81";"195,54";"195,54"
"1652169600";"10.05.2022 11:00";"108,57";"108,57";"108,57";"108,57"
"1652173200";"10.05.2022 12:00";"99,1";"99,1";"99,1";"99,1"
"1652176800";"10.05.2022 13:00";"99,02";"99,02";"99,02";"99,02"
"1652180400";"10.05.2022 14:00";"97,66";"97,66";"86,31";"97,66"
"1652184000";"10.05.2022 15:00";"99,02";"99,02";"76,76";"99,02"
"1652187600";"10.05.2022 16:00";"102,71";"102,71";"55,09";"102,71"
"1652191200";"10.05.2022 17:00";"111,21";"111,21";"49,47";"111,21"
"1652194800";"10.05.2022 18:00";"180";"180";"96,2";"180"
"1652198400";"10.05.2022 19:00";"190,04";"190,04";"93,95";"190,04"
"1652202000";"10.05.2022 20:00";"190,03";"190,03";"53,18";"190,03"
"1652205600";"10.05.2022 21:00";"157,16";"157,16";"50,1";"157,16"
"1652209200";"10.05.2022 22:00";"99,98";"99,98";"31,54";"99,98"
"1652212800";"10.05.2022 23:00";"90,05";"90,05";"30";"90,05"
"1652216400";"11.05.2022 00:00";"105";"105";"25,95";"105"
"1652220000";"11.05.2022 01:00";"7,37";"7,37";"7,37";"7,37"
"1652223600";"11.05.2022 02:00";"6,9";"6,9";"6,9";"6,9"
"1652227200";"11.05.2022 03:00";"6,66";"6,66";"6,66";"6,66"
"1652230800";"11.05.2022 04:00";"6,63";"6,63";"6,63";"6,63"
"1652234400";"11.05.2022 05:00";"7,12";"7,12";"7,12";"7,12"
"1652238000";"11.05.2022 06:00";"15,21";"15,21";"15,21";"15,21"
"1652241600";"11.05.2022 07:00";"117,66";"117,66";"117,66";"117,66"
"1652245200";"11.05.2022 08:00";"175,02";"175,02";"175,02";"175,02"
"1652248800";"11.05.2022 09:00";"189,54";"189,54";"189,54";"189,54"
"1652252400";"11.05.2022 10:00";"183,91";"183,91";"183,91";"183,91"
"1652256000";"11.05.2022 11:00";"144,9";"144,9";"144,9";"144,9"
"1652259600";"11.05.2022 12:00";"97,53";"97,53";"97,53";"97,53"
"1652263200";"11.05.2022 13:00";"96,55";"96,55";"96,55";"96,55"
"1652266800";"11.05.2022 14:00";"95,1";"95,1";"95,1";"95,1"
"1652270400";"11.05.2022 15:00";"94,79";"94,79";"29,94";"94,79"
"1652274000";"11.05.2022 16:00";"94,74";"94,74";"31,26";"94,74"
"1652277600";"11.05.2022 17:00";"96,33";"96,33";"79,05";"96,33"
"1652281200";"11.05.2022 18:00";"117,6";"117,6";"117,6";"117,6"
"1652284800";"11.05.2022 19:00";"175,04";"175,04";"175,04";"175,04"
"1652288400";"11.05.2022 20:00";"175,05";"175,05";"175,05";"175,05"
"1652292000";"11.05.2022 21:00";"167,53";"167,53";"163,31";"167,53"
"1652295600";"11.05.2022 22:00";"139,96";"139,96";"139,96";"139,96"
"1652299200";"11.05.2022 23:00";"123,64";"123,64";"81,49";"123,64"
"1652302800";"12.05.2022 00:00";"32,43";"32,43";"32,43";"32,43"
"1652306400";"12.05.2022 01:00";"109,35";"109,35";"35,33";"109,35"
"1652310000";"12.05.2022 02:00";"50,42";"50,42";"49,32";"50,42"
"1652313600";"12.05.2022 03:00";"71,42";"71,42";"71,42";"71,42"
"1652317200";"12.05.2022 04:00";"84,13";"84,13";"84,13";"84,13"
"1652320800";"12.05.2022 05:00";"47,12";"47,12";"47,12";"47,12"
"1652324400";"12.05.2022 06:00";"94,34";"94,34";"94,34";"94,34"
"1652328000";"12.05.2022 07:00";"122,27";"122,27";"122,27";"122,27"
"1652331600";"12.05.2022 08:00";"132,27";"132,27";"132,27";"132,27"
"1652335200";"12.05.2022 09:00";"137";"137";"137";"137"
"1652338800";"12.05.2022 10:00";"138,09";"138,09";"138,09";"138,09"
"1652342400";"12.05.2022 11:00";"132,11";"132,11";"132,11";"132,11"
"1652346000";"12.05.2022 12:00";"150,16";"150,16";"150,16";"150,16"
"1652349600";"12.05.2022 13:00";"124,2";"124,2";"124,2";"124,2"
"1652353200";"12.05.2022 14:00";"87,91";"87,91";"87,91";"87,91"
"1652356800";"12.05.2022 15:00";"86,54";"86,54";"86,54";"86,54"
"1652360400";"12.05.2022 16:00";"90,5";"90,5";"90,5";"90,5"
"1652364000";"12.05.2022 17:00";"94,98";"94,98";"94,98";"94,98"
"1652367600";"12.05.2022 18:00";"94,61";"94,61";"94,61";"94,61"
"1652371200";"12.05.2022 19:00";"110,4";"110,4";"110,4";"110,4"
"1652374800";"12.05.2022 20:00";"142,34";"142,34";"142,34";"142,34"
"1652378400";"12.05.2022 21:00";"165,04";"165,04";"165,04";"165,04"
"1652382000";"12.05.2022 22:00";"165,02";"165,02";"165,02";"165,02"
"1652385600";"12.05.2022 23:00";"119,67";"119,67";"119,67";"119,67"
"1652389200";"13.05.2022 00:00";"40,04";"40,04";"40,04";"40,04"
"1652392800";"13.05.2022 01:00";"65,49";"65,49";"65,49";"65,49"
"1652396400";"13.05.2022 02:00";"50,1";"50,1";"50,1";"50,1"
"1652400000";"13.05.2022 03:00";"50,08";"50,08";"50,08";"50,08"
"1652403600";"13.05.2022 04:00";"50,09";"50,09";"50,09";"50,09"
"1652407200";"13.05.2022 05:00";"74,86";"74,86";"74,86";"74,86"
"1652410800";"13.05.2022 06:00";"133,26";"133,26";"133,26";"133,26"
"1652414400";"13.05.2022 07:00";"226,93";"226,93";"226,93";"226,93"
"1652418000";"13.05.2022 08:00";"242,74";"242,74";"242,74";"242,74"
"1652421600";"13.05.2022 09:00";"242,29";"242,29";"242,29";"242,29"
"1652425200";"13.05.2022 10:00";"225,02";"225,02";"225,02";"225,02"
"1652428800";"13.05.2022 11:00";"168,78";"168,78";"168,78";"168,78"
"1652432400";"13.05.2022 12:00";"120";"120";"120";"120"
"1652436000";"13.05.2022 13:00";"106,66";"106,66";"106,66";"106,66"
"1652439600";"13.05.2022 14:00";"102,61";"102,61";"102,61";"102,61"
"1652443200";"13.05.2022 15:00";"99,63";"99,63";"99,63";"99,63"
"1652446800";"13.05.2022 16:00";"93,48";"93,48";"93,48";"93,48"
"1652450400";"13.05.2022 17:00";"99,04";"99,04";"99,04";"99,04"
"1652454000";"13.05.2022 18:00";"117,36";"117,36";"117,36";"117,36"
"1652457600";"13.05.2022 19:00";"133,3";"133,3";"133,3";"133,3"
"1652461200";"13.05.2022 20:00";"220,36";"220,36";"220,36";"220,36"
"1652464800";"13.05.2022 21:00";"130,06";"130,06";"118,5";"130,06"
"1652468400";"13.05.2022 22:00";"130,05";"130,05";"115,77";"130,05"
"1652472000";"13.05.2022 23:00";"130,03";"130,03";"74,94";"130,03"
"1652475600";"14.05.2022 00:00";"54,1";"54,1";"54,1";"54,1"
"1652479200";"14.05.2022 01:00";"90,03";"90,03";"90,03";"90,03"
"1652482800";"14.05.2022 02:00";"71,87";"71,87";"71,87";"71,87"
"1652486400";"14.05.2022 03:00";"65,28";"65,28";"65,28";"65,28"
"1652490000";"14.05.2022 04:00";"67,79";"67,79";"67,79";"67,79"
"1652493600";"14.05.2022 05:00";"77,29";"77,29";"77,29";"77,29"
"1652497200";"14.05.2022 06:00";"117,33";"117,33";"117,33";"117,33"
"1652500800";"14.05.2022 07:00";"124,22";"124,22";"124,22";"124,22"
"1652504400";"14.05.2022 08:00";"127,21";"127,21";"127,21";"127,21"
"1652508000";"14.05.2022 09:00";"130,73";"130,73";"130,73";"130,73"
"1652511600";"14.05.2022 10:00";"124,08";"124,08";"124,08";"124,08"
"1652515200";"14.05.2022 11:00";"117,78";"117,78";"117,78";"117,78"
"1652518800";"14.05.2022 12:00";"104,41";"104,41";"104,41";"104,41"
"1652522400";"14.05.2022 13:00";"112,89";"112,89";"112,89";"112,89"
"1652526000";"14.05.2022 14:00";"106,28";"106,28";"106,28";"106,28"
"1652529600";"14.05.2022 15:00";"93,75";"93,75";"93,75";"93,75"
"1652533200";"14.05.2022 16:00";"96,36";"96,36";"96,36";"96,36"
"1652536800";"14.05.2022 17:00";"103,36";"103,36";"103,36";"103,36"
"1652540400";"14.05.2022 18:00";"107,22";"107,22";"107,22";"107,22"
"1652544000";"14.05.2022 19:00";"128,64";"128,64";"128,64";"128,64"
"1652547600";"14.05.2022 20:00";"159,36";"159,36";"159,36";"159,36"
"1652551200";"14.05.2022 21:00";"178,78";"178,78";"178,78";"178,78"
"1652554800";"14.05.2022 22:00";"166,26";"166,26";"166,26";"166,26"
"1652558400";"14.05.2022 23:00";"103,05";"103,05";"103,05";"103,05"
"1652562000";"15.05.2022 00:00";"61,51";"61,51";"61,51";"61,51"
"1652565600";"15.05.2022 01:00";"111,32";"111,32";"94,7";"111,32"
"1652569200";"15.05.2022 02:00";"113,68";"113,68";"36,33";"113,68"
"1652572800";"15.05.2022 03:00";"111,34";"111,34";"24,99";"111,34"
"1652576400";"15.05.2022 04:00";"108,18";"108,18";"9,98";"108,18"
"1652580000";"15.05.2022 05:00";"109,25";"109,25";"7,1";"109,25"
"1652583600";"15.05.2022 06:00";"101,3";"101,3";"43,09";"101,3"
"1652587200";"15.05.2022 07:00";"7,39";"7,39";"7,39";"7,39"
"1652590800";"15.05.2022 08:00";"108,52";"108,52";"108,52";"108,52"
"1652594400";"15.05.2022 09:00";"111,31";"111,31";"111,31";"111,31"
"1652598000";"15.05.2022 10:00";"107,95";"107,95";"107,95";"107,95"
"1652601600";"15.05.2022 11:00";"85,75";"85,75";"85,75";"85,75"
"1652605200";"15.05.2022 12:00";"48,06";"48,06";"48,06";"48,06"
"1652608800";"15.05.2022 13:00";"70,21";"70,21";"41,36";"41,36"
"1652612400";"15.05.2022 14:00";"45,35";"45,35";"7,28";"7,28"
"1652616000";"15.05.2022 15:00";"20,15";"20,15";"7,04";"7,04"
"1652619600";"15.05.2022 16:00";"39,58";"39,58";"7,07";"7,07"
"1652623200";"15.05.2022 17:00";"76,21";"76,21";"34,54";"34,54"
"1652626800";"15.05.2022 18:00";"107,77";"107,77";"107,77";"107,77"
"1652630400";"15.05.2022 19:00";"139,97";"139,97";"139,97";"139,97"
"1652634000";"15.05.2022 20:00";"172,44";"172,44";"172,44";"172,44"
"1652637600";"15.05.2022 21:00";"166,77";"166,77";"166,77";"166,77"
"1652641200";"15.05.2022 22:00";"177,42";"177,42";"177,42";"177,42"
"1652644800";"15.05.2022 23:00";"130,01";"130,01";"130,01";"130,01"
"1652648400";"16.05.2022 00:00";"70,01";"70,01";"70,01";"70,01"
"1652652000";"16.05.2022 01:00";"95,83";"95,83";"7,33";"95,83"
"1652655600";"16.05.2022 02:00";"6,78";"6,78";"6,78";"6,78"
"1652659200";"16.05.2022 03:00";"23";"23";"6,17";"23"
"1652662800";"16.05.2022 04:00";"31,99";"31,99";"6,53";"31,99"
"1652666400";"16.05.2022 05:00";"78,42";"78,42";"7,3";"78,42"
"1652670000";"16.05.2022 06:00";"166,21";"166,21";"80";"111,39"
"1652673600";"16.05.2022 07:00";"139,21";"139,21";"139,21";"139,21"
"1652677200";"16.05.2022 08:00";"242,13";"242,13";"235,63";"242,13"
"1652680800";"16.05.2022 09:00";"245,06";"245,06";"245,06";"245,06"
"1652684400";"16.05.2022 10:00";"225,53";"225,53";"188,47";"188,47"
"1652688000";"16.05.2022 11:00";"183,37";"183,37";"183,37";"183,37"
"1652691600";"16.05.2022 12:00";"183,52";"183,52";"183,52";"183,52"
"1652695200";"16.05.2022 13:00";"180,89";"180,89";"179,96";"179,96"
"1652698800";"16.05.2022 14:00";"143,56";"143,56";"143,56";"143,56"
"1652702400";"16.05.2022 15:00";"135,49";"135,49";"135,49";"135,49"
"1652706000";"16.05.2022 16:00";"181,79";"181,79";"145,62";"145,62"
"1652709600";"16.05.2022 17:00";"165,02";"165,02";"146,04";"146,04"
"1652713200";"16.05.2022 18:00";"165,09";"165,09";"165,09";"165,09"
"1652716800";"16.05.2022 19:00";"179,33";"179,33";"179,33";"179,33"
"1652720400";"16.05.2022 20:00";"225,04";"225,04";"180,02";"225,04"
"1652724000";"16.05.2022 21:00";"244,42";"244,42";"179,18";"244,42"
"1652727600";"16.05.2022 22:00";"185,08";"185,08";"178,28";"185,08"
"1652731200";"16.05.2022 23:00";"135,8";"135,8";"135,8";"135,8"
"1652734800";"17.05.2022 00:00";"85,06";"85,06";"34,95";"85,06"
"1652738400";"17.05.2022 01:00";"70,01";"70,01";"11,95";"70,01"
"1652742000";"17.05.2022 02:00";"45,08";"45,08";"10,26";"45,08"
"1652745600";"17.05.2022 03:00";"45,05";"45,05";"9,08";"45,05"
"1652749200";"17.05.2022 04:00";"45,02";"45,02";"10,61";"45,02"
"1652752800";"17.05.2022 05:00";"45,03";"45,03";"8,54";"45,03"
"1652756400";"17.05.2022 06:00";"31,95";"31,95";"28,71";"28,71"
"1652760000";"17.05.2022 07:00";"231,02";"231,02";"70,03";"70,03"
"1652763600";"17.05.2022 08:00";"264,89";"264,89";"175,7";"175,7"
"1652767200";"17.05.2022 09:00";"274,17";"274,17";"179,94";"179,94"
"1652770800";"17.05.2022 10:00";"244,91";"244,91";"184,95";"184,95"
"1652774400";"17.05.2022 11:00";"231,99";"231,99";"231,99";"231,99"
"1652778000";"17.05.2022 12:00";"216,29";"216,29";"216,29";"216,29"
"1652781600";"17.05.2022 13:00";"208,09";"208,09";"208,09";"208,09"
"1652785200";"17.05.2022 14:00";"197,46";"197,46";"197,46";"197,46"
"1652788800";"17.05.2022 15:00";"189,24";"189,24";"189,24";"189,24"
"1652792400";"17.05.2022 16:00";"187,97";"187,97";"187,97";"187,97"
"1652796000";"17.05.2022 17:00";"204,12";"204,12";"204,12";"204,12"
"1652799600";"17.05.2022 18:00";"237,13";"237,13";"237,13";"237,13"
"1652803200";"17.05.2022 19:00";"251,82";"251,82";"251,82";"251,82"
"1652806800";"17.05.2022 20:00";"290";"290";"290";"290"
"1652810400";"17.05.2022 21:00";"291,05";"291,05";"291,05";"291,05"
"1652814000";"17.05.2022 22:00";"250";"250";"250";"250"
"1652817600";"17.05.2022 23:00";"200,63";"200,63";"200,63";"200,63"
"1652821200";"18.05.2022 00:00";"130,07";"130,07";"130,07";"130,07"
"1652824800";"18.05.2022 01:00";"100,09";"100,09";"23,16";"50,56"
"1652828400";"18.05.2022 02:00";"171,99";"171,99";"18,49";"114,67"
"1652832000";"18.05.2022 03:00";"167,89";"167,89";"12,58";"114,66"
"1652835600";"18.05.2022 04:00";"165,68";"165,68";"12,58";"114,66"
"1652839200";"18.05.2022 05:00";"167,55";"167,55";"19,93";"37,74"
"1652842800";"18.05.2022 06:00";"143,34";"143,34";"143,34";"143,34"
"1652846400";"18.05.2022 07:00";"199,18";"199,18";"199,18";"199,18"
"1652850000";"18.05.2022 08:00";"299,91";"299,91";"299,91";"299,91"
"1652853600";"18.05.2022 09:00";"360,89";"360,89";"360,89";"360,89"
"1652857200";"18.05.2022 10:00";"249,99";"249,99";"249,99";"249,99"
"1652860800";"18.05.2022 11:00";"179,17";"179,17";"179,17";"179,17"
"1652864400";"18.05.2022 12:00";"202,46";"202,46";"202,46";"202,46"
"1652868000";"18.05.2022 13:00";"174,66";"174,66";"174,66";"174,66"
"1652871600";"18.05.2022 14:00";"177,03";"177,03";"177,03";"177,03"
"1652875200";"18.05.2022 15:00";"172,47";"172,47";"172,47";"172,47"
"1652878800";"18.05.2022 16:00";"174,61";"174,61";"174,61";"174,61"
"1652882400";"18.05.2022 17:00";"193,1";"193,1";"193,1";"193,1"
"1652886000";"18.05.2022 18:00";"211,64";"211,64";"211,64";"211,64"
"1652889600";"18.05.2022 19:00";"235,41";"235,41";"235,41";"235,41"
"1652893200";"18.05.2022 20:00";"280,1";"280,1";"280,1";"280,1"
"1652896800";"18.05.2022 21:00";"273,28";"273,28";"273,28";"273,28"
"1652900400";"18.05.2022 22:00";"249,99";"249,99";"249,99";"249,99"
"1652904000";"18.05.2022 23:00";"225,05";"225,05";"225,05";"225,05"
"1652907600";"19.05.2022 00:00";"94,72";"94,72";"94,72";"94,72"
"1652911200";"19.05.2022 01:00";"120";"120";"120";"120"
"1652914800";"19.05.2022 02:00";"110,06";"110,06";"110,06";"110,06"
"1652918400";"19.05.2022 03:00";"63,12";"63,12";"63,12";"63,12"
"1652922000";"19.05.2022 04:00";"66,46";"66,46";"66,46";"66,46"
"1652925600";"19.05.2022 05:00";"87,88";"87,88";"87,88";"87,88"
"1652929200";"19.05.2022 06:00";"140";"140";"140";"140"
"1652932800";"19.05.2022 07:00";"240,29";"240,29";"240,29";"240,29"
"1652936400";"19.05.2022 08:00";"300,08";"300,08";"300,08";"300,08"
"1652940000";"19.05.2022 09:00";"331,25";"331,25";"331,25";"331,25"
"1652943600";"19.05.2022 10:00";"260,83";"260,83";"260,83";"260,83"
"1652947200";"19.05.2022 11:00";"275,93";"275,93";"275,93";"275,93"
"1652950800";"19.05.2022 12:00";"363,1";"363,1";"363,1";"363,1"
"1652954400";"19.05.2022 13:00";"355,01";"355,01";"355,01";"355,01"
"1652958000";"19.05.2022 14:00";"250";"250";"250";"250"
"1652961600";"19.05.2022 15:00";"250";"250";"250";"250"
"1652965200";"19.05.2022 16:00";"240,3";"240,3";"240,3";"240,3"
"1652968800";"19.05.2022 17:00";"246,21";"246,21";"246,21";"246,21"
"1652972400";"19.05.2022 18:00";"368,88";"368,88";"368,88";"368,88"
"1652976000";"19.05.2022 19:00";"250";"250";"250";"250"
"1652979600";"19.05.2022 20:00";"269,27";"269,27";"269,27";"269,27"
"1652983200";"19.05.2022 21:00";"266,84";"266,84";"266,84";"266,84"
"1652986800";"19.05.2022 22:00";"246,92";"246,92";"246,92";"246,92"
"1652990400";"19.05.2022 23:00";"228,76";"228,76";"228,76";"228,76"
"1652994000";"20.05.2022 00:00";"120";"120";"120";"120"
"1652997600";"20.05.2022 01:00";"152,18";"152,18";"150,08";"150,08"
"1653001200";"20.05.2022 02:00";"119,92";"119,92";"119,92";"119,92"
"1653004800";"20.05.2022 03:00";"86,56";"86,56";"86,56";"86,56"
"1653008400";"20.05.2022 04:00";"86,72";"86,72";"86,72";"86,72"
"1653012000";"20.05.2022 05:00";"107,28";"107,28";"107,28";"107,28"
"1653015600";"20.05.2022 06:00";"222,84";"222,84";"222,84";"222,84"
"1653019200";"20.05.2022 07:00";"258,83";"258,83";"258,83";"258,83"
"1653022800";"20.05.2022 08:00";"500,05";"500,05";"500,05";"500,05"
"1653026400";"20.05.2022 09:00";"450,02";"450,02";"450,02";"450,02"
"1653030000";"20.05.2022 10:00";"355,03";"355,03";"355,03";"355,03"
"1653033600";"20.05.2022 11:00";"249,99";"249,99";"249,99";"249,99"
"1653037200";"20.05.2022 12:00";"259,11";"259,11";"259,11";"259,11"
"1653040800";"20.05.2022 13:00";"440";"440";"440";"440"
"1653044400";"20.05.2022 14:00";"274,32";"274,32";"274,32";"274,32"
"1653048000";"20.05.2022 15:00";"265,64";"265,64";"265,64";"265,64"
"1653051600";"20.05.2022 16:00";"249,98";"249,98";"249,98";"249,98"
"1653055200";"20.05.2022 17:00";"249,98";"249,98";"249,98";"249,98"
"1653058800";"20.05.2022 18:00";"240,88";"240,88";"240,88";"240,88"
"1653062400";"20.05.2022 19:00";"281,99";"281,99";"281,99";"281,99"
"1653066000";"20.05.2022 20:00";"249,98";"249,98";"249,98";"249,98"
"1653069600";"20.05.2022 21:00";"225,48";"225,48";"225,48";"225,48"
"1653073200";"20.05.2022 22:00";"212,8";"212,8";"212,8";"212,8"
"1653076800";"20.05.2022 23:00";"200,34";"200,34";"200,34";"200,34"
"1653080400";"21.05.2022 00:00";"133,26";"133,26";"133,26";"133,26"
"1653084000";"21.05.2022 01:00";"130,93";"130,93";"130,93";"130,93"
"1653087600";"21.05.2022 02:00";"122,3";"122,3";"100,01";"122,3"
"1653091200";"21.05.2022 03:00";"93,98";"93,98";"60,33";"93,98"
"1653094800";"21.05.2022 04:00";"92,39";"92,39";"87,69";"92,39"
"1653098400";"21.05.2022 05:00";"100,02";"100,02";"100,02";"100,02"
"1653102000";"21.05.2022 06:00";"107,23";"107,23";"107,23";"107,23"
"1653105600";"21.05.2022 07:00";"107,23";"107,23";"107,23";"107,23"
"1653109200";"21.05.2022 08:00";"178,94";"178,94";"178,94";"178,94"
"1653112800";"21.05.2022 09:00";"230,61";"230,61";"206,33";"206,33"
"1653116400";"21.05.2022 10:00";"200";"200";"200";"200"
"1653120000";"21.05.2022 11:00";"230,68";"230,68";"172,5";"172,5"
"1653123600";"21.05.2022 12:00";"225,01";"225,01";"154,69";"154,69"
"1653127200";"21.05.2022 13:00";"160,01";"160,01";"160,01";"160,01"
"1653130800";"21.05.2022 14:00";"120";"120";"120";"120"
"1653134400";"21.05.2022 15:00";"142,03";"142,03";"142,03";"142,03"
"1653138000";"21.05.2022 16:00";"150,03";"150,03";"150,03";"150,03"
"1653141600";"21.05.2022 17:00";"162,65";"162,65";"162,65";"162,65"
"1653145200";"21.05.2022 18:00";"200,04";"200,04";"200,04";"200,04"
"1653148800";"21.05.2022 19:00";"230,11";"230,11";"230,11";"230,11"
"1653152400";"21.05.2022 20:00";"196,18";"196,18";"196,18";"196,18"
"1653156000";"21.05.2022 21:00";"214,06";"214,06";"214,06";"214,06"
"1653159600";"21.05.2022 22:00";"228,11";"228,11";"228,11";"228,11"
"1653163200";"21.05.2022 23:00";"218,48";"218,48";"208,93";"208,93"
"1653166800";"22.05.2022 00:00";"151,55";"151,55";"144,43";"144,43"
"1653170400";"22.05.2022 01:00";"130,7";"130,7";"100,01";"105,62"
"1653174000";"22.05.2022 02:00";"135,24";"135,24";"74,51";"105,6"
"1653177600";"22.05.2022 03:00";"153,61";"153,61";"75,87";"75,87"
"1653181200";"22.05.2022 04:00";"138,24";"138,24";"77,24";"93,43"
"1653184800";"22.05.2022 05:00";"122,56";"122,56";"76,26";"76,26"
"1653188400";"22.05.2022 06:00";"119,6";"119,6";"94,13";"94,13"
"1653192000";"22.05.2022 07:00";"138,25";"138,25";"105,66";"105,66"
"1653195600";"22.05.2022 08:00";"130,48";"130,48";"130,48";"130,48"
"1653199200";"22.05.2022 09:00";"140,07";"140,07";"140,07";"140,07"
"1653202800";"22.05.2022 10:00";"146,36";"146,36";"146,36";"146,36"
"1653206400";"22.05.2022 11:00";"138,29";"138,29";"138,29";"138,29"
"1653210000";"22.05.2022 12:00";"138,25";"138,25";"138,25";"138,25"
"1653213600";"22.05.2022 13:00";"136,95";"136,95";"136,95";"136,95"
"1653217200";"22.05.2022 14:00";"109,92";"109,92";"109,92";"109,92"
"1653220800";"22.05.2022 15:00";"101,4";"101,4";"101,4";"101,4"
"1653224400";"22.05.2022 16:00";"103,7";"103,7";"103,7";"103,7"
"1653228000";"22.05.2022 17:00";"133,19";"133,19";"133,19";"133,19"
"1653231600";"22.05.2022 18:00";"139,01";"139,01";"139,01";"139,01"
"1653235200";"22.05.2022 19:00";"166,51";"166,51";"166,51";"166,51"
"1653238800";"22.05.2022 20:00";"208,25";"208,25";"208,25";"208,25"
"1653242400";"22.05.2022 21:00";"225,55";"225,55";"181,29";"181,29"
"1653246000";"22.05.2022 22:00";"227,9";"227,9";"227,9";"227,9"
"1653249600";"22.05.2022 23:00";"218,56";"218,56";"218,56";"218,56"
"1653253200";"23.05.2022 00:00";"191,24";"191,24";"191,24";"191,24"
"1653256800";"23.05.2022 01:00";"153,78";"153,78";"153,78";"153,78"
"1653260400";"23.05.2022 02:00";"151,41";"151,41";"151,41";"151,41"
"1653264000";"23.05.2022 03:00";"147,08";"147,08";"120";"120"
"1653267600";"23.05.2022 04:00";"149,11";"149,11";"126,74";"126,74"
"1653271200";"23.05.2022 05:00";"147,09";"147,09";"126,5";"126,5"
"1653274800";"23.05.2022 06:00";"172,54";"172,54";"172,54";"172,54"
"1653278400";"23.05.2022 07:00";"202,7";"202,7";"202,7";"202,7"
"1653282000";"23.05.2022 08:00";"224,96";"224,96";"224,96";"224,96"
"1653285600";"23.05.2022 09:00";"230,02";"230,02";"230,02";"230,02"
"1653289200";"23.05.2022 10:00";"220,97";"220,97";"220,97";"220,97"
"1653292800";"23.05.2022 11:00";"217,19";"217,19";"217,19";"217,19"
"1653296400";"23.05.2022 12:00";"202,68";"202,68";"202,68";"202,68"
"1653300000";"23.05.2022 13:00";"188,88";"188,88";"188,88";"188,88"
"1653303600";"23.05.2022 14:00";"171,73";"171,73";"171,73";"171,73"
"1653307200";"23.05.2022 15:00";"171,63";"171,63";"171,63";"171,63"
"1653310800";"23.05.2022 16:00";"170,88";"170,88";"170,88";"170,88"
"1653314400";"23.05.2022 17:00";"175,25";"175,25";"175,25";"175,25"
"1653318000";"23.05.2022 18:00";"199,06";"199,06";"199,06";"199,06"
"1653321600";"23.05.2022 19:00";"234,49";"234,49";"234,49";"234,49"
"1653325200";"23.05.2022 20:00";"249,99";"249,99";"249,99";"249,99"
"1653328800";"23.05.2022 21:00";"225,06";"225,06";"225,06";"225,06"
"1653332400";"23.05.2022 22:00";"190";"190";"190";"190"
"1653336000";"23.05.2022 23:00";"180,03";"180,03";"180,03";"180,03"
"1653339600";"24.05.2022 00:00";"147,35";"147,35";"147,35";"147,35"
"1653343200";"24.05.2022 01:00";"120";"120";"120";"120"
"1653346800";"24.05.2022 02:00";"107,77";"107,77";"107,77";"107,77"
"1653350400";"24.05.2022 03:00";"97,32";"97,32";"97,32";"97,32"
"1653354000";"24.05.2022 04:00";"96,24";"96,24";"96,24";"96,24"
"1653357600";"24.05.2022 05:00";"107,4";"107,4";"107,4";"107,4"
"1653361200";"24.05.2022 06:00";"118,37";"118,37";"118,37";"118,37"
"1653364800";"24.05.2022 07:00";"188,91";"188,91";"188,91";"188,91"
"1653368400";"24.05.2022 08:00";"240,87";"240,87";"240,87";"240,87"
"1653372000";"24.05.2022 09:00";"255,02";"255,02";"255,02";"255,02"
"1653375600";"24.05.2022 10:00";"215,91";"215,91";"215,91";"215,91"
"1653379200";"24.05.2022 11:00";"184,65";"184,65";"184,65";"184,65"
"1653382800";"24.05.2022 12:00";"180";"180";"180";"180"
"1653386400";"24.05.2022 13:00";"170,04";"170,04";"170,04";"170,04"
"1653390000";"24.05.2022 14:00";"150,02";"150,02";"150,02";"150,02"
"1653393600";"24.05.2022 15:00";"157,2";"157,2";"157,2";"157,2"
"1653397200";"24.05.2022 16:00";"165,85";"165,85";"165,85";"165,85"
"1653400800";"24.05.2022 17:00";"170,07";"170,07";"170,07";"170,07"
"1653404400";"24.05.2022 18:00";"194,95";"194,95";"194,95";"194,95"
"1653408000";"24.05.2022 19:00";"209,21";"209,21";"209,21";"209,21"
"1653411600";"24.05.2022 20:00";"243,43";"243,43";"243,43";"243,43"
"1653415200";"24.05.2022 21:00";"214,71";"214,71";"214,71";"214,71"
"1653418800";"24.05.2022 22:00";"215,01";"215,01";"215,01";"215,01"
"1653422400";"24.05.2022 23:00";"182,14";"182,14";"182,14";"182,14"
"1653426000";"25.05.2022 00:00";"157,77";"157,77";"99,8";"99,8"
"1653429600";"25.05.2022 01:00";"174,93";"174,93";"110,78";"110,78"
"1653433200";"25.05.2022 02:00";"161,47";"161,47";"80,07";"80,07"
"1653436800";"25.05.2022 03:00";"161,07";"161,07";"25,09";"25,09"
"1653440400";"25.05.2022 04:00";"159,36";"159,36";"30,2";"30,2"
"1653444000";"25.05.2022 05:00";"144,83";"144,83";"29,99";"29,99"
"1653447600";"25.05.2022 06:00";"173,86";"173,86";"156,07";"156,07"
"1653451200";"25.05.2022 07:00";"206,04";"206,04";"163,41";"163,41"
"1653454800";"25.05.2022 08:00";"235,07";"235,07";"235,07";"235,07"
"1653458400";"25.05.2022 09:00";"237,14";"237,14";"237,14";"237,14"
"1653462000";"25.05.2022 10:00";"213,25";"213,25";"213,25";"213,25"
"1653465600";"25.05.2022 11:00";"199,79";"199,79";"199,79";"199,79"
"1653469200";"25.05.2022 12:00";"200,93";"200,93";"200,93";"200,93"
"1653472800";"25.05.2022 13:00";"201,61";"201,61";"201,61";"201,61"
"1653476400";"25.05.2022 14:00";"187,05";"187,05";"187,05";"187,05"
"1653480000";"25.05.2022 15:00";"175,86";"175,86";"175,86";"175,86"
"1653483600";"25.05.2022 16:00";"200";"200";"200";"200"
"1653487200";"25.05.2022 17:00";"225,09";"225,09";"225,09";"225,09"
"1653490800";"25.05.2022 18:00";"198,47";"198,47";"158,68";"158,68"
"1653494400";"25.05.2022 19:00";"197,26";"197,26";"169,94";"169,94"
"1653498000";"25.05.2022 20:00";"214,79";"214,79";"159,83";"159,83"
"1653501600";"25.05.2022 21:00";"217,46";"217,46";"159,03";"159,03"
"1653505200";"25.05.2022 22:00";"212,44";"212,44";"155,47";"155,47"
"1653508800";"25.05.2022 23:00";"193,98";"193,98";"143,86";"143,86"
"1653512400";"26.05.2022 00:00";"166,16";"166,16";"36,22";"36,22"
"1653516000";"26.05.2022 01:00";"137,64";"137,64";"30";"108,92"
"1653519600";"26.05.2022 02:00";"108,88";"108,88";"23,86";"108,88"
"1653523200";"26.05.2022 03:00";"95,09";"95,09";"21,44";"95,09"
"1653526800";"26.05.2022 04:00";"87,08";"87,08";"21,59";"87,08"
"1653530400";"26.05.2022 05:00";"96,19";"96,19";"22,21";"96,19"
"1653534000";"26.05.2022 06:00";"95,95";"95,95";"22,55";"95,95"
"1653537600";"26.05.2022 07:00";"108,91";"121,83";"108,91";"108,91"
"1653541200";"26.05.2022 08:00";"119,71";"119,71";"119,71";"119,71"
"1653544800";"26.05.2022 09:00";"150";"150";"150";"150"
"1653548400";"26.05.2022 10:00";"158,22";"158,22";"158,22";"158,22"
"1653552000";"26.05.2022 11:00";"130,08";"130,08";"130,08";"130,08"
"1653555600";"26.05.2022 12:00";"149,99";"149,99";"149,99";"149,99"
"1653559200";"26.05.2022 13:00";"150";"150";"150";"150"
"1653562800";"26.05.2022 14:00";"149,99";"149,99";"149,99";"149,99"
"1653566400";"26.05.2022 15:00";"139,49";"139,49";"139,49";"139,49"
"1653570000";"26.05.2022 16:00";"125,06";"125,06";"125,06";"125,06"
"1653573600";"26.05.2022 17:00";"130,09";"130,09";"130,09";"130,09"
"1653577200";"26.05.2022 18:00";"198,23";"198,23";"198,23";"198,23"
"1653580800";"26.05.2022 19:00";"218,66";"218,66";"218,66";"218,66"
"1653584400";"26.05.2022 20:00";"211,83";"211,83";"211,83";"211,83"
"1653588000";"26.05.2022 21:00";"170,99";"170,99";"170,99";"170,99"
"1653591600";"26.05.2022 22:00";"165,42";"165,42";"165,42";"165,42"
"1653595200";"26.05.2022 23:00";"166,8";"166,8";"166,8";"166,8"
"1653598800";"27.05.2022 00:00";"126,95";"126,95";"126,95";"126,95"
"1653602400";"27.05.2022 01:00";"104,18";"104,18";"104,18";"104,18"
"1653606000";"27.05.2022 02:00";"98,54";"98,54";"98,54";"98,54"
"1653609600";"27.05.2022 03:00";"94,61";"94,61";"94,61";"94,61"
"1653613200";"27.05.2022 04:00";"97,67";"97,67";"80,98";"80,98"
"1653616800";"27.05.2022 05:00";"97,8";"97,8";"97,8";"97,8"
"1653620400";"27.05.2022 06:00";"101,58";"101,58";"101,58";"101,58"
"1653624000";"27.05.2022 07:00";"210,85";"210,85";"210,85";"210,85"
"1653627600";"27.05.2022 08:00";"226,1";"226,1";"226,1";"226,1"
"1653631200";"27.05.2022 09:00";"217,9";"217,9";"217,9";"217,9"
"1653634800";"27.05.2022 10:00";"205,56";"205,56";"205,56";"205,56"
"1653638400";"27.05.2022 11:00";"215";"215";"215";"215"
"1653642000";"27.05.2022 12:00";"210,12";"210,12";"210,12";"210,12"
"1653645600";"27.05.2022 13:00";"184,02";"184,02";"184,02";"184,02"
"1653649200";"27.05.2022 14:00";"170,43";"170,43";"170,43";"170,43"
"1653652800";"27.05.2022 15:00";"173,12";"173,12";"173,12";"173,12"
"1653656400";"27.05.2022 16:00";"163,51";"163,51";"163,51";"163,51"
"1653660000";"27.05.2022 17:00";"199,93";"199,93";"199,93";"199,93"
"1653663600";"27.05.2022 18:00";"238,31";"238,31";"217,25";"217,25"
"1653667200";"27.05.2022 19:00";"219";"219";"219";"219"
"1653670800";"27.05.2022 20:00";"186,93";"186,93";"186,93";"186,93"
"1653674400";"27.05.2022 21:00";"205,01";"205,01";"165,75";"165,75"
"1653678000";"27.05.2022 22:00";"180";"180";"180";"180"
"1653681600";"27.05.2022 23:00";"133,86";"133,86";"133,86";"133,86"
"1653685200";"28.05.2022 00:00";"100,09";"100,09";"100,09";"100,09"
"1653688800";"28.05.2022 01:00";"97,67";"97,67";"97,67";"97,67"
"1653692400";"28.05.2022 02:00";"91,39";"91,39";"91,39";"91,39"
"1653696000";"28.05.2022 03:00";"89,45";"89,45";"89,45";"89,45"
"1653699600";"28.05.2022 04:00";"89,24";"89,24";"89,24";"89,24"
"1653703200";"28.05.2022 05:00";"88,21";"88,21";"88,21";"88,21"
"1653706800";"28.05.2022 06:00";"95,96";"95,96";"95,96";"95,96"
"1653710400";"28.05.2022 07:00";"99,98";"99,98";"99,98";"99,98"
"1653714000";"28.05.2022 08:00";"90,08";"90,08";"90,08";"90,08"
"1653717600";"28.05.2022 09:00";"109,59";"109,59";"109,59";"109,59"
"1653721200";"28.05.2022 10:00";"129,91";"129,91";"129,91";"129,91"
"1653724800";"28.05.2022 11:00";"126,42";"126,42";"126,42";"126,42"
"1653728400";"28.05.2022 12:00";"120,03";"120,03";"120,03";"120,03"
"1653732000";"28.05.2022 13:00";"120";"120";"120";"120"
"1653735600";"28.05.2022 14:00";"109,57";"109,57";"109,57";"109,57"
"1653739200";"28.05.2022 15:00";"109,55";"109,55";"109,55";"109,55"
"1653742800";"28.05.2022 16:00";"103,89";"103,89";"103,89";"103,89"
"1653746400";"28.05.2022 17:00";"121,15";"121,15";"121,15";"121,15"
"1653750000";"28.05.2022 18:00";"125,09";"125,09";"125,09";"125,09"
"1653753600";"28.05.2022 19:00";"142,49";"142,49";"142,49";"142,49"
"1653757200";"28.05.2022 20:00";"139,9";"139,9";"139,9";"139,9"
"1653760800";"28.05.2022 21:00";"154,73";"154,73";"154,73";"154,73"
"1653764400";"28.05.2022 22:00";"164,37";"164,37";"164,37";"164,37"
"1653768000";"28.05.2022 23:00";"130,98";"141,4";"130,98";"130,98"
"1653771600";"29.05.2022 00:00";"135,82";"135,82";"106,11";"135,82"
"1653775200";"29.05.2022 01:00";"129,07";"129,07";"42,59";"110,77"
"1653778800";"29.05.2022 02:00";"116,95";"116,95";"39,05";"110,72"
"1653782400";"29.05.2022 03:00";"116,97";"116,97";"37,22";"110,7"
"1653786000";"29.05.2022 04:00";"117,41";"117,41";"36,02";"82,71"
"1653789600";"29.05.2022 05:00";"115,23";"115,23";"42,28";"42,28"
"1653793200";"29.05.2022 06:00";"114,9";"114,9";"73,18";"110,72"
"1653796800";"29.05.2022 07:00";"85,06";"116,82";"85,06";"85,06"
"1653800400";"29.05.2022 08:00";"117,01";"117,01";"117,01";"117,01"
"1653804000";"29.05.2022 09:00";"132,01";"132,01";"132,01";"132,01"
"1653807600";"29.05.2022 10:00";"140,08";"140,08";"140,08";"140,08"
"1653811200";"29.05.2022 11:00";"140";"140";"140";"140"
"1653814800";"29.05.2022 12:00";"145,06";"145,06";"145,06";"145,06"
"1653818400";"29.05.2022 13:00";"141";"141";"141";"141"
"1653822000";"29.05.2022 14:00";"133,49";"133,49";"133,49";"133,49"
"1653825600";"29.05.2022 15:00";"123,78";"123,78";"123,78";"123,78"
"1653829200";"29.05.2022 16:00";"121,59";"121,59";"121,59";"121,59"
"1653832800";"29.05.2022 17:00";"120";"120";"120";"120"
"1653836400";"29.05.2022 18:00";"150";"150";"150";"150"
"1653840000";"29.05.2022 19:00";"169,93";"179,56";"169,93";"169,93"
"1653843600";"29.05.2022 20:00";"159,44";"201,38";"159,44";"159,44"
"1653847200";"29.05.2022 21:00";"158,11";"214,94";"158,11";"158,11"
"1653850800";"29.05.2022 22:00";"176,3";"224,97";"176,3";"176,3"
"1653854400";"29.05.2022 23:00";"169,99";"225";"169,99";"169,99"
"1653858000";"30.05.2022 00:00";"209,8";"209,8";"139,02";"139,02"
"1653861600";"30.05.2022 01:00";"135,23";"135,23";"135,23";"135,23"
"1653865200";"30.05.2022 02:00";"126,44";"126,44";"126,44";"126,44"
"1653868800";"30.05.2022 03:00";"124,63";"124,63";"124,63";"124,63"
"1653872400";"30.05.2022 04:00";"131,26";"131,26";"131,26";"131,26"
"1653876000";"30.05.2022 05:00";"135,62";"135,62";"135,62";"135,62"
"1653879600";"30.05.2022 06:00";"150,7";"150,7";"150,7";"150,7"
"1653883200";"30.05.2022 07:00";"230,68";"230,68";"230,68";"230,68"
"1653886800";"30.05.2022 08:00";"257,95";"257,95";"257,95";"257,95"
"1653890400";"30.05.2022 09:00";"278,08";"278,08";"278,08";"278,08"
"1653894000";"30.05.2022 10:00";"249,99";"249,99";"249,99";"249,99"
"1653897600";"30.05.2022 11:00";"246,28";"246,28";"246,28";"246,28"
"1653901200";"30.05.2022 12:00";"229,77";"229,77";"229,77";"229,77"
"1653904800";"30.05.2022 13:00";"215";"215";"215";"215"
"1653908400";"30.05.2022 14:00";"207,5";"207,5";"207,5";"207,5"
"1653912000";"30.05.2022 15:00";"201,28";"201,28";"200";"200"
"1653915600";"30.05.2022 16:00";"202,29";"202,29";"198,44";"198,44"
"1653919200";"30.05.2022 17:00";"210,9";"210,9";"193,98";"193,98"
"1653922800";"30.05.2022 18:00";"225,7";"225,7";"185,19";"185,19"
"1653926400";"30.05.2022 19:00";"235,57";"235,57";"192,95";"192,95"
"1653930000";"30.05.2022 20:00";"284,16";"284,16";"175,37";"175,37"
"1653933600";"30.05.2022 21:00";"173,54";"287,92";"173,54";"173,54"
"1653937200";"30.05.2022 22:00";"266,46";"266,46";"167,79";"167,79"
"1653940800";"30.05.2022 23:00";"243,68";"243,68";"164,12";"164,12"
"1653944400";"31.05.2022 00:00";"227,5";"227,5";"110,77";"110,77"
"1653948000";"31.05.2022 01:00";"200,91";"200,91";"80,82";"80,82"
"1653951600";"31.05.2022 02:00";"183";"183";"39,07";"111,29"
"1653955200";"31.05.2022 03:00";"179,62";"179,62";"32,51";"111,25"
"1653958800";"31.05.2022 04:00";"177,02";"177,02";"31,36";"111,21"
"1653962400";"31.05.2022 05:00";"180,01";"180,01";"31,57";"111,2"
"1653966000";"31.05.2022 06:00";"195,99";"195,99";"99,98";"111,2"
"1653969600";"31.05.2022 07:00";"228,68";"228,68";"224,38";"224,38"
"1653973200";"31.05.2022 08:00";"247,77";"247,77";"247,77";"247,77"
"1653976800";"31.05.2022 09:00";"245,29";"245,29";"245,29";"245,29"
"1653980400";"31.05.2022 10:00";"225,9";"225,9";"225,9";"225,9"
"1653984000";"31.05.2022 11:00";"200,63";"200,63";"200,63";"200,63"
"1653987600";"31.05.2022 12:00";"193,91";"193,91";"193,91";"193,91"
"1653991200";"31.05.2022 13:00";"192,46";"192,46";"185,7";"185,7"
"1653994800";"31.05.2022 14:00";"184,07";"184,07";"178,37";"184,07"
"1653998400";"31.05.2022 15:00";"184,01";"184,01";"157,35";"184,01"
"1654002000";"31.05.2022 16:00";"182,08";"182,08";"140,01";"140,01"
"1654005600";"31.05.2022 17:00";"182,38";"182,38";"118,89";"118,89"
"1654009200";"31.05.2022 18:00";"200";"200";"169,92";"169,92"
"1654012800";"31.05.2022 19:00";"234,97";"234,97";"171,12";"171,12"
"1654016400";"31.05.2022 20:00";"255,02";"255,02";"136,69";"136,69"
"1654020000";"31.05.2022 21:00";"258,67";"258,67";"81,95";"111,2"
"1654023600";"31.05.2022 22:00";"247,51";"247,51";"47,48";"111,26"
"1654027200";"31.05.2022 23:00";"240,01";"240,01";"30,65";"111,3"
"1654030800";"01.06.2022 00:00";"227,98";"227,98";"18,42";"111,21"
"1654034400";"01.06.2022 01:00";"194,82";"194,82";"10";"121,11"
"1654038000";"01.06.2022 02:00";"169,92";"169,92";"9,5";"121,12"
"1654041600";"01.06.2022 03:00";"168,01";"168,01";"9";"121,17"
"1654045200";"01.06.2022 04:00";"169,16";"169,16";"9,99";"121,14"
"1654048800";"01.06.2022 05:00";"167,29";"167,29";"11,59";"167,29"
"1654052400";"01.06.2022 06:00";"198,95";"198,95";"31,88";"198,95"
"1654056000";"01.06.2022 07:00";"230";"230";"84,21";"84,21"
"1654059600";"01.06.2022 08:00";"249,68";"249,68";"139,6";"139,6"
"1654063200";"01.06.2022 09:00";"246,36";"246,36";"187,61";"187,61"
"1654066800";"01.06.2022 10:00";"228,82";"228,82";"149,99";"149,99"
"1654070400";"01.06.2022 11:00";"255,09";"255,09";"100,49";"100,49"
"1654074000";"01.06.2022 12:00";"206,6";"206,6";"101,48";"101,48"
"1654077600";"01.06.2022 13:00";"255,1";"255,1";"109,77";"109,77"
"1654081200";"01.06.2022 14:00";"399,42";"399,42";"110,05";"110,05"
"1654084800";"01.06.2022 15:00";"399,41";"399,41";"105,95";"105,95"
"1654088400";"01.06.2022 16:00";"255,04";"255,04";"112";"112"
"1654092000";"01.06.2022 17:00";"181,6";"181,6";"119,42";"119,42"
"1654095600";"01.06.2022 18:00";"194,92";"194,92";"183,09";"183,09"
"1654099200";"01.06.2022 19:00";"229,92";"229,92";"229,92";"229,92"
"1654102800";"01.06.2022 20:00";"251,98";"251,98";"251,98";"251,98"
"1654106400";"01.06.2022 21:00";"257,71";"257,71";"211,19";"211,19"
"1654110000";"01.06.2022 22:00";"262,6";"262,6";"186,34";"186,34"
"1654113600";"01.06.2022 23:00";"250";"250";"178,82";"178,82"
"1654117200";"02.06.2022 00:00";"230,33";"230,33";"149,84";"149,84"
"1654120800";"02.06.2022 01:00";"191";"191";"152,27";"152,27"
"1654124400";"02.06.2022 02:00";"175,04";"175,04";"122,25";"122,25"
"1654128000";"02.06.2022 03:00";"96,7";"96,7";"96,7";"96,7"
"1654131600";"02.06.2022 04:00";"91,9";"91,9";"91,9";"91,9"
"1654135200";"02.06.2022 05:00";"165,05";"165,05";"103,9";"103,9"
"1654138800";"02.06.2022 06:00";"171,7";"171,7";"148,39";"148,39"
"1654142400";"02.06.2022 07:00";"209,65";"209,65";"164,51";"164,51"
"1654146000";"02.06.2022 08:00";"223,1";"223,1";"223,1";"223,1"
"1654149600";"02.06.2022 09:00";"218,13";"218,13";"218,13";"218,13"
"1654153200";"02.06.2022 10:00";"190,92";"190,92";"190,92";"190,92"
"1654156800";"02.06.2022 11:00";"169,63";"169,63";"168,42";"168,42"
"1654160400";"02.06.2022 12:00";"162,31";"162,31";"162,31";"162,31"
"1654164000";"02.06.2022 13:00";"156,9";"156,9";"156,9";"156,9"
"1654167600";"02.06.2022 14:00";"149,14";"149,14";"149,14";"149,14"
"1654171200";"02.06.2022 15:00";"146,85";"146,85";"146,85";"146,85"
"1654174800";"02.06.2022 16:00";"148,88";"148,88";"148,88";"148,88"
"1654178400";"02.06.2022 17:00";"158,13";"158,13";"158,13";"158,13"
"1654182000";"02.06.2022 18:00";"166,19";"166,19";"166,19";"166,19"
"1654185600";"02.06.2022 19:00";"175,2";"175,2";"174";"174"
"1654189200";"02.06.2022 20:00";"229,75";"229,75";"170,5";"170,5"
"1654192800";"02.06.2022 21:00";"238,97";"238,97";"169,9";"169,9"
"1654196400";"02.06.2022 22:00";"228,94";"228,94";"170";"170"
"1654200000";"02.06.2022 23:00";"110,06";"110,06";"110,06";"110,06"
"1654203600";"03.06.2022 00:00";"70,03";"70,03";"25,09";"70,03"
"1654207200";"03.06.2022 01:00";"160,03";"160,03";"18,02";"18,02"
"1654210800";"03.06.2022 02:00";"12,39";"12,39";"12,39";"12,39"
"1654214400";"03.06.2022 03:00";"11,74";"11,74";"11,74";"11,74"
"1654218000";"03.06.2022 04:00";"11,61";"11,61";"11,61";"11,61"
"1654221600";"03.06.2022 05:00";"125,08";"125,08";"12,36";"125,08"
"1654225200";"03.06.2022 06:00";"169,94";"169,94";"33,5";"125,52"
"1654228800";"03.06.2022 07:00";"209,83";"209,83";"160,92";"160,92"
"1654232400";"03.06.2022 08:00";"225,11";"225,11";"215,13";"215,13"
"1654236000";"03.06.2022 09:00";"217,18";"217,18";"199,98";"199,98"
"1654239600";"03.06.2022 10:00";"197,12";"197,12";"185,15";"185,15"
"1654243200";"03.06.2022 11:00";"179,97";"179,97";"175,65";"175,65"
"1654246800";"03.06.2022 12:00";"162,13";"162,13";"162,13";"162,13"
"1654250400";"03.06.2022 13:00";"168,08";"168,08";"168,08";"168,08"
"1654254000";"03.06.2022 14:00";"156,64";"156,64";"156,64";"156,64"
"1654257600";"03.06.2022 15:00";"150,01";"150,01";"150,01";"150,01"
"1654261200";"03.06.2022 16:00";"149,33";"149,33";"149,33";"149,33"
"1654264800";"03.06.2022 17:00";"153,82";"153,82";"153,82";"153,82"
"1654268400";"03.06.2022 18:00";"175,55";"175,55";"175,55";"175,55"
"1654272000";"03.06.2022 19:00";"216,31";"216,31";"216,31";"216,31"
"1654275600";"03.06.2022 20:00";"226,57";"226,57";"226,57";"226,57"
"1654279200";"03.06.2022 21:00";"204,09";"239,16";"204,09";"204,09"
"1654282800";"03.06.2022 22:00";"204,43";"216,05";"204,43";"204,43"
"1654286400";"03.06.2022 23:00";"161,58";"218,15";"161,58";"161,58"
"1654290000";"04.06.2022 00:00";"185,03";"185,03";"152,48";"152,48"
"1654293600";"04.06.2022 01:00";"175,81";"175,81";"158,63";"175,81"
"1654297200";"04.06.2022 02:00";"167,97";"167,97";"150";"150"
"1654300800";"04.06.2022 03:00";"166,92";"166,92";"144,3";"144,3"
"1654304400";"04.06.2022 04:00";"153,28";"153,28";"136,06";"136,06"
"1654308000";"04.06.2022 05:00";"139,45";"151,77";"139,45";"139,45"
"1654311600";"04.06.2022 06:00";"150";"152,27";"150";"150"
"1654315200";"04.06.2022 07:00";"159,8";"159,8";"159,8";"159,8"
"1654318800";"04.06.2022 08:00";"169,86";"169,86";"169,86";"169,86"
"1654322400";"04.06.2022 09:00";"180";"180";"180";"180"
"1654326000";"04.06.2022 10:00";"190,57";"190,57";"190,57";"190,57"
"1654329600";"04.06.2022 11:00";"187,52";"187,52";"187,52";"187,52"
"1654333200";"04.06.2022 12:00";"183,97";"183,97";"176";"176"
"1654336800";"04.06.2022 13:00";"168,4";"168,4";"168,4";"168,4"
"1654340400";"04.06.2022 14:00";"159,79";"159,79";"159,79";"159,79"
"1654344000";"04.06.2022 15:00";"147,04";"147,04";"147,04";"147,04"
"1654347600";"04.06.2022 16:00";"147,02";"147,02";"147,02";"147,02"
"1654351200";"04.06.2022 17:00";"148,14";"148,14";"148,14";"148,14"
"1654354800";"04.06.2022 18:00";"165,01";"165,01";"165,01";"165,01"
"1654358400";"04.06.2022 19:00";"189,93";"189,93";"189,93";"189,93"
"1654362000";"04.06.2022 20:00";"194,95";"203,09";"194,95";"194,95"
"1654365600";"04.06.2022 21:00";"199,83";"209,24";"199,83";"199,83"
"1654369200";"04.06.2022 22:00";"181,7";"198,98";"181,7";"181,7"
"1654372800";"04.06.2022 23:00";"168,75";"194,28";"168,75";"168,75"
"1654376400";"05.06.2022 00:00";"175,05";"175,05";"163,27";"163,27"
"1654380000";"05.06.2022 01:00";"161,55";"161,55";"144,5";"144,5"
"1654383600";"05.06.2022 02:00";"153,46";"153,46";"142,03";"142,03"
"1654387200";"05.06.2022 03:00";"145,98";"145,98";"138,93";"138,93"
"1654390800";"05.06.2022 04:00";"136,88";"136,88";"133,21";"133,21"
"1654394400";"05.06.2022 05:00";"136,04";"136,04";"132,1";"132,1"
"1654398000";"05.06.2022 06:00";"100,07";"128,04";"100,07";"100,07"
"1654401600";"05.06.2022 07:00";"127,27";"127,27";"4,5";"127,27"
"1654405200";"05.06.2022 08:00";"133,65";"133,65";"5,7";"133,65"
"1654408800";"05.06.2022 09:00";"136,28";"136,28";"10,82";"136,28"
"1654412400";"05.06.2022 10:00";"105,51";"105,51";"25,03";"105,51"
"1654416000";"05.06.2022 11:00";"88,16";"88,16";"18,7";"18,7"
"1654419600";"05.06.2022 12:00";"87,08";"87,08";"6,56";"6,56"
"1654423200";"05.06.2022 13:00";"225,02";"225,02";"6,26";"6,26"
"1654426800";"05.06.2022 14:00";"92,01";"92,01";"5,52";"5,52"
"1654430400";"05.06.2022 15:00";"90,91";"90,91";"5,69";"5,69"
"1654434000";"05.06.2022 16:00";"90,77";"90,77";"6,23";"6,23"
"1654437600";"05.06.2022 17:00";"90,93";"90,93";"7,23";"7,23"
"1654441200";"05.06.2022 18:00";"122,84";"122,84";"13,99";"13,99"
"1654444800";"05.06.2022 19:00";"144,92";"163,03";"31,42";"144,92"
"1654448400";"05.06.2022 20:00";"145";"176,2";"85,09";"145"
"1654452000";"05.06.2022 21:00";"144,98";"198,12";"34,48";"144,98"
"1654455600";"05.06.2022 22:00";"144,94";"195,06";"95,16";"144,94"
"1654459200";"05.06.2022 23:00";"144,94";"169,22";"36,19";"144,94"
"1654462800";"06.06.2022 00:00";"137,74";"137,74";"25,06";"137,74"
"1654466400";"06.06.2022 01:00";"113,98";"113,98";"29,71";"113,98"
"1654470000";"06.06.2022 02:00";"100,92";"100,92";"27,89";"100,92"
"1654473600";"06.06.2022 03:00";"91,8";"91,8";"29,96";"91,8"
"1654477200";"06.06.2022 04:00";"88,24";"88,24";"31,64";"88,24"
"1654480800";"06.06.2022 05:00";"85,05";"85,05";"42,11";"62,05"
"1654484400";"06.06.2022 06:00";"130,06";"130,06";"149,99";"130,06"
"1654488000";"06.06.2022 07:00";"274,22";"274,22";"274,22";"274,22"
"1654491600";"06.06.2022 08:00";"225,06";"225,06";"225,06";"225,06"
"1654495200";"06.06.2022 09:00";"243,84";"243,84";"243,84";"243,84"
"1654498800";"06.06.2022 10:00";"187,79";"187,79";"187,79";"187,79"
"1654502400";"06.06.2022 11:00";"177,27";"177,27";"177,27";"177,27"
"1654506000";"06.06.2022 12:00";"200,09";"200,09";"200,09";"200,09"
"1654509600";"06.06.2022 13:00";"226,41";"226,41";"226,41";"226,41"
"1654513200";"06.06.2022 14:00";"246,78";"246,78";"246,78";"246,78"
"1654516800";"06.06.2022 15:00";"250,09";"250,09";"227,41";"227,41"
"1654520400";"06.06.2022 16:00";"210,49";"210,49";"210,49";"210,49"
"1654524000";"06.06.2022 17:00";"216,23";"216,23";"216,23";"216,23"
"1654527600";"06.06.2022 18:00";"257,18";"257,18";"257,18";"257,18"
"1654531200";"06.06.2022 19:00";"230,97";"230,97";"230,97";"230,97"
"1654534800";"06.06.2022 20:00";"245,09";"245,09";"245,09";"245,09"
"1654538400";"06.06.2022 21:00";"245,08";"245,08";"245,08";"245,08"
"1654542000";"06.06.2022 22:00";"239,47";"239,47";"239,47";"239,47"
"1654545600";"06.06.2022 23:00";"226,95";"226,95";"226,95";"226,95"
"1654549200";"07.06.2022 00:00";"189,7";"189,7";"132,64";"132,64"
"1654552800";"07.06.2022 01:00";"166,3";"166,3";"20,32";"20,32"
"1654556400";"07.06.2022 02:00";"155,15";"155,15";"19,38";"142,52"
"1654560000";"07.06.2022 03:00";"150,61";"150,61";"24,21";"50,67"
"1654563600";"07.06.2022 04:00";"145,72";"145,72";"27,94";"27,94"
"1654567200";"07.06.2022 05:00";"146,88";"146,88";"31,87";"31,87"
"1654570800";"07.06.2022 06:00";"154,54";"154,54";"58,63";"58,63"
"1654574400";"07.06.2022 07:00";"215,59";"215,59";"142,09";"142,09"
"1654578000";"07.06.2022 08:00";"242,55";"242,55";"198,51";"198,51"
"1654581600";"07.06.2022 09:00";"240";"240";"240";"240"
"1654585200";"07.06.2022 10:00";"230,63";"230,63";"212,23";"212,23"
"1654588800";"07.06.2022 11:00";"200,02";"200,02";"199,99";"199,99"
"1654592400";"07.06.2022 12:00";"198,87";"198,87";"174,98";"174,98"
"1654596000";"07.06.2022 13:00";"212,48";"212,48";"168,7";"168,7"
"1654599600";"07.06.2022 14:00";"255,09";"255,09";"164,65";"164,65"
"1654603200";"07.06.2022 15:00";"255,07";"255,07";"161,54";"161,54"
"1654606800";"07.06.2022 16:00";"206,53";"206,53";"180,09";"180,09"
"1654610400";"07.06.2022 17:00";"220";"220";"193,99";"193,99"
"1654614000";"07.06.2022 18:00";"236,1";"236,1";"227,03";"227,03"
"1654617600";"07.06.2022 19:00";"238,68";"238,68";"238,68";"238,68"
"1654621200";"07.06.2022 20:00";"239,82";"239,82";"239,82";"239,82"
"1654624800";"07.06.2022 21:00";"239";"239";"239";"239"
"1654628400";"07.06.2022 22:00";"228,81";"228,81";"228,81";"228,81"
"1654632000";"07.06.2022 23:00";"220,26";"220,26";"220,26";"220,26"
"1654635600";"08.06.2022 00:00";"210,97";"210,97";"150,66";"150,66"
"1654639200";"08.06.2022 01:00";"185,05";"185,05";"160";"160"
"1654642800";"08.06.2022 02:00";"168,95";"168,95";"149,99";"149,99"
"1654646400";"08.06.2022 03:00";"165,1";"165,1";"139,25";"139,25"
"1654650000";"08.06.2022 04:00";"162,96";"162,96";"103,22";"103,22"
"1654653600";"08.06.2022 05:00";"164,92";"164,92";"100,1";"100,1"
"1654657200";"08.06.2022 06:00";"175";"175";"175";"175"
"1654660800";"08.06.2022 07:00";"239,97";"239,97";"239,97";"239,97"
"1654664400";"08.06.2022 08:00";"260";"260";"260";"260"
"1654668000";"08.06.2022 09:00";"249,99";"249,99";"249,99";"249,99"
"1654671600";"08.06.2022 10:00";"253,12";"253,12";"253,12";"253,12"
"1654675200";"08.06.2022 11:00";"250";"250";"250";"250"
"1654678800";"08.06.2022 12:00";"259,99";"259,99";"259,99";"259,99"
"1654682400";"08.06.2022 13:00";"278,83";"278,83";"278,83";"278,83"
"1654686000";"08.06.2022 14:00";"262,26";"262,26";"262,26";"262,26"
"1654689600";"08.06.2022 15:00";"245,48";"245,48";"245,48";"245,48"
"1654693200";"08.06.2022 16:00";"287,15";"287,15";"287,15";"287,15"
"1654696800";"08.06.2022 17:00";"255,01";"255,01";"255,01";"255,01"
"1654700400";"08.06.2022 18:00";"240,02";"240,02";"240,02";"240,02"
"1654704000";"08.06.2022 19:00";"243,25";"243,25";"243,25";"243,25"
"1654707600";"08.06.2022 20:00";"261,59";"261,59";"261,59";"261,59"
"1654711200";"08.06.2022 21:00";"263,72";"263,72";"211,46";"211,46"
"1654714800";"08.06.2022 22:00";"229,93";"229,93";"229,93";"229,93"
"1654718400";"08.06.2022 23:00";"219,7";"219,7";"184,95";"184,95"
"1654722000";"09.06.2022 00:00";"205,09";"205,09";"121,86";"121,86"
"1654725600";"09.06.2022 01:00";"189,01";"189,01";"150,07";"150,07"
"1654729200";"09.06.2022 02:00";"170,63";"170,63";"149,99";"149,99"
"1654732800";"09.06.2022 03:00";"165";"165";"126,15";"126,15"
"1654736400";"09.06.2022 04:00";"164,57";"164,57";"125,37";"125,37"
"1654740000";"09.06.2022 05:00";"164,18";"164,18";"150";"150"
"1654743600";"09.06.2022 06:00";"225,03";"225,03";"225,03";"225,03"
"1654747200";"09.06.2022 07:00";"253,18";"253,18";"253,18";"253,18"
"1654750800";"09.06.2022 08:00";"241,74";"241,74";"241,74";"241,74"
"1654754400";"09.06.2022 09:00";"253,19";"253,19";"253,19";"253,19"
"1654758000";"09.06.2022 10:00";"249,55";"249,55";"249,55";"249,55"
"1654761600";"09.06.2022 11:00";"238,77";"238,77";"238,77";"238,77"
"1654765200";"09.06.2022 12:00";"255,03";"255,03";"255,03";"255,03"
"1654768800";"09.06.2022 13:00";"250";"250";"250";"250"
"1654772400";"09.06.2022 14:00";"233,48";"233,48";"233,48";"233,48"
"1654776000";"09.06.2022 15:00";"228,54";"228,54";"228,54";"228,54"
"1654779600";"09.06.2022 16:00";"225,03";"225,03";"225,03";"225,03"
"1654783200";"09.06.2022 17:00";"223,95";"223,95";"223,95";"223,95"
"1654786800";"09.06.2022 18:00";"231,39";"231,39";"231,39";"231,39"
"1654790400";"09.06.2022 19:00";"228,56";"228,56";"228,56";"228,56"
"1654794000";"09.06.2022 20:00";"234,51";"234,51";"234,51";"234,51"
"1654797600";"09.06.2022 21:00";"249,52";"249,52";"187,96";"187,96"
"1654801200";"09.06.2022 22:00";"210,32";"210,32";"197,19";"197,19"
"1654804800";"09.06.2022 23:00";"209,09";"209,09";"166,29";"166,29"
"1654808400";"10.06.2022 00:00";"192,07";"192,07";"137,26";"137,26"
"1654812000";"10.06.2022 01:00";"196,58";"196,58";"194,97";"194,97"
"1654815600";"10.06.2022 02:00";"169,05";"169,05";"149,99";"149,99"
"1654819200";"10.06.2022 03:00";"162,4";"162,4";"128,37";"146,33"
"1654822800";"10.06.2022 04:00";"162,16";"162,16";"111,84";"146,31"
"1654826400";"10.06.2022 05:00";"163,84";"163,84";"120,1";"120,1"
"1654830000";"10.06.2022 06:00";"179,14";"179,14";"179,14";"179,14"
"1654833600";"10.06.2022 07:00";"300,06";"300,06";"239,42";"239,42"
"1654837200";"10.06.2022 08:00";"299,91";"299,91";"299,91";"299,91"
"1654840800";"10.06.2022 09:00";"372,81";"372,81";"368,58";"368,58"
"1654844400";"10.06.2022 10:00";"372,86";"372,86";"266,06";"266,06"
"1654848000";"10.06.2022 11:00";"550,06";"550,06";"249,99";"249,99"
"1654851600";"10.06.2022 12:00";"404,4";"404,4";"235,36";"235,36"
"1654855200";"10.06.2022 13:00";"372,81";"372,81";"207,86";"207,86"
"1654858800";"10.06.2022 14:00";"450,05";"450,05";"196,55";"196,55"
"1654862400";"10.06.2022 15:00";"355,03";"355,03";"178,6";"178,6"
"1654866000";"10.06.2022 16:00";"372,83";"372,83";"176,43";"176,43"
"1654869600";"10.06.2022 17:00";"355";"355";"179,83";"179,83"
"1654873200";"10.06.2022 18:00";"372,86";"372,86";"194,97";"194,97"
"1654876800";"10.06.2022 19:00";"225,08";"225,08";"225,08";"225,08"
"1654880400";"10.06.2022 20:00";"300,07";"300,07";"245,77";"245,77"
"1654884000";"10.06.2022 21:00";"220,46";"220,46";"196,99";"196,99"
"1654887600";"10.06.2022 22:00";"216,9";"216,9";"216,9";"216,9"
"1654891200";"10.06.2022 23:00";"215,48";"215,48";"197,67";"197,67"
"1654894800";"11.06.2022 00:00";"205,07";"205,07";"149,43";"149,43"
"1654898400";"11.06.2022 01:00";"201,7";"201,7";"27,82";"201,7"
"1654902000";"11.06.2022 02:00";"184,36";"184,36";"19,72";"184,36"
"1654905600";"11.06.2022 03:00";"170,75";"170,75";"13,66";"170,75"
"1654909200";"11.06.2022 04:00";"165,51";"165,51";"13,63";"165,51"
"1654912800";"11.06.2022 05:00";"155,89";"155,89";"13,61";"155,89"
"1654916400";"11.06.2022 06:00";"151,79";"151,79";"14,26";"151,79"
"1654920000";"11.06.2022 07:00";"157,97";"157,97";"25,51";"157,97"
"1654923600";"11.06.2022 08:00";"152,79";"152,79";"34,49";"147,07"
"1654927200";"11.06.2022 09:00";"150,28";"150,28";"36,32";"147,02"
"1654930800";"11.06.2022 10:00";"114";"114";"29,58";"29,58"
"1654934400";"11.06.2022 11:00";"96,34";"96,34";"21,54";"21,54"
"1654938000";"11.06.2022 12:00";"89";"89";"13,51";"13,51"
"1654941600";"11.06.2022 13:00";"80,11";"80,11";"11,06";"11,06"
"1654945200";"11.06.2022 14:00";"76,08";"76,08";"9,77";"9,77"
"1654948800";"11.06.2022 15:00";"74,24";"74,24";"4,23";"4,23"
"1654952400";"11.06.2022 16:00";"87,83";"87,83";"10,08";"87,83"
"1654956000";"11.06.2022 17:00";"98,5";"98,5";"11,68";"98,5"
"1654959600";"11.06.2022 18:00";"147,07";"147,07";"13,29";"147,07"
"1654963200";"11.06.2022 19:00";"176,19";"176,19";"13,28";"176,19"
"1654966800";"11.06.2022 20:00";"196,39";"196,39";"15,24";"196,39"
"1654970400";"11.06.2022 21:00";"217,19";"217,19";"15,9";"217,19"
"1654974000";"11.06.2022 22:00";"211,06";"211,06";"21,37";"211,06"
"1654977600";"11.06.2022 23:00";"207,92";"207,92";"17,4";"207,92"
"1654981200";"12.06.2022 00:00";"199";"199";"11,73";"199"
"1654984800";"12.06.2022 01:00";"195";"195";"10,69";"195"
"1654988400";"12.06.2022 02:00";"159,25";"159,25";"10,09";"159,25"
"1654992000";"12.06.2022 03:00";"147,43";"147,43";"9,05";"147,43"
"1654995600";"12.06.2022 04:00";"132";"132";"9,09";"132"
"1654999200";"12.06.2022 05:00";"120,09";"120,09";"10,36";"120,09"
"1655002800";"12.06.2022 06:00";"103,54";"103,54";"11,41";"103,54"
"1655006400";"12.06.2022 07:00";"97,81";"97,81";"11,22";"97,81"
"1655010000";"12.06.2022 08:00";"106,35";"106,35";"19,88";"106,35"
"1655013600";"12.06.2022 09:00";"87,34";"87,34";"28,25";"87,34"
"1655017200";"12.06.2022 10:00";"80,83";"80,83";"31,25";"80,83"
"1655020800";"12.06.2022 11:00";"74,37";"74,37";"31,09";"74,37"
"1655024400";"12.06.2022 12:00";"52,55";"52,55";"30,02";"41,6"
"1655028000";"12.06.2022 13:00";"43,45";"43,45";"19,71";"19,71"
"1655031600";"12.06.2022 14:00";"32,51";"32,51";"5,02";"32,51"
"1655035200";"12.06.2022 15:00";"27,08";"27,08";"2";"27,08"
"1655038800";"12.06.2022 16:00";"26,95";"26,95";"9,95";"26,95"
"1655042400";"12.06.2022 17:00";"82,13";"82,13";"27,8";"82,13"
"1655046000";"12.06.2022 18:00";"83,19";"83,19";"35,66";"83,19"
"1655049600";"12.06.2022 19:00";"159,98";"159,98";"39,59";"159,98"
"1655053200";"12.06.2022 20:00";"185,31";"185,31";"45,23";"185,31"
"1655056800";"12.06.2022 21:00";"205,98";"205,98";"46,24";"205,98"
"1655060400";"12.06.2022 22:00";"210,98";"210,98";"44,82";"210,98"
"1655064000";"12.06.2022 23:00";"210";"210";"38,45";"210"
"1655067600";"13.06.2022 00:00";"182,23";"182,23";"24,55";"182,23"
"1655071200";"13.06.2022 01:00";"169,04";"169,04";"16,52";"169,04"
"1655074800";"13.06.2022 02:00";"158,24";"158,24";"15,17";"158,24"
"1655078400";"13.06.2022 03:00";"148,18";"148,18";"13,63";"148,18"
"1655082000";"13.06.2022 04:00";"146,33";"146,33";"14,3";"146,33"
"1655085600";"13.06.2022 05:00";"146,92";"146,92";"16,47";"146,92"
"1655089200";"13.06.2022 06:00";"149,97";"149,97";"46,18";"149,97"
"1655092800";"13.06.2022 07:00";"200,03";"200,03";"152,7";"200,03"
"1655096400";"13.06.2022 08:00";"212,12";"212,12";"190";"190"
"1655100000";"13.06.2022 09:00";"212,79";"212,79";"212,12";"212,12"
"1655103600";"13.06.2022 10:00";"181,34";"181,34";"179,22";"179,22"
"1655107200";"13.06.2022 11:00";"168,53";"168,53";"165,7";"165,7"
"1655110800";"13.06.2022 12:00";"149,99";"149,99";"149,99";"149,99"
"1655114400";"13.06.2022 13:00";"175,05";"175,05";"175,05";"175,05"
"1655118000";"13.06.2022 14:00";"175,06";"175,06";"175,06";"175,06"
"1655121600";"13.06.2022 15:00";"175,1";"175,1";"175,1";"175,1"
"1655125200";"13.06.2022 16:00";"175,04";"175,04";"156,3";"156,3"
"1655128800";"13.06.2022 17:00";"154,12";"154,12";"154,12";"154,12"
"1655132400";"13.06.2022 18:00";"154,3";"154,3";"154,3";"154,3"
"1655136000";"13.06.2022 19:00";"175,17";"175,17";"175,17";"175,17"
"1655139600";"13.06.2022 20:00";"215,07";"215,07";"208,41";"215,07"
"1655143200";"13.06.2022 21:00";"200,71";"200,71";"167,29";"200,71"
"1655146800";"13.06.2022 22:00";"218,06";"218,06";"165,92";"218,06"
"1655150400";"13.06.2022 23:00";"216,62";"216,62";"140";"216,62"
"1655154000";"14.06.2022 00:00";"148,19";"192,56";"47,2";"148,19"
"1655157600";"14.06.2022 01:00";"162,54";"162,54";"56,63";"162,54"
"1655161200";"14.06.2022 02:00";"155,83";"155,83";"53,91";"155,83"
"1655164800";"14.06.2022 03:00";"141,38";"141,38";"52,77";"141,38"
"1655168400";"14.06.2022 04:00";"145,89";"145,89";"52,63";"145,89"
"1655172000";"14.06.2022 05:00";"148,58";"148,58";"52,29";"148,58"
"1655175600";"14.06.2022 06:00";"155,37";"155,37";"123,48";"155,37"
"1655179200";"14.06.2022 07:00";"215,22";"215,22";"196,95";"215,22"
"1655182800";"14.06.2022 08:00";"227,88";"227,88";"227,88";"227,88"
"1655186400";"14.06.2022 09:00";"221,28";"221,28";"221,28";"221,28"
"1655190000";"14.06.2022 10:00";"249,99";"249,99";"249,99";"249,99"
"1655193600";"14.06.2022 11:00";"235,45";"235,45";"235,45";"235,45"
"1655197200";"14.06.2022 12:00";"184,24";"184,24";"184,24";"184,24"
"1655200800";"14.06.2022 13:00";"206,36";"206,36";"206,36";"206,36"
"1655204400";"14.06.2022 14:00";"256,44";"256,44";"251,41";"256,44"
"1655208000";"14.06.2022 15:00";"151,74";"151,74";"151,74";"151,74"
"1655211600";"14.06.2022 16:00";"163,95";"163,95";"163,95";"163,95"
"1655215200";"14.06.2022 17:00";"248,05";"248,05";"199,99";"248,05"
"1655218800";"14.06.2022 18:00";"197,87";"200,18";"197,87";"197,87"
"1655222400";"14.06.2022 19:00";"225,43";"230,97";"225,43";"225,43"
"1655226000";"14.06.2022 20:00";"229,34";"229,34";"229,34";"229,34"
"1655229600";"14.06.2022 21:00";"225,02";"276,17";"225,02";"225,02"
"1655233200";"14.06.2022 22:00";"229,97";"234,42";"229,97";"229,97"
"1655236800";"14.06.2022 23:00";"229,27";"229,27";"169,73";"229,27"
"1655240400";"15.06.2022 00:00";"146,35";"210,51";"99,73";"146,35"
"1655244000";"15.06.2022 01:00";"197,96";"197,96";"47,99";"142,32"
"1655247600";"15.06.2022 02:00";"183,5";"183,5";"10,84";"142,31"
"1655251200";"15.06.2022 03:00";"177,67";"177,67";"9,61";"110,77"
"1655254800";"15.06.2022 04:00";"173,02";"173,02";"9,82";"110,75"
"1655258400";"15.06.2022 05:00";"173,18";"173,18";"33,69";"110,77"
"1655262000";"15.06.2022 06:00";"182,23";"182,23";"115,02";"142,38"
"1655265600";"15.06.2022 07:00";"219,61";"219,61";"219,61";"219,61"
"1655269200";"15.06.2022 08:00";"246,95";"246,95";"246,95";"246,95"
"1655272800";"15.06.2022 09:00";"252,78";"253,04";"252,78";"252,78"
"1655276400";"15.06.2022 10:00";"213,58";"213,58";"213,58";"213,58"
"1655280000";"15.06.2022 11:00";"195,78";"195,78";"195,78";"195,78"
"1655283600";"15.06.2022 12:00";"260,74";"260,74";"175,37";"175,37"
"1655287200";"15.06.2022 13:00";"262,53";"262,53";"170,76";"170,76"
"1655290800";"15.06.2022 14:00";"175,04";"175,04";"172,2";"172,2"
"1655294400";"15.06.2022 15:00";"170,16";"170,16";"168,61";"168,61"
"1655298000";"15.06.2022 16:00";"192,11";"192,11";"170,24";"170,24"
"1655301600";"15.06.2022 17:00";"276,34";"276,34";"183,06";"183,06"
"1655305200";"15.06.2022 18:00";"218,19";"218,19";"218,19";"218,19"
"1655308800";"15.06.2022 19:00";"250";"260,51";"250";"250"
"1655312400";"15.06.2022 20:00";"305,77";"305,77";"219,1";"305,77"
"1655316000";"15.06.2022 21:00";"142,39";"307,25";"141,64";"142,39"
"1655319600";"15.06.2022 22:00";"263,97";"263,97";"99,95";"263,97"
"1655323200";"15.06.2022 23:00";"247,77";"247,77";"90,49";"247,77"
"1655326800";"16.06.2022 00:00";"223,32";"223,32";"23,53";"142,37"
"1655330400";"16.06.2022 01:00";"112,92";"225,41";"12,44";"112,92"
"1655334000";"16.06.2022 02:00";"112,92";"213,54";"9,29";"112,92"
"1655337600";"16.06.2022 03:00";"50,12";"209,94";"8,02";"50,12"
"1655341200";"16.06.2022 04:00";"7,76";"212,15";"7,76";"7,76"
"1655344800";"16.06.2022 05:00";"112,91";"206,46";"8,29";"112,91"
"1655348400";"16.06.2022 06:00";"145,36";"202,12";"23,64";"145,36"
"1655352000";"16.06.2022 07:00";"219,95";"219,95";"135,42";"219,95"
"1655355600";"16.06.2022 08:00";"254,96";"254,96";"222,49";"254,96"
"1655359200";"16.06.2022 09:00";"245";"245";"245";"245"
"1655362800";"16.06.2022 10:00";"216,49";"216,49";"216,49";"216,49"
"1655366400";"16.06.2022 11:00";"181,27";"181,27";"181,27";"181,27"
"1655370000";"16.06.2022 12:00";"163,48";"163,48";"163,48";"163,48"
"1655373600";"16.06.2022 13:00";"152,96";"152,96";"152,96";"152,96"
"1655377200";"16.06.2022 14:00";"116,89";"116,89";"116,89";"116,89"
"1655380800";"16.06.2022 15:00";"100";"100";"100";"100"
"1655384400";"16.06.2022 16:00";"98,56";"98,56";"98,56";"98,56"
"1655388000";"16.06.2022 17:00";"116,63";"116,63";"116,63";"116,63"
"1655391600";"16.06.2022 18:00";"165,21";"165,21";"165,21";"165,21"
"1655395200";"16.06.2022 19:00";"217,36";"217,36";"213,86";"217,36"
"1655398800";"16.06.2022 20:00";"252,35";"252,35";"205,75";"252,35"
"1655402400";"16.06.2022 21:00";"258,82";"258,82";"199,99";"258,82"
"1655406000";"16.06.2022 22:00";"263,98";"263,98";"191,98";"263,98"
"1655409600";"16.06.2022 23:00";"255,95";"255,95";"170,3";"255,95"
"1655413200";"17.06.2022 00:00";"208,92";"208,92";"144,02";"208,92"
"1655416800";"17.06.2022 01:00";"289,1";"289,1";"52,13";"289,1"
"1655420400";"17.06.2022 02:00";"149,14";"235,77";"28,61";"149,14"
"1655424000";"17.06.2022 03:00";"114";"213,34";"26,36";"114"
"1655427600";"17.06.2022 04:00";"113,94";"202,99";"27,05";"113,94"
"1655431200";"17.06.2022 05:00";"113,97";"201,9";"29,4";"113,97"
"1655434800";"17.06.2022 06:00";"239,91";"239,91";"141,16";"239,91"
"1655438400";"17.06.2022 07:00";"292,34";"292,34";"175,92";"292,34"
"1655442000";"17.06.2022 08:00";"323,31";"323,31";"315,55";"323,31"
"1655445600";"17.06.2022 09:00";"325,7";"325,7";"325,7";"325,7"
"1655449200";"17.06.2022 10:00";"299,07";"299,07";"299,07";"299,07"
"1655452800";"17.06.2022 11:00";"244,42";"244,42";"244,42";"244,42"
"1655456400";"17.06.2022 12:00";"216,3";"216,3";"194,9";"194,9"
"1655460000";"17.06.2022 13:00";"190,36";"190,36";"186,55";"186,55"
"1655463600";"17.06.2022 14:00";"178,3";"178,3";"178,3";"178,3"
"1655467200";"17.06.2022 15:00";"184,4";"184,4";"174,12";"174,12"
"1655470800";"17.06.2022 16:00";"178,39";"178,39";"176,14";"176,14"
"1655474400";"17.06.2022 17:00";"224,41";"224,41";"199,81";"199,81"
"1655478000";"17.06.2022 18:00";"247,94";"247,94";"240,63";"240,63"
"1655481600";"17.06.2022 19:00";"303,25";"303,25";"250";"303,25"
"1655485200";"17.06.2022 20:00";"320,56";"320,56";"238,54";"320,56"
"1655488800";"17.06.2022 21:00";"355,01";"355,01";"199,79";"355,01"
"1655492400";"17.06.2022 22:00";"191,96";"319,04";"191,96";"191,96"
"1655496000";"17.06.2022 23:00";"208,99";"280,9";"208,99";"208,99"
"1655499600";"18.06.2022 00:00";"223,67";"223,67";"150";"223,67"
"1655503200";"18.06.2022 01:00";"250,19";"250,19";"108,74";"250,19"
"1655506800";"18.06.2022 02:00";"191,71";"191,71";"105,76";"191,71"
"1655510400";"18.06.2022 03:00";"120,09";"120,09";"80,68";"120,09"
"1655514000";"18.06.2022 04:00";"120,05";"120,05";"47,99";"120,05"
"1655517600";"18.06.2022 05:00";"109,5";"120,05";"4,33";"109,5"
"1655521200";"18.06.2022 06:00";"124,41";"124,41";"30,2";"124,41"
"1655524800";"18.06.2022 07:00";"185,04";"185,04";"79,25";"185,04"
"1655528400";"18.06.2022 08:00";"173,35";"173,35";"100,52";"173,35"
"1655532000";"18.06.2022 09:00";"171,84";"171,84";"101,2";"171,84"
"1655535600";"18.06.2022 10:00";"170,52";"170,52";"103,41";"170,52"
"1655539200";"18.06.2022 11:00";"137,11";"137,11";"91,28";"137,11"
"1655542800";"18.06.2022 12:00";"120,41";"120,41";"91,37";"120,41"
"1655546400";"18.06.2022 13:00";"98,85";"98,85";"95,24";"98,85"
"1655550000";"18.06.2022 14:00";"87,34";"87,34";"87,34";"87,34"
"1655553600";"18.06.2022 15:00";"88,58";"88,58";"88,58";"88,58"
"1655557200";"18.06.2022 16:00";"119,49";"119,49";"93,89";"119,49"
"1655560800";"18.06.2022 17:00";"147,02";"147,02";"93,07";"147,02"
"1655564400";"18.06.2022 18:00";"176,17";"176,17";"96,18";"176,17"
"1655568000";"18.06.2022 19:00";"250,95";"264,61";"94,7";"250,95"
"1655571600";"18.06.2022 20:00";"196,07";"328,01";"87,25";"196,07"
"1655575200";"18.06.2022 21:00";"255,07";"255,07";"54,44";"255,07"
"1655578800";"18.06.2022 22:00";"134";"134";"66,88";"134"
"1655582400";"18.06.2022 23:00";"285,08";"285,08";"79,12";"285,08"
"1655586000";"19.06.2022 00:00";"109,45";"109,45";"5,57";"109,45"
"1655589600";"19.06.2022 01:00";"108,88";"108,88";"3,14";"108,88"
"1655593200";"19.06.2022 02:00";"135,06";"135,06";"2,53";"135,06"
"1655596800";"19.06.2022 03:00";"135,04";"135,04";"1,95";"135,04"
"1655600400";"19.06.2022 04:00";"135,01";"135,01";"1,66";"135,01"
"1655604000";"19.06.2022 05:00";"120,6";"120,6";"1,49";"120,6"
"1655607600";"19.06.2022 06:00";"109,55";"109,55";"1,71";"109,55"
"1655611200";"19.06.2022 07:00";"108,82";"108,82";"2,04";"108,82"
"1655614800";"19.06.2022 08:00";"95,9";"95,9";"2,77";"95,9"
"1655618400";"19.06.2022 09:00";"88,38";"88,38";"3,67";"88,38"
"1655622000";"19.06.2022 10:00";"94,19";"94,19";"5,11";"94,19"
"1655625600";"19.06.2022 11:00";"94,15";"94,15";"6";"6"
"1655629200";"19.06.2022 12:00";"92,71";"92,71";"6,92";"92,71"
"1655632800";"19.06.2022 13:00";"77,21";"77,21";"6,98";"77,21"
"1655636400";"19.06.2022 14:00";"70,98";"70,98";"6,8";"70,98"
"1655640000";"19.06.2022 15:00";"108,8";"108,8";"7,67";"108,8"
"1655643600";"19.06.2022 16:00";"76,55";"76,55";"13,32";"76,55"
"1655647200";"19.06.2022 17:00";"90,78";"90,78";"26,92";"90,78"
"1655650800";"19.06.2022 18:00";"108,85";"108,85";"31,95";"108,85"
"1655654400";"19.06.2022 19:00";"90,17";"90,17";"77,11";"90,17"
"1655658000";"19.06.2022 20:00";"194,68";"194,68";"72,68";"194,68"
"1655661600";"19.06.2022 21:00";"154,5";"154,5";"41,18";"154,5"
"1655665200";"19.06.2022 22:00";"108,84";"294,29";"46,97";"108,84"
"1655668800";"19.06.2022 23:00";"151,85";"306,93";"30,23";"151,85"
"1655672400";"20.06.2022 00:00";"195,06";"281,1";"26,53";"195,06"
"1655676000";"20.06.2022 01:00";"240,22";"240,22";"27,37";"240,22"
"1655679600";"20.06.2022 02:00";"220,39";"220,39";"26,85";"220,39"
"1655683200";"20.06.2022 03:00";"184,98";"184,98";"26,7";"133,76"
"1655686800";"20.06.2022 04:00";"108,82";"108,82";"27,15";"108,82"
"1655690400";"20.06.2022 05:00";"213,2";"213,2";"30,02";"108,85"
"1655694000";"20.06.2022 06:00";"160,45";"263,27";"160,45";"160,45"
"1655697600";"20.06.2022 07:00";"301,67";"301,67";"301,67";"301,67"
"1655701200";"20.06.2022 08:00";"368,9";"368,9";"368,9";"368,9"
"1655704800";"20.06.2022 09:00";"500";"500";"500";"500"
"1655708400";"20.06.2022 10:00";"348,28";"348,28";"348,28";"348,28"
"1655712000";"20.06.2022 11:00";"309,82";"309,82";"309,82";"309,82"
"1655715600";"20.06.2022 12:00";"305,97";"305,97";"305,97";"305,97"
"1655719200";"20.06.2022 13:00";"263,54";"263,54";"263,54";"263,54"
"1655722800";"20.06.2022 14:00";"223,16";"223,16";"223,16";"223,16"
"1655726400";"20.06.2022 15:00";"209,16";"209,16";"209,16";"209,16"
"1655730000";"20.06.2022 16:00";"259,03";"259,03";"259,03";"259,03"
"1655733600";"20.06.2022 17:00";"271,09";"271,09";"195,03";"195,03"
"1655737200";"20.06.2022 18:00";"338,71";"338,71";"225,86";"225,86"
"1655740800";"20.06.2022 19:00";"255,73";"255,73";"255,73";"255,73"
"1655744400";"20.06.2022 20:00";"291,19";"291,19";"291,19";"291,19"
"1655748000";"20.06.2022 21:00";"316,32";"316,32";"316,32";"316,32"
"1655751600";"20.06.2022 22:00";"315,99";"315,99";"315,99";"315,99"
"1655755200";"20.06.2022 23:00";"285,85";"285,85";"285,85";"285,85"
"1655758800";"21.06.2022 00:00";"245,99";"245,99";"155,76";"155,76"
"1655762400";"21.06.2022 01:00";"245,54";"245,54";"149,29";"245,54"
"1655766000";"21.06.2022 02:00";"204,78";"204,78";"136,22";"204,78"
"1655769600";"21.06.2022 03:00";"205,05";"205,05";"74,81";"196,98"
"1655773200";"21.06.2022 04:00";"161,91";"161,91";"39,57";"161,91"
"1655776800";"21.06.2022 05:00";"150,08";"150,08";"56,99";"150,08"
"1655780400";"21.06.2022 06:00";"177,18";"177,18";"144,46";"177,18"
"1655784000";"21.06.2022 07:00";"262,58";"297,61";"262,58";"262,58"
"1655787600";"21.06.2022 08:00";"338,9";"338,9";"338,9";"338,9"
"1655791200";"21.06.2022 09:00";"328,6";"328,6";"328,6";"328,6"
"1655794800";"21.06.2022 10:00";"262,86";"262,86";"262,86";"262,86"
"1655798400";"21.06.2022 11:00";"195,45";"195,45";"195,45";"195,45"
"1655802000";"21.06.2022 12:00";"219,8";"219,8";"219,8";"219,8"
"1655805600";"21.06.2022 13:00";"214,58";"214,58";"214,58";"214,58"
"1655809200";"21.06.2022 14:00";"207,5";"207,5";"207,5";"207,5"
"1655812800";"21.06.2022 15:00";"176,79";"176,79";"176,79";"176,79"
"1655816400";"21.06.2022 16:00";"201,14";"201,14";"201,14";"201,14"
"1655820000";"21.06.2022 17:00";"258,04";"258,04";"234,17";"234,17"
"1655823600";"21.06.2022 18:00";"292,4";"292,4";"179,06";"179,06"
"1655827200";"21.06.2022 19:00";"245,09";"245,09";"229,97";"229,97"
"1655830800";"21.06.2022 20:00";"354,15";"354,15";"240,71";"240,71"
"1655834400";"21.06.2022 21:00";"255,09";"255,09";"168,6";"168,6"
"1655838000";"21.06.2022 22:00";"153,69";"412,62";"153,69";"153,69"
"1655841600";"21.06.2022 23:00";"374,71";"374,71";"138,22";"261,36"
"1655845200";"22.06.2022 00:00";"325,78";"325,78";"27,96";"325,78"
"1655848800";"22.06.2022 01:00";"111,17";"111,17";"10,64";"111,17"
"1655852400";"22.06.2022 02:00";"111,13";"111,13";"7,97";"111,13"
"1655856000";"22.06.2022 03:00";"111,12";"111,12";"7,55";"111,12"
"1655859600";"22.06.2022 04:00";"10";"10";"10";"10"
"1655863200";"22.06.2022 05:00";"111,13";"111,13";"20";"111,13"
"1655866800";"22.06.2022 06:00";"284,42";"284,42";"66,78";"111,14"
"1655870400";"22.06.2022 07:00";"350,12";"350,12";"158,9";"158,9"
"1655874000";"22.06.2022 08:00";"421,66";"421,66";"225,55";"225,55"
"1655877600";"22.06.2022 09:00";"374,45";"374,45";"374,45";"374,45"
"1655881200";"22.06.2022 10:00";"328,85";"328,85";"328,85";"328,85"
"1655884800";"22.06.2022 11:00";"299,2";"299,2";"294,25";"294,25"
"1655888400";"22.06.2022 12:00";"285,98";"285,98";"285,43";"285,43"
"1655892000";"22.06.2022 13:00";"280,13";"280,13";"262,45";"262,45"
"1655895600";"22.06.2022 14:00";"255,07";"255,07";"243,71";"243,71"
"1655899200";"22.06.2022 15:00";"252,66";"252,66";"238,6";"238,6"
"1655902800";"22.06.2022 16:00";"268,93";"268,93";"199,04";"199,04"
"1655906400";"22.06.2022 17:00";"299,43";"299,43";"172,07";"172,07"
"1655910000";"22.06.2022 18:00";"343,14";"343,14";"169,45";"169,45"
"1655913600";"22.06.2022 19:00";"395,21";"395,21";"187,78";"187,78"
"1655917200";"22.06.2022 20:00";"470,46";"470,46";"168,97";"168,97"
"1655920800";"22.06.2022 21:00";"211,93";"211,93";"160,96";"160,96"
"1655924400";"22.06.2022 22:00";"165,39";"389,72";"165,39";"165,39"
"1655928000";"22.06.2022 23:00";"365,56";"365,56";"158,91";"365,56"
"1655931600";"23.06.2022 00:00";"303,05";"303,05";"27,3";"155,39"
"1655935200";"23.06.2022 01:00";"288,36";"288,36";"4,69";"288,36"
"1655938800";"23.06.2022 02:00";"253,44";"253,44";"2,9";"253,44"
"1655942400";"23.06.2022 03:00";"244,02";"244,02";"2,42";"109,47"
"1655946000";"23.06.2022 04:00";"239,92";"239,92";"2,51";"109,45"
"1655949600";"23.06.2022 05:00";"149";"149";"3,24";"109,44"
"1655953200";"23.06.2022 06:00";"279,68";"279,68";"20,51";"109,45"
"1655956800";"23.06.2022 07:00";"336,1";"336,1";"40,36";"40,36"
"1655960400";"23.06.2022 08:00";"366,23";"366,23";"133,27";"133,27"
"1655964000";"23.06.2022 09:00";"353,36";"353,36";"149,99";"149,99"
"1655967600";"23.06.2022 10:00";"312,35";"312,35";"131,11";"131,11"
"1655971200";"23.06.2022 11:00";"273,42";"273,42";"104";"104"
"1655974800";"23.06.2022 12:00";"240,43";"240,43";"89,54";"89,54"
"1655978400";"23.06.2022 13:00";"234,92";"234,92";"87,05";"87,05"
"1655982000";"23.06.2022 14:00";"260,44";"260,44";"72,05";"72,05"
"1655985600";"23.06.2022 15:00";"266,23";"266,23";"28,67";"28,67"
"1655989200";"23.06.2022 16:00";"269,65";"269,65";"28,98";"28,98"
"1655992800";"23.06.2022 17:00";"256,75";"256,75";"47,22";"47,22"
"1655996400";"23.06.2022 18:00";"328,26";"328,26";"90,07";"90,07"
"1656000000";"23.06.2022 19:00";"365,65";"365,65";"116,43";"116,43"
"1656003600";"23.06.2022 20:00";"429,13";"429,13";"131,11";"310"
"1656007200";"23.06.2022 21:00";"278,32";"413,99";"112,05";"278,32"
"1656010800";"23.06.2022 22:00";"364,05";"364,05";"85,82";"364,05"
"1656014400";"23.06.2022 23:00";"292,31";"292,31";"31,74";"292,31"
"1656018000";"24.06.2022 00:00";"210,39";"210,39";"25,89";"210,39"
"1656021600";"24.06.2022 01:00";"212,04";"212,04";"5,35";"212,04"
"1656025200";"24.06.2022 02:00";"200,07";"200,07";"4,91";"200,07"
"1656028800";"24.06.2022 03:00";"188,41";"188,41";"4,94";"188,41"
"1656032400";"24.06.2022 04:00";"182,17";"182,17";"5,32";"182,17"
"1656036000";"24.06.2022 05:00";"179,72";"179,72";"21,45";"107,79"
"1656039600";"24.06.2022 06:00";"183,61";"183,61";"28,99";"28,99"
"1656043200";"24.06.2022 07:00";"274,57";"274,57";"49,61";"49,61"
"1656046800";"24.06.2022 08:00";"327,13";"327,13";"86,79";"86,79"
"1656050400";"24.06.2022 09:00";"319,01";"319,01";"80,88";"80,88"
"1656054000";"24.06.2022 10:00";"324,6";"324,6";"86,58";"86,58"
"1656057600";"24.06.2022 11:00";"298,54";"298,54";"81,7";"81,7"
"1656061200";"24.06.2022 12:00";"260,13";"260,13";"77,21";"77,21"
"1656064800";"24.06.2022 13:00";"244,79";"244,79";"80,56";"80,56"
"1656068400";"24.06.2022 14:00";"230,86";"230,86";"65,38";"65,38"
"1656072000";"24.06.2022 15:00";"123,38";"123,38";"67,17";"67,17"
"1656075600";"24.06.2022 16:00";"103,25";"103,25";"73,3";"73,3"
"1656079200";"24.06.2022 17:00";"105,55";"105,55";"70,54";"70,54"
"1656082800";"24.06.2022 18:00";"296,41";"296,41";"110,59";"110,59"
"1656086400";"24.06.2022 19:00";"322";"322";"121,76";"121,76"
"1656090000";"24.06.2022 20:00";"329,94";"329,94";"115,31";"115,31"
"1656093600";"24.06.2022 21:00";"335,2";"335,2";"104,54";"104,54"
"1656097200";"24.06.2022 22:00";"138,42";"138,42";"138,42";"138,42"
"1656100800";"24.06.2022 23:00";"300,08";"300,08";"138,29";"300,08"
"1656104400";"25.06.2022 00:00";"125,07";"125,07";"29,45";"125,07"
"1656108000";"25.06.2022 01:00";"180,02";"180,02";"61,3";"180,02"
"1656111600";"25.06.2022 02:00";"160,09";"160,09";"22,68";"160,09"
"1656115200";"25.06.2022 03:00";"160,06";"160,06";"10,07";"145,13"
"1656118800";"25.06.2022 04:00";"160,03";"160,03";"6,83";"109,4"
"1656122400";"25.06.2022 05:00";"160,08";"160,08";"6,81";"109,3"
"1656126000";"25.06.2022 06:00";"160,05";"160,05";"25,98";"25,98"
"1656129600";"25.06.2022 07:00";"226,73";"226,73";"28,87";"28,87"
"1656133200";"25.06.2022 08:00";"261,09";"261,09";"46,25";"46,25"
"1656136800";"25.06.2022 09:00";"269,03";"269,03";"53,52";"53,52"
"1656140400";"25.06.2022 10:00";"237,49";"237,49";"74,08";"74,08"
"1656144000";"25.06.2022 11:00";"213,14";"213,14";"64,39";"64,39"
"1656147600";"25.06.2022 12:00";"210,98";"210,98";"75,53";"75,53"
"1656151200";"25.06.2022 13:00";"197,86";"197,86";"72,23";"72,23"
"1656154800";"25.06.2022 14:00";"224,1";"224,1";"31,33";"31,33"
"1656158400";"25.06.2022 15:00";"197,2";"197,2";"90,52";"90,52"
"1656162000";"25.06.2022 16:00";"206,58";"206,58";"105,61";"105,61"
"1656165600";"25.06.2022 17:00";"249,58";"249,58";"104,5";"104,5"
"1656169200";"25.06.2022 18:00";"269,07";"269,07";"114,11";"114,11"
"1656172800";"25.06.2022 19:00";"271,57";"271,57";"150";"150"
"1656176400";"25.06.2022 20:00";"314,1";"314,1";"154,32";"154,32"
"1656180000";"25.06.2022 21:00";"327,17";"327,17";"149,11";"149,11"
"1656183600";"25.06.2022 22:00";"322,68";"322,68";"152,26";"322,68"
"1656187200";"25.06.2022 23:00";"316,25";"316,25";"144,9";"310,03"
"1656190800";"26.06.2022 00:00";"145,18";"287,86";"20,04";"145,18"
"1656194400";"26.06.2022 01:00";"288,91";"288,91";"27,49";"190,68"
"1656198000";"26.06.2022 02:00";"255,06";"255,06";"26,46";"255,06"
"1656201600";"26.06.2022 03:00";"201,28";"201,28";"22,08";"201,28"
"1656205200";"26.06.2022 04:00";"101,05";"101,05";"26,77";"101,05"
"1656208800";"26.06.2022 05:00";"136,92";"136,92";"27,96";"109,82"
"1656212400";"26.06.2022 06:00";"135,86";"135,86";"27,76";"27,76"
"1656216000";"26.06.2022 07:00";"135,22";"135,22";"29,47";"29,47"
"1656219600";"26.06.2022 08:00";"135,44";"135,44";"45,46";"45,46"
"1656223200";"26.06.2022 09:00";"133,03";"133,03";"65,51";"65,51"
"1656226800";"26.06.2022 10:00";"110,04";"110,04";"83,62";"83,62"
"1656230400";"26.06.2022 11:00";"97,62";"97,62";"97,62";"97,62"
"1656234000";"26.06.2022 12:00";"91,68";"91,68";"91,68";"91,68"
"1656237600";"26.06.2022 13:00";"88,4";"88,4";"88,4";"88,4"
"1656241200";"26.06.2022 14:00";"114,47";"114,47";"100,04";"100,04"
"1656244800";"26.06.2022 15:00";"115,49";"115,49";"109,85";"109,85"
"1656248400";"26.06.2022 16:00";"117,11";"117,11";"117,11";"117,11"
"1656252000";"26.06.2022 17:00";"172";"172";"148,86";"148,86"
"1656255600";"26.06.2022 18:00";"202,28";"202,28";"160,03";"160,03"
"1656259200";"26.06.2022 19:00";"284,92";"284,92";"153,64";"153,64"
"1656262800";"26.06.2022 20:00";"316,99";"316,99";"157,93";"157,93"
"1656266400";"26.06.2022 21:00";"325,38";"325,38";"151,62";"151,62"
"1656270000";"26.06.2022 22:00";"308,94";"308,94";"150,37";"150,37"
"1656273600";"26.06.2022 23:00";"327,65";"327,65";"149,29";"149,29"
"1656277200";"27.06.2022 00:00";"308,29";"308,29";"111,13";"111,13"
"1656280800";"27.06.2022 01:00";"288,52";"288,52";"110,02";"288,52"
"1656284400";"27.06.2022 02:00";"224,9";"224,9";"88,43";"224,9"
"1656288000";"27.06.2022 03:00";"229,23";"229,23";"50,98";"108,12"
"1656291600";"27.06.2022 04:00";"220,75";"220,75";"50,82";"50,82"
"1656295200";"27.06.2022 05:00";"213,15";"213,15";"49,53";"49,53"
"1656298800";"27.06.2022 06:00";"258,22";"258,22";"110,06";"110,06"
"1656302400";"27.06.2022 07:00";"330,91";"330,91";"221,44";"221,44"
"1656306000";"27.06.2022 08:00";"357,94";"357,94";"357,94";"357,94"
"1656309600";"27.06.2022 09:00";"371,07";"371,07";"371,07";"371,07"
"1656313200";"27.06.2022 10:00";"348,38";"348,38";"348,38";"348,38"
"1656316800";"27.06.2022 11:00";"332,54";"332,54";"332,54";"332,54"
"1656320400";"27.06.2022 12:00";"296,7";"296,7";"293,5";"293,5"
"1656324000";"27.06.2022 13:00";"500,02";"500,02";"268";"268"
"1656327600";"27.06.2022 14:00";"259,34";"259,34";"250,91";"250,91"
"1656331200";"27.06.2022 15:00";"340,95";"340,95";"235,29";"235,29"
"1656334800";"27.06.2022 16:00";"352,68";"352,68";"241,35";"241,35"
"1656338400";"27.06.2022 17:00";"355,02";"355,02";"235,55";"235,55"
"1656342000";"27.06.2022 18:00";"355,51";"355,51";"234,03";"234,03"
"1656345600";"27.06.2022 19:00";"378,59";"378,59";"240,49";"240,49"
"1656349200";"27.06.2022 20:00";"442,02";"442,02";"210";"210"
"1656352800";"27.06.2022 21:00";"423,66";"423,66";"185,33";"185,33"
"1656356400";"27.06.2022 22:00";"375,64";"375,64";"167,01";"167,01"
"1656360000";"27.06.2022 23:00";"372,17";"372,17";"136,22";"136,22"
"1656363600";"28.06.2022 00:00";"347,33";"347,33";"40,45";"40,45"
"1656367200";"28.06.2022 01:00";"191,66";"191,66";"27,98";"27,98"
"1656370800";"28.06.2022 02:00";"200,2";"200,2";"25,86";"25,86"
"1656374400";"28.06.2022 03:00";"200,03";"200,03";"21,54";"21,54"
"1656378000";"28.06.2022 04:00";"250,01";"250,01";"16,2";"16,2"
"1656381600";"28.06.2022 05:00";"250,03";"250,03";"21,49";"21,49"
"1656385200";"28.06.2022 06:00";"282,41";"282,41";"101,64";"101,64"
"1656388800";"28.06.2022 07:00";"358,76";"358,76";"148,15";"148,15"
"1656392400";"28.06.2022 08:00";"382,06";"382,06";"199,99";"199,99"
"1656396000";"28.06.2022 09:00";"403,47";"403,47";"241,18";"241,18"
"1656399600";"28.06.2022 10:00";"372,68";"372,68";"229,95";"229,95"
"1656403200";"28.06.2022 11:00";"306,46";"306,46";"234,29";"234,29"
"1656406800";"28.06.2022 12:00";"263,61";"263,61";"232,51";"232,51"
"1656410400";"28.06.2022 13:00";"250,03";"250,03";"229,99";"229,99"
"1656414000";"28.06.2022 14:00";"250,05";"250,05";"208,11";"208,11"
"1656417600";"28.06.2022 15:00";"250,02";"250,02";"200";"200"
"1656421200";"28.06.2022 16:00";"291,83";"291,83";"214,87";"214,87"
"1656424800";"28.06.2022 17:00";"316,24";"316,24";"205,05";"205,05"
"1656428400";"28.06.2022 18:00";"359,98";"359,98";"212,9";"212,9"
"1656432000";"28.06.2022 19:00";"427,63";"427,63";"225,76";"225,76"
"1656435600";"28.06.2022 20:00";"470,9";"470,9";"220,32";"220,32"
"1656439200";"28.06.2022 21:00";"442,26";"442,26";"176,95";"176,95"
"1656442800";"28.06.2022 22:00";"401,06";"401,06";"152,15";"152,15"
"1656446400";"28.06.2022 23:00";"386,87";"386,87";"148,23";"148,23"
"1656450000";"29.06.2022 00:00";"329,14";"329,14";"28,63";"28,63"
"1656453600";"29.06.2022 01:00";"271,21";"271,21";"27,38";"27,38"
"1656457200";"29.06.2022 02:00";"272,37";"272,37";"27,79";"27,79"
"1656460800";"29.06.2022 03:00";"259,51";"259,51";"27,88";"27,88"
"1656464400";"29.06.2022 04:00";"235,04";"235,04";"28,04";"28,04"
"1656468000";"29.06.2022 05:00";"237,43";"237,43";"28,98";"28,98"
"1656471600";"29.06.2022 06:00";"262,7";"262,7";"136";"136"
"1656475200";"29.06.2022 07:00";"315,58";"315,58";"174,01";"174,01"
"1656478800";"29.06.2022 08:00";"350,85";"350,85";"350,85";"350,85"
"1656482400";"29.06.2022 09:00";"397,56";"397,56";"386,95";"386,95"
"1656486000";"29.06.2022 10:00";"369,61";"369,61";"365,41";"365,41"
"1656489600";"29.06.2022 11:00";"335,32";"335,32";"329,64";"329,64"
"1656493200";"29.06.2022 12:00";"324,44";"324,44";"320,93";"320,93"
"1656496800";"29.06.2022 13:00";"303,91";"303,91";"303,91";"303,91"
"1656500400";"29.06.2022 14:00";"297,68";"297,68";"291,4";"291,4"
"1656504000";"29.06.2022 15:00";"294,55";"294,55";"294,55";"294,55"
"1656507600";"29.06.2022 16:00";"300,85";"300,85";"300,85";"300,85"
"1656511200";"29.06.2022 17:00";"308,91";"308,91";"308,91";"308,91"
"1656514800";"29.06.2022 18:00";"341,07";"341,07";"341,07";"341,07"
"1656518400";"29.06.2022 19:00";"369,17";"369,17";"368,86";"368,86"
"1656522000";"29.06.2022 20:00";"390,9";"390,9";"390,9";"390,9"
"1656525600";"29.06.2022 21:00";"390";"390";"390";"390"
"1656529200";"29.06.2022 22:00";"366,9";"366,9";"341,44";"341,44"
"1656532800";"29.06.2022 23:00";"344,3";"344,3";"194,46";"194,46"
"1656536400";"30.06.2022 00:00";"268,97";"268,97";"148,01";"148,01"
"1656540000";"30.06.2022 01:00";"282,88";"282,88";"151,38";"151,38"
"1656543600";"30.06.2022 02:00";"276,62";"276,62";"78,96";"78,96"
"1656547200";"30.06.2022 03:00";"268,13";"268,13";"37,41";"37,41"
"1656550800";"30.06.2022 04:00";"271,33";"271,33";"33,38";"33,38"
"1656554400";"30.06.2022 05:00";"261,21";"261,21";"36,55";"36,55"
"1656558000";"30.06.2022 06:00";"274,01";"274,01";"150,95";"150,95"
"1656561600";"30.06.2022 07:00";"339,77";"339,77";"250";"250"
"1656565200";"30.06.2022 08:00";"369,89";"369,89";"369,89";"369,89"
"1656568800";"30.06.2022 09:00";"379,63";"379,63";"379,63";"379,63"
"1656572400";"30.06.2022 10:00";"341,75";"341,75";"341,75";"341,75"
"1656576000";"30.06.2022 11:00";"299,02";"299,02";"299,02";"299,02"
"1656579600";"30.06.2022 12:00";"311,6";"311,6";"274,02";"274,02"
"1656583200";"30.06.2022 13:00";"312,44";"312,44";"276,32";"276,32"
"1656586800";"30.06.2022 14:00";"268,97";"268,97";"268,97";"268,97"
"1656590400";"30.06.2022 15:00";"278,07";"278,07";"278,07";"278,07"
"1656594000";"30.06.2022 16:00";"285,79";"285,79";"285,79";"285,79"
"1656597600";"30.06.2022 17:00";"324,09";"324,09";"324,09";"324,09"
"1656601200";"30.06.2022 18:00";"372,44";"372,44";"372,44";"372,44"
"1656604800";"30.06.2022 19:00";"409,41";"409,41";"409,41";"409,41"
"1656608400";"30.06.2022 20:00";"479";"479";"479";"479"
"1656612000";"30.06.2022 21:00";"450";"450";"450";"450"
"1656615600";"30.06.2022 22:00";"394,21";"394,21";"394,21";"394,21"
"1656619200";"30.06.2022 23:00";"355,17";"355,17";"235,72";"235,72"
"1656622800";"01.07.2022 00:00";"251,89";"251,89";"158,45";"158,45"
"1656626400";"01.07.2022 01:00";"252,65";"252,65";"134,6";"134,6"
"1656630000";"01.07.2022 02:00";"275,44";"275,44";"48,67";"48,67"
"1656633600";"01.07.2022 03:00";"261,58";"261,58";"28,02";"28,02"
"1656637200";"01.07.2022 04:00";"261,48";"261,48";"27,24";"27,24"
"1656640800";"01.07.2022 05:00";"259,01";"259,01";"27,76";"27,76"
"1656644400";"01.07.2022 06:00";"282,13";"282,13";"160,01";"160,01"
"1656648000";"01.07.2022 07:00";"355,19";"355,19";"179,95";"179,95"
"1656651600";"01.07.2022 08:00";"378,85";"378,85";"274,96";"274,96"
"1656655200";"01.07.2022 09:00";"385,19";"385,19";"385,19";"385,19"
"1656658800";"01.07.2022 10:00";"378";"378";"378";"378"
"1656662400";"01.07.2022 11:00";"363,52";"363,52";"337,8";"337,8"
"1656666000";"01.07.2022 12:00";"356,97";"356,97";"339";"339"
"1656669600";"01.07.2022 13:00";"349,77";"349,77";"302,35";"302,35"
"1656673200";"01.07.2022 14:00";"349,8";"349,8";"270,9";"270,9"
"1656676800";"01.07.2022 15:00";"355,02";"355,02";"262,1";"262,1"
"1656680400";"01.07.2022 16:00";"349,75";"349,75";"238,72";"238,72"
"1656684000";"01.07.2022 17:00";"349,72";"349,72";"220,69";"220,69"
"1656687600";"01.07.2022 18:00";"349,75";"349,75";"242,5";"242,5"
"1656691200";"01.07.2022 19:00";"349,79";"349,79";"230,66";"230,66"
"1656694800";"01.07.2022 20:00";"370,17";"370,17";"200";"200"
"1656698400";"01.07.2022 21:00";"369,52";"369,52";"178,39";"178,39"
"1656702000";"01.07.2022 22:00";"356,49";"356,49";"170,04";"170,04"
"1656705600";"01.07.2022 23:00";"385";"385";"158,79";"158,79"
"1656709200";"02.07.2022 00:00";"353,61";"353,61";"57,76";"57,76"
"1656712800";"02.07.2022 01:00";"285,72";"285,72";"19,49";"285,72"
"1656716400";"02.07.2022 02:00";"255";"255";"15,06";"255"
"1656720000";"02.07.2022 03:00";"237,2";"237,2";"6,97";"237,2"
"1656723600";"02.07.2022 04:00";"230,71";"230,71";"4,91";"116,55"
"1656727200";"02.07.2022 05:00";"200,1";"200,1";"3,28";"3,28"
"1656730800";"02.07.2022 06:00";"214,2";"214,2";"4,7";"133,29"
"1656734400";"02.07.2022 07:00";"233,84";"233,84";"3,85";"3,85"
"1656738000";"02.07.2022 08:00";"244,56";"244,56";"15,37";"15,37"
"1656741600";"02.07.2022 09:00";"203,92";"203,92";"100,87";"100,87"
"1656745200";"02.07.2022 10:00";"165,59";"165,59";"120,77";"120,77"
"1656748800";"02.07.2022 11:00";"171,65";"171,65";"124,5";"124,5"
"1656752400";"02.07.2022 12:00";"200,06";"200,06";"100,89";"100,89"
"1656756000";"02.07.2022 13:00";"200,06";"200,06";"65,35";"65,35"
"1656759600";"02.07.2022 14:00";"200,05";"200,05";"100,81";"100,81"
"1656763200";"02.07.2022 15:00";"200,05";"200,05";"62,77";"62,77"
"1656766800";"02.07.2022 16:00";"200,03";"200,03";"99,26";"99,26"
"1656770400";"02.07.2022 17:00";"178,99";"178,99";"103,12";"103,12"
"1656774000";"02.07.2022 18:00";"237,47";"237,47";"52,04";"52,04"
"1656777600";"02.07.2022 19:00";"285,03";"285,03";"107,37";"107,37"
"1656781200";"02.07.2022 20:00";"350";"350";"106,39";"106,39"
"1656784800";"02.07.2022 21:00";"354,14";"354,14";"39,98";"39,98"
"1656788400";"02.07.2022 22:00";"355,05";"355,05";"79,12";"79,12"
"1656792000";"02.07.2022 23:00";"353,44";"353,44";"8,46";"8,46"
"1656795600";"03.07.2022 00:00";"302,17";"302,17";"2,59";"2,59"
"1656799200";"03.07.2022 01:00";"270,08";"270,08";"1,43";"270,08"
"1656802800";"03.07.2022 02:00";"241,64";"241,64";"1,1";"241,64"
"1656806400";"03.07.2022 03:00";"199,08";"199,08";"1";"101,49"
"1656810000";"03.07.2022 04:00";"195,6";"195,6";"0,97";"101,46"
"1656813600";"03.07.2022 05:00";"185,6";"185,6";"0,98";"101,46"
"1656817200";"03.07.2022 06:00";"182,71";"182,71";"1,25";"101,49"
"1656820800";"03.07.2022 07:00";"176,71";"176,71";"1,41";"1,41"
"1656824400";"03.07.2022 08:00";"192,31";"192,31";"4,98";"4,98"
"1656828000";"03.07.2022 09:00";"185,07";"185,07";"40,11";"40,11"
"1656831600";"03.07.2022 10:00";"185,06";"185,06";"44,75";"44,75"
"1656835200";"03.07.2022 11:00";"185,05";"185,05";"43,4";"43,4"
"1656838800";"03.07.2022 12:00";"185,05";"185,05";"46,49";"46,49"
"1656842400";"03.07.2022 13:00";"185,05";"185,05";"20,44";"20,44"
"1656846000";"03.07.2022 14:00";"185,05";"185,05";"5,2";"5,2"
"1656849600";"03.07.2022 15:00";"185,04";"185,04";"42,3";"42,3"
"1656853200";"03.07.2022 16:00";"185,04";"185,04";"79,95";"79,95"
"1656856800";"03.07.2022 17:00";"185,04";"185,04";"107,54";"107,54"
"1656860400";"03.07.2022 18:00";"170,27";"170,27";"127,49";"127,49"
"1656864000";"03.07.2022 19:00";"272,77";"272,77";"143,5";"143,5"
"1656867600";"03.07.2022 20:00";"327";"327";"145,74";"145,74"
"1656871200";"03.07.2022 21:00";"340,1";"340,1";"111";"111"
"1656874800";"03.07.2022 22:00";"348,43";"348,43";"137,08";"137,08"
"1656878400";"03.07.2022 23:00";"348,45";"348,45";"102,64";"102,64"
"1656882000";"04.07.2022 00:00";"333,06";"333,06";"49,92";"49,92"
"1656885600";"04.07.2022 01:00";"319,65";"319,65";"3,53";"245,74"
"1656889200";"04.07.2022 02:00";"277,83";"277,83";"1,89";"101,45"
"1656892800";"04.07.2022 03:00";"265,71";"265,71";"2,58";"80,01"
"1656896400";"04.07.2022 04:00";"254,37";"254,37";"4,86";"4,86"
"1656900000";"04.07.2022 05:00";"257,89";"257,89";"36,44";"36,44"
"1656903600";"04.07.2022 06:00";"302,44";"302,44";"173,34";"173,34"
"1656907200";"04.07.2022 07:00";"361,88";"361,88";"208,81";"208,81"
"1656910800";"04.07.2022 08:00";"376";"376";"290,94";"290,94"
"1656914400";"04.07.2022 09:00";"385,17";"385,17";"385,17";"385,17"
"1656918000";"04.07.2022 10:00";"366";"366";"366";"366"
"1656921600";"04.07.2022 11:00";"365,59";"365,59";"331,62";"331,62"
"1656925200";"04.07.2022 12:00";"452,19";"452,19";"452,19";"452,19"
"1656928800";"04.07.2022 13:00";"650,05";"650,05";"484,08";"484,08"
"1656932400";"04.07.2022 14:00";"365,6";"365,6";"311,35";"311,35"
"1656936000";"04.07.2022 15:00";"365,58";"365,58";"282,47";"282,47"
"1656939600";"04.07.2022 16:00";"365,56";"365,56";"244,27";"244,27"
"1656943200";"04.07.2022 17:00";"350,06";"350,06";"229,99";"229,99"
"1656946800";"04.07.2022 18:00";"339,55";"339,55";"220,59";"220,59"
"1656950400";"04.07.2022 19:00";"425,24";"425,24";"235,14";"235,14"
"1656954000";"04.07.2022 20:00";"542,25";"542,25";"223,31";"223,31"
"1656957600";"04.07.2022 21:00";"530,49";"530,49";"172,98";"172,98"
"1656961200";"04.07.2022 22:00";"475,06";"475,06";"211,31";"211,31"
"1656964800";"04.07.2022 23:00";"417,15";"417,15";"199,77";"199,77"
"1656968400";"05.07.2022 00:00";"375,06";"375,06";"135,74";"135,74"
"1656972000";"05.07.2022 01:00";"359,96";"359,96";"149,99";"149,99"
"1656975600";"05.07.2022 02:00";"318,2";"318,2";"113,12";"210,83"
"1656979200";"05.07.2022 03:00";"308,17";"308,17";"78,33";"78,33"
"1656982800";"05.07.2022 04:00";"299,16";"299,16";"51,9";"51,9"
"1656986400";"05.07.2022 05:00";"299,21";"299,21";"99,76";"99,76"
"1656990000";"05.07.2022 06:00";"324,82";"324,82";"169,19";"169,19"
"1656993600";"05.07.2022 07:00";"380,47";"380,47";"173,68";"173,68"
"1656997200";"05.07.2022 08:00";"412,59";"412,59";"171,7";"171,7"
"1657000800";"05.07.2022 09:00";"412,88";"412,88";"179,16";"179,16"
"1657004400";"05.07.2022 10:00";"361,82";"361,82";"161,54";"161,54"
"1657008000";"05.07.2022 11:00";"309,69";"309,69";"164,01";"164,01"
"1657011600";"05.07.2022 12:00";"286,61";"286,61";"163,46";"163,46"
"1657015200";"05.07.2022 13:00";"296,84";"296,84";"150";"150"
"1657018800";"05.07.2022 14:00";"300,06";"300,06";"130,05";"130,05"
"1657022400";"05.07.2022 15:00";"299,18";"299,18";"92,01";"92,01"
"1657026000";"05.07.2022 16:00";"300,24";"300,24";"99,81";"99,81"
"1657029600";"05.07.2022 17:00";"295,46";"295,46";"101,63";"101,63"
"1657033200";"05.07.2022 18:00";"354,42";"354,42";"88,09";"88,09"
"1657036800";"05.07.2022 19:00";"292,7";"292,7";"159,04";"292,7"
"1657040400";"05.07.2022 20:00";"377,7";"377,7";"164,06";"377,7"
"1657044000";"05.07.2022 21:00";"404,33";"404,33";"150";"404,33"
"1657047600";"05.07.2022 22:00";"366,97";"366,97";"126,02";"366,97"
"1657051200";"05.07.2022 23:00";"391,08";"391,08";"4,2";"391,08"
"1657054800";"06.07.2022 00:00";"344,7";"344,7";"1,01";"344,7"
"1657058400";"06.07.2022 01:00";"351,39";"351,39";"1,28";"351,39"
"1657062000";"06.07.2022 02:00";"306,09";"306,09";"0,94";"306,09"
"1657065600";"06.07.2022 03:00";"284,06";"284,06";"0,89";"284,06"
"1657069200";"06.07.2022 04:00";"279,9";"279,9";"1,01";"279,9"
"1657072800";"06.07.2022 05:00";"299,53";"299,53";"1,44";"299,53"
"1657076400";"06.07.2022 06:00";"322,79";"322,79";"67,88";"322,79"
"1657080000";"06.07.2022 07:00";"362,08";"362,08";"167,84";"362,08"
"1657083600";"06.07.2022 08:00";"413,89";"413,89";"175,05";"413,89"
"1657087200";"06.07.2022 09:00";"380,48";"380,48";"171,09";"380,48"
"1657090800";"06.07.2022 10:00";"283,15";"283,15";"171,1";"283,15"
"1657094400";"06.07.2022 11:00";"172,98";"172,98";"172,98";"172,98"
"1657098000";"06.07.2022 12:00";"225,05";"225,05";"199,99";"225,05"
"1657101600";"06.07.2022 13:00";"225,06";"225,06";"210,87";"225,06"
"1657105200";"06.07.2022 14:00";"225,03";"225,03";"187,12";"225,03"
"1657108800";"06.07.2022 15:00";"300,07";"300,07";"198";"300,07"
"1657112400";"06.07.2022 16:00";"225,08";"225,08";"199,99";"225,08"
"1657116000";"06.07.2022 17:00";"225,07";"225,07";"220,9";"225,07"
"1657119600";"06.07.2022 18:00";"199,99";"199,99";"199,99";"199,99"
"1657123200";"06.07.2022 19:00";"233,33";"233,33";"197,67";"233,33"
"1657126800";"06.07.2022 20:00";"316,99";"316,99";"196,99";"316,99"
"1657130400";"06.07.2022 21:00";"343,29";"343,29";"173,35";"343,29"
"1657134000";"06.07.2022 22:00";"323,71";"323,71";"170,97";"323,71"
"1657137600";"06.07.2022 23:00";"353,39";"353,39";"177,35";"353,39"
"1657141200";"07.07.2022 00:00";"271,06";"271,06";"150";"271,06"
"1657144800";"07.07.2022 01:00";"198,44";"198,44";"149,99";"198,44"
"1657148400";"07.07.2022 02:00";"167,54";"167,54";"99,48";"167,54"
"1657152000";"07.07.2022 03:00";"160,01";"160,01";"4,17";"160,01"
"1657155600";"07.07.2022 04:00";"164,41";"164,41";"53,29";"164,41"
"1657159200";"07.07.2022 05:00";"160,05";"160,05";"105,81";"160,05"
"1657162800";"07.07.2022 06:00";"190,06";"190,06";"190,06";"190,06"
"1657166400";"07.07.2022 07:00";"209,74";"209,74";"209,74";"209,74"
"1657170000";"07.07.2022 08:00";"264,06";"264,06";"231,7";"231,7"
"1657173600";"07.07.2022 09:00";"356,31";"356,31";"300,06";"300,06"
"1657177200";"07.07.2022 10:00";"356,34";"356,34";"295,2";"295,2"
"1657180800";"07.07.2022 11:00";"356,3";"356,3";"249,99";"249,99"
"1657184400";"07.07.2022 12:00";"356,35";"356,35";"220";"220"
"1657188000";"07.07.2022 13:00";"392,03";"392,03";"201,99";"201,99"
"1657191600";"07.07.2022 14:00";"330,91";"330,91";"190,48";"190,48"
"1657195200";"07.07.2022 15:00";"304,05";"304,05";"197,26";"197,26"
"1657198800";"07.07.2022 16:00";"356,33";"356,33";"218,07";"218,07"
"1657202400";"07.07.2022 17:00";"356,3";"356,3";"236,6";"236,6"
"1657206000";"07.07.2022 18:00";"356,38";"356,38";"262,28";"262,28"
"1657209600";"07.07.2022 19:00";"356,39";"405,19";"262,54";"262,54"
"1657213200";"07.07.2022 20:00";"356,38";"429,79";"192,5";"192,5"
"1657216800";"07.07.2022 21:00";"356,36";"449,89";"166,61";"166,61"
"1657220400";"07.07.2022 22:00";"356,31";"356,31";"165,57";"165,57"
"1657224000";"07.07.2022 23:00";"356,35";"395,17";"161,04";"161,04"
"1657227600";"08.07.2022 00:00";"311,48";"311,48";"140,01";"140,01"
"1657231200";"08.07.2022 01:00";"220,68";"220,68";"0,48";"220,68"
"1657234800";"08.07.2022 02:00";"183,55";"183,55";"0,4";"183,55"
"1657238400";"08.07.2022 03:00";"182,64";"182,64";"0,44";"182,64"
"1657242000";"08.07.2022 04:00";"197,82";"197,82";"0,76";"134,72"
"1657245600";"08.07.2022 05:00";"184,39";"184,39";"1,15";"134,75"
"1657249200";"08.07.2022 06:00";"226,84";"226,84";"149,99";"149,99"
"1657252800";"08.07.2022 07:00";"300,06";"300,06";"180,03";"180,03"
"1657256400";"08.07.2022 08:00";"400,76";"400,76";"166,97";"166,97"
"1657260000";"08.07.2022 09:00";"410,88";"410,88";"169,76";"169,76"
"1657263600";"08.07.2022 10:00";"323,25";"323,25";"169,8";"169,8"
"1657267200";"08.07.2022 11:00";"292,24";"292,24";"170,07";"170,07"
"1657270800";"08.07.2022 12:00";"237,46";"237,46";"169,59";"169,59"
"1657274400";"08.07.2022 13:00";"179,5";"179,5";"169,2";"169,2"
"1657278000";"08.07.2022 14:00";"183,31";"183,31";"163,58";"163,58"
"1657281600";"08.07.2022 15:00";"161,63";"161,63";"158,15";"158,15"
"1657285200";"08.07.2022 16:00";"151,22";"151,22";"151,22";"151,22"
"1657288800";"08.07.2022 17:00";"173,44";"173,44";"166,11";"166,11"
"1657292400";"08.07.2022 18:00";"231,02";"231,02";"168,89";"168,89"
"1657296000";"08.07.2022 19:00";"281,97";"281,97";"200";"200"
"1657299600";"08.07.2022 20:00";"323,28";"366,49";"223,08";"223,08"
"1657303200";"08.07.2022 21:00";"323,25";"323,25";"189,24";"189,24"
"1657306800";"08.07.2022 22:00";"323,23";"323,23";"197,27";"197,27"
"1657310400";"08.07.2022 23:00";"406,11";"406,11";"187,91";"187,91"
"1657314000";"09.07.2022 00:00";"323,24";"323,24";"144,28";"144,28"
"1657317600";"09.07.2022 01:00";"280,31";"280,31";"133,14";"133,14"
"1657321200";"09.07.2022 02:00";"143,25";"143,25";"119,24";"119,24"
"1657324800";"09.07.2022 03:00";"142,21";"142,21";"113,58";"113,58"
"1657328400";"09.07.2022 04:00";"124,94";"124,94";"109,09";"109,09"
"1657332000";"09.07.2022 05:00";"128,02";"128,02";"128,02";"128,02"
"1657335600";"09.07.2022 06:00";"140,9";"140,9";"140,9";"140,9"
"1657339200";"09.07.2022 07:00";"237,37";"237,37";"174,46";"174,46"
"1657342800";"09.07.2022 08:00";"202,84";"202,84";"194,45";"194,45"
"1657346400";"09.07.2022 09:00";"201,36";"201,36";"189,69";"189,69"
"1657350000";"09.07.2022 10:00";"148,5";"148,5";"148,5";"148,5"
"1657353600";"09.07.2022 11:00";"149,99";"149,99";"149,99";"149,99"
"1657357200";"09.07.2022 12:00";"144,75";"144,75";"144,75";"144,75"
"1657360800";"09.07.2022 13:00";"145,31";"145,31";"145,31";"145,31"
"1657364400";"09.07.2022 14:00";"146,58";"146,58";"146,58";"146,58"
"1657368000";"09.07.2022 15:00";"150";"150";"150";"150"
"1657371600";"09.07.2022 16:00";"181,51";"181,51";"181,51";"181,51"
"1657375200";"09.07.2022 17:00";"182,06";"182,06";"182,06";"182,06"
"1657378800";"09.07.2022 18:00";"163,32";"163,32";"163,32";"163,32"
"1657382400";"09.07.2022 19:00";"160,78";"160,78";"160,78";"160,78"
"1657386000";"09.07.2022 20:00";"168,15";"168,15";"168,15";"168,15"
"1657389600";"09.07.2022 21:00";"156,23";"156,23";"156,23";"156,23"
"1657393200";"09.07.2022 22:00";"178,38";"178,38";"178,38";"178,38"
"1657396800";"09.07.2022 23:00";"174,57";"174,57";"174,57";"174,57"
"1657400400";"10.07.2022 00:00";"127,49";"127,49";"127,49";"127,49"
"1657404000";"10.07.2022 01:00";"84,73";"84,73";"84,73";"84,73"
"1657407600";"10.07.2022 02:00";"70,64";"70,64";"70,64";"70,64"
"1657411200";"10.07.2022 03:00";"94,43";"94,43";"94,43";"94,43"
"1657414800";"10.07.2022 04:00";"3,49";"3,49";"3,49";"3,49"
"1657418400";"10.07.2022 05:00";"39,14";"39,14";"39,14";"39,14"
"1657422000";"10.07.2022 06:00";"36,46";"36,46";"36,46";"36,46"
"1657425600";"10.07.2022 07:00";"40,93";"40,93";"40,93";"40,93"
"1657429200";"10.07.2022 08:00";"93,86";"93,86";"93,86";"93,86"
"1657432800";"10.07.2022 09:00";"133,25";"133,25";"133,25";"133,25"
"1657436400";"10.07.2022 10:00";"133,04";"133,04";"133,04";"133,04"
"1657440000";"10.07.2022 11:00";"141,42";"141,42";"141,42";"141,42"
"1657443600";"10.07.2022 12:00";"145,52";"145,52";"145,52";"145,52"
"1657447200";"10.07.2022 13:00";"145,55";"145,55";"145,55";"145,55"
"1657450800";"10.07.2022 14:00";"139,48";"139,48";"139,48";"139,48"
"1657454400";"10.07.2022 15:00";"153,15";"153,15";"153,15";"153,15"
"1657458000";"10.07.2022 16:00";"178,81";"178,81";"178,81";"178,81"
"1657461600";"10.07.2022 17:00";"259,97";"259,97";"259,97";"259,97"
"1657465200";"10.07.2022 18:00";"291,41";"291,41";"291,41";"291,41"
"1657468800";"10.07.2022 19:00";"234,29";"234,29";"234,29";"234,29"
"1657472400";"10.07.2022 20:00";"291,49";"291,49";"291,49";"291,49"
"1657476000";"10.07.2022 21:00";"321,12";"321,12";"321,12";"321,12"
"1657479600";"10.07.2022 22:00";"342,39";"342,39";"342,39";"342,39"
"1657483200";"10.07.2022 23:00";"296,48";"296,48";"296,48";"296,48"
"1657486800";"11.07.2022 00:00";"288,69";"288,69";"288,69";"288,69"
"1657490400";"11.07.2022 01:00";"307,96";"307,96";"307,96";"307,96"
"1657494000";"11.07.2022 02:00";"278,09";"278,09";"278,09";"278,09"
"1657497600";"11.07.2022 03:00";"246,12";"246,12";"246,12";"246,12"
"1657501200";"11.07.2022 04:00";"234,08";"234,08";"234,08";"234,08"
"1657504800";"11.07.2022 05:00";"253,31";"253,31";"253,31";"253,31"
"1657508400";"11.07.2022 06:00";"298";"298";"298";"298"
"1657512000";"11.07.2022 07:00";"395,95";"395,95";"395,95";"395,95"
"1657515600";"11.07.2022 08:00";"447,88";"447,88";"447,88";"447,88"
"1657519200";"11.07.2022 09:00";"550";"550";"550";"550"
"1657522800";"11.07.2022 10:00";"493,17";"493,17";"493,17";"493,17"
"1657526400";"11.07.2022 11:00";"549,9";"549,9";"549,9";"549,9"
"1657530000";"11.07.2022 12:00";"427,18";"427,18";"427,18";"427,18"
"1657533600";"11.07.2022 13:00";"382,06";"382,06";"382,06";"382,06"
"1657537200";"11.07.2022 14:00";"494,45";"494,45";"494,45";"494,45"
"1657540800";"11.07.2022 15:00";"497,98";"497,98";"497,98";"497,98"
"1657544400";"11.07.2022 16:00";"549,91";"549,91";"549,91";"549,91"
"1657548000";"11.07.2022 17:00";"549,99";"549,99";"549,99";"549,99"
"1657551600";"11.07.2022 18:00";"378,79";"378,79";"378,79";"378,79"
"1657555200";"11.07.2022 19:00";"401,64";"401,64";"401,64";"401,64"
"1657558800";"11.07.2022 20:00";"458,03";"458,03";"458,03";"458,03"
"1657562400";"11.07.2022 21:00";"469,9";"469,9";"469,9";"469,9"
"1657566000";"11.07.2022 22:00";"452,12";"452,12";"452,12";"452,12"
"1657569600";"11.07.2022 23:00";"450,05";"450,05";"450,05";"450,05"
"1657573200";"12.07.2022 00:00";"409,09";"409,09";"409,09";"409,09"
"1657576800";"12.07.2022 01:00";"188,15";"188,15";"180,02";"180,02"
"1657580400";"12.07.2022 02:00";"349,57";"349,57";"180,04";"180,04"
"1657584000";"12.07.2022 03:00";"330,04";"330,04";"160,07";"160,07"
"1657587600";"12.07.2022 04:00";"153,14";"153,14";"153,14";"153,14"
"1657591200";"12.07.2022 05:00";"156,43";"156,43";"156,43";"156,43"
"1657594800";"12.07.2022 06:00";"292,87";"292,87";"292,87";"292,87"
"1657598400";"12.07.2022 07:00";"419,64";"419,64";"419,64";"419,64"
"1657602000";"12.07.2022 08:00";"453,66";"453,66";"453,66";"453,66"
"1657605600";"12.07.2022 09:00";"448,9";"448,9";"448,9";"448,9"
"1657609200";"12.07.2022 10:00";"388,36";"388,36";"388,36";"388,36"
"1657612800";"12.07.2022 11:00";"445,52";"445,52";"445,52";"445,52"
"1657616400";"12.07.2022 12:00";"445,56";"445,56";"445,56";"445,56"
"1657620000";"12.07.2022 13:00";"388,79";"388,79";"388,79";"388,79"
"1657623600";"12.07.2022 14:00";"363,72";"363,72";"363,72";"363,72"
"1657627200";"12.07.2022 15:00";"329,96";"329,96";"329,96";"329,96"
"1657630800";"12.07.2022 16:00";"310,15";"310,15";"310,15";"310,15"
"1657634400";"12.07.2022 17:00";"316,59";"316,59";"316,59";"316,59"
"1657638000";"12.07.2022 18:00";"379,82";"379,82";"379,82";"379,82"
"1657641600";"12.07.2022 19:00";"422,8";"422,8";"422,8";"422,8"
"1657645200";"12.07.2022 20:00";"479,82";"479,82";"479,82";"479,82"
"1657648800";"12.07.2022 21:00";"442,76";"442,76";"442,76";"442,76"
"1657652400";"12.07.2022 22:00";"412,85";"412,85";"412,85";"412,85"
"1657656000";"12.07.2022 23:00";"464,22";"464,22";"464,22";"464,22"
"1657659600";"13.07.2022 00:00";"260,76";"260,76";"260,76";"260,76"
"1657663200";"13.07.2022 01:00";"228,23";"228,23";"228,23";"228,23"
"1657666800";"13.07.2022 02:00";"212,3";"212,3";"212,3";"212,3"
"1657670400";"13.07.2022 03:00";"205,96";"205,96";"205,96";"205,96"
"1657674000";"13.07.2022 04:00";"210,63";"210,63";"210,63";"210,63"
"1657677600";"13.07.2022 05:00";"255,33";"255,33";"255,33";"255,33"
"1657681200";"13.07.2022 06:00";"332,22";"332,22";"332,22";"332,22"
"1657684800";"13.07.2022 07:00";"411,97";"411,97";"411,97";"411,97"
"1657688400";"13.07.2022 08:00";"456,16";"456,16";"456,16";"456,16"
"1657692000";"13.07.2022 09:00";"457,27";"457,27";"438,55";"438,55"
"1657695600";"13.07.2022 10:00";"399,16";"399,16";"399,16";"399,16"
"1657699200";"13.07.2022 11:00";"419,15";"419,15";"419,15";"419,15"
"1657702800";"13.07.2022 12:00";"484,66";"484,66";"484,66";"484,66"
"1657706400";"13.07.2022 13:00";"549,9";"549,9";"549,9";"549,9"
"1657710000";"13.07.2022 14:00";"409,63";"409,63";"409,63";"409,63"
"1657713600";"13.07.2022 15:00";"425,89";"425,89";"425,89";"425,89"
"1657717200";"13.07.2022 16:00";"449,99";"449,99";"449,99";"449,99"
"1657720800";"13.07.2022 17:00";"378,73";"378,73";"378,73";"378,73"
"1657724400";"13.07.2022 18:00";"374,04";"374,04";"374,04";"374,04"
"1657728000";"13.07.2022 19:00";"374,03";"374,03";"374,03";"374,03"
"1657731600";"13.07.2022 20:00";"416,61";"416,61";"416,61";"416,61"
"1657735200";"13.07.2022 21:00";"440,8";"440,8";"440,8";"440,8"
"1657738800";"13.07.2022 22:00";"439,83";"439,83";"439,83";"439,83"
"1657742400";"13.07.2022 23:00";"421,97";"421,97";"380,23";"380,23"
"1657746000";"14.07.2022 00:00";"346,65";"346,65";"226,77";"226,77"
"1657749600";"14.07.2022 01:00";"262,54";"262,54";"262,54";"262,54"
"1657753200";"14.07.2022 02:00";"199,99";"199,99";"199,99";"199,99"
"1657756800";"14.07.2022 03:00";"163,32";"163,32";"163,32";"163,32"
"1657760400";"14.07.2022 04:00";"150";"150";"150";"150"
"1657764000";"14.07.2022 05:00";"191,14";"191,14";"191,14";"191,14"
"1657767600";"14.07.2022 06:00";"330,14";"330,14";"330,14";"330,14"
"1657771200";"14.07.2022 07:00";"421,32";"421,32";"396,61";"396,61"
"1657774800";"14.07.2022 08:00";"433,31";"433,31";"433,31";"433,31"
"1657778400";"14.07.2022 09:00";"434,07";"434,07";"434,07";"434,07"
"1657782000";"14.07.2022 10:00";"419,96";"419,96";"419,96";"419,96"
"1657785600";"14.07.2022 11:00";"379,9";"379,9";"379,9";"379,9"
"1657789200";"14.07.2022 12:00";"363,19";"363,19";"363,19";"363,19"
"1657792800";"14.07.2022 13:00";"343,52";"343,52";"343,52";"343,52"
"1657796400";"14.07.2022 14:00";"334,33";"334,33";"334,33";"334,33"
"1657800000";"14.07.2022 15:00";"343,58";"343,58";"343,58";"343,58"
"1657803600";"14.07.2022 16:00";"330,01";"330,01";"330,01";"330,01"
"1657807200";"14.07.2022 17:00";"326,32";"326,32";"326,32";"326,32"
"1657810800";"14.07.2022 18:00";"331,18";"331,18";"331,18";"331,18"
"1657814400";"14.07.2022 19:00";"343,53";"343,53";"343,53";"343,53"
"1657818000";"14.07.2022 20:00";"416,84";"416,84";"416,84";"416,84"
"1657821600";"14.07.2022 21:00";"398,42";"398,42";"398,42";"398,42"
"1657825200";"14.07.2022 22:00";"398,9";"398,9";"398,9";"398,9"
"1657828800";"14.07.2022 23:00";"343,56";"343,56";"336,12";"336,12"
"1657832400";"15.07.2022 00:00";"234,87";"234,87";"234,87";"234,87"
"1657836000";"15.07.2022 01:00";"160,08";"160,08";"160,08";"160,08"
"1657839600";"15.07.2022 02:00";"149,98";"149,98";"149,98";"149,98"
"1657843200";"15.07.2022 03:00";"132,8";"132,8";"132,8";"132,8"
"1657846800";"15.07.2022 04:00";"149,98";"149,98";"149,98";"149,98"
"1657850400";"15.07.2022 05:00";"176,69";"176,69";"176,69";"176,69"
"1657854000";"15.07.2022 06:00";"288,46";"288,46";"288,46";"288,46"
"1657857600";"15.07.2022 07:00";"404,9";"404,9";"404,9";"404,9"
"1657861200";"15.07.2022 08:00";"429,92";"429,92";"317,51";"317,51"
"1657864800";"15.07.2022 09:00";"385,98";"385,98";"374,71";"374,71"
"1657868400";"15.07.2022 10:00";"298,86";"298,86";"298,86";"298,86"
"1657872000";"15.07.2022 11:00";"262,45";"262,45";"262,45";"262,45"
"1657875600";"15.07.2022 12:00";"250,05";"250,05";"250,05";"250,05"
"1657879200";"15.07.2022 13:00";"301,61";"301,61";"301,61";"301,61"
"1657882800";"15.07.2022 14:00";"235,02";"235,02";"235,02";"235,02"
"1657886400";"15.07.2022 15:00";"298,22";"298,22";"298,22";"298,22"
"1657890000";"15.07.2022 16:00";"308,62";"308,62";"308,62";"308,62"
"1657893600";"15.07.2022 17:00";"249,2";"249,2";"249,2";"249,2"
"1657897200";"15.07.2022 18:00";"315,47";"315,47";"315,47";"315,47"
"1657900800";"15.07.2022 19:00";"374,58";"374,58";"374,58";"374,58"
"1657904400";"15.07.2022 20:00";"378,47";"378,47";"378,47";"378,47"
"1657908000";"15.07.2022 21:00";"387,44";"387,44";"387,44";"387,44"
"1657911600";"15.07.2022 22:00";"388,23";"388,23";"388,23";"388,23"
"1657915200";"15.07.2022 23:00";"320,78";"320,78";"320,78";"320,78"
"1657918800";"16.07.2022 00:00";"299,98";"299,98";"299,98";"299,98"
"1657922400";"16.07.2022 01:00";"240,02";"240,02";"240,02";"240,02"
"1657926000";"16.07.2022 02:00";"215,06";"215,06";"215,06";"215,06"
"1657929600";"16.07.2022 03:00";"187,77";"187,77";"187,77";"187,77"
"1657933200";"16.07.2022 04:00";"181,62";"181,62";"181,62";"181,62"
"1657936800";"16.07.2022 05:00";"165,03";"165,03";"165,03";"165,03"
"1657940400";"16.07.2022 06:00";"157,95";"157,95";"157,95";"157,95"
"1657944000";"16.07.2022 07:00";"144,32";"144,32";"144,32";"144,32"
"1657947600";"16.07.2022 08:00";"209,05";"209,05";"209,05";"209,05"
"1657951200";"16.07.2022 09:00";"202,48";"202,48";"202,48";"202,48"
"1657954800";"16.07.2022 10:00";"229,99";"229,99";"229,99";"229,99"
"1657958400";"16.07.2022 11:00";"274,74";"274,74";"274,74";"274,74"
"1657962000";"16.07.2022 12:00";"252,9";"252,9";"252,9";"252,9"
"1657965600";"16.07.2022 13:00";"248,88";"248,88";"248,88";"248,88"
"1657969200";"16.07.2022 14:00";"200,09";"200,09";"200,09";"200,09"
"1657972800";"16.07.2022 15:00";"230,06";"230,06";"230,06";"230,06"
"1657976400";"16.07.2022 16:00";"200";"200";"200";"200"
"1657980000";"16.07.2022 17:00";"192";"192";"192";"192"
"1657983600";"16.07.2022 18:00";"190,79";"190,79";"190,79";"190,79"
"1657987200";"16.07.2022 19:00";"183,03";"183,03";"183,03";"183,03"
"1657990800";"16.07.2022 20:00";"199,99";"199,99";"199,99";"199,99"
"1657994400";"16.07.2022 21:00";"242,27";"242,27";"242,27";"242,27"
"1657998000";"16.07.2022 22:00";"303,79";"303,79";"293,38";"293,38"
"1658001600";"16.07.2022 23:00";"244,08";"244,08";"244,08";"244,08"
"1658005200";"17.07.2022 00:00";"201,91";"201,91";"201,91";"201,91"
"1658008800";"17.07.2022 01:00";"160,84";"160,84";"160,84";"160,84"
"1658012400";"17.07.2022 02:00";"129,23";"129,23";"129,23";"129,23"
"1658016000";"17.07.2022 03:00";"114,09";"114,09";"114,09";"114,09"
"1658019600";"17.07.2022 04:00";"118,45";"118,45";"118,13";"118,13"
"1658023200";"17.07.2022 05:00";"111,85";"111,85";"111,85";"111,85"
"1658026800";"17.07.2022 06:00";"112,49";"112,49";"112,49";"112,49"
"1658030400";"17.07.2022 07:00";"147,25";"147,25";"147,25";"147,25"
"1658034000";"17.07.2022 08:00";"182,81";"182,81";"160,87";"160,87"
"1658037600";"17.07.2022 09:00";"189,51";"189,51";"165,17";"165,17"
"1658041200";"17.07.2022 10:00";"148,04";"148,04";"148,04";"148,04"
"1658044800";"17.07.2022 11:00";"144,37";"144,37";"144,37";"144,37"
"1658048400";"17.07.2022 12:00";"96,05";"96,05";"96,05";"96,05"
"1658052000";"17.07.2022 13:00";"129,31";"129,31";"129,31";"129,31"
"1658055600";"17.07.2022 14:00";"116,78";"116,78";"116,78";"116,78"
"1658059200";"17.07.2022 15:00";"117,65";"117,65";"117,65";"117,65"
"1658062800";"17.07.2022 16:00";"121,02";"121,02";"121,02";"121,02"
"1658066400";"17.07.2022 17:00";"123,13";"123,13";"123,13";"123,13"
"1658070000";"17.07.2022 18:00";"157,2";"157,2";"157,2";"157,2"
"1658073600";"17.07.2022 19:00";"173,84";"173,84";"173,84";"173,84"
"1658077200";"17.07.2022 20:00";"175,16";"175,16";"175,16";"175,16"
"1658080800";"17.07.2022 21:00";"169,66";"169,66";"169,66";"169,66"
"1658084400";"17.07.2022 22:00";"178,21";"178,21";"178,21";"178,21"
"1658088000";"17.07.2022 23:00";"174,86";"174,86";"174,86";"174,86"
"1658091600";"18.07.2022 00:00";"160,83";"160,83";"160,83";"160,83"
"1658095200";"18.07.2022 01:00";"141,42";"141,42";"141,42";"141,42"
"1658098800";"18.07.2022 02:00";"123,11";"123,11";"123,11";"123,11"
"1658102400";"18.07.2022 03:00";"98,77";"98,77";"98,77";"98,77"
"1658106000";"18.07.2022 04:00";"94,58";"94,58";"94,58";"94,58"
"1658109600";"18.07.2022 05:00";"100,41";"100,41";"100,41";"100,41"
"1658113200";"18.07.2022 06:00";"211,82";"211,82";"211,82";"211,82"
"1658116800";"18.07.2022 07:00";"269,17";"269,17";"269,17";"269,17"
"1658120400";"18.07.2022 08:00";"375,04";"375,04";"319,41";"319,41"
"1658124000";"18.07.2022 09:00";"390,87";"390,87";"328,93";"328,93"
"1658127600";"18.07.2022 10:00";"321,98";"321,98";"321,98";"321,98"
"1658131200";"18.07.2022 11:00";"281,42";"281,42";"281,42";"281,42"
"1658134800";"18.07.2022 12:00";"258,71";"258,71";"258,71";"258,71"
"1658138400";"18.07.2022 13:00";"325,93";"325,93";"284,92";"284,92"
"1658142000";"18.07.2022 14:00";"300,04";"300,04";"300,04";"300,04"
"1658145600";"18.07.2022 15:00";"281,91";"281,91";"281,91";"281,91"
"1658149200";"18.07.2022 16:00";"272,93";"272,93";"272,93";"272,93"
"1658152800";"18.07.2022 17:00";"383,62";"383,62";"267,98";"267,98"
"1658156400";"18.07.2022 18:00";"387,67";"387,67";"269,86";"269,86"
"1658160000";"18.07.2022 19:00";"387,61";"387,61";"322,88";"322,88"
"1658163600";"18.07.2022 20:00";"375";"375";"349,99";"349,99"
"1658167200";"18.07.2022 21:00";"329,97";"329,97";"329,97";"329,97"
"1658170800";"18.07.2022 22:00";"269,84";"269,84";"269,84";"269,84"
"1658174400";"18.07.2022 23:00";"350,03";"350,03";"213,98";"213,98"
"1658178000";"19.07.2022 00:00";"350,05";"350,05";"159,89";"159,89"
"1658181600";"19.07.2022 01:00";"400,75";"400,75";"159,8";"159,8"
"1658185200";"19.07.2022 02:00";"165,08";"165,08";"148,66";"148,66"
"1658188800";"19.07.2022 03:00";"165,08";"165,08";"122,13";"122,13"
"1658192400";"19.07.2022 04:00";"165,05";"165,05";"120,43";"120,43"
"1658196000";"19.07.2022 05:00";"165,07";"165,07";"126,22";"126,22"
"1658199600";"19.07.2022 06:00";"350,98";"350,98";"230,47";"230,47"
"1658203200";"19.07.2022 07:00";"275,1";"275,1";"275,1";"275,1"
"1658206800";"19.07.2022 08:00";"483,79";"483,79";"404,63";"404,63"
"1658210400";"19.07.2022 09:00";"458,9";"458,9";"390,05";"390,05"
"1658214000";"19.07.2022 10:00";"275,02";"275,02";"275,02";"275,02"
"1658217600";"19.07.2022 11:00";"275,02";"275,02";"275,02";"275,02"
"1658221200";"19.07.2022 12:00";"203,25";"203,25";"203,25";"203,25"
"1658224800";"19.07.2022 13:00";"200";"200";"200";"200"
"1658228400";"19.07.2022 14:00";"187,65";"187,65";"187,65";"187,65"
"1658232000";"19.07.2022 15:00";"182,85";"182,85";"182,85";"182,85"
"1658235600";"19.07.2022 16:00";"160,84";"160,84";"160,84";"160,84"
"1658239200";"19.07.2022 17:00";"165,79";"165,79";"165,79";"165,79"
"1658242800";"19.07.2022 18:00";"209,34";"209,34";"200,03";"200,03"
"1658246400";"19.07.2022 19:00";"307,57";"307,57";"226,85";"226,85"
"1658250000";"19.07.2022 20:00";"586,04";"586,04";"222,84";"222,84"
"1658253600";"19.07.2022 21:00";"543,43";"543,43";"179,28";"179,28"
"1658257200";"19.07.2022 22:00";"275,1";"275,1";"160,86";"160,86"
"1658260800";"19.07.2022 23:00";"275,07";"275,07";"157,83";"157,83"
"1658264400";"20.07.2022 00:00";"208";"208";"74,54";"74,54"
"1658268000";"20.07.2022 01:00";"257,81";"257,81";"51,78";"122,43"
"1658271600";"20.07.2022 02:00";"145,09";"145,09";"29,98";"122,46"
"1658275200";"20.07.2022 03:00";"145,09";"145,09";"20,86";"20,86"
"1658278800";"20.07.2022 04:00";"145,09";"145,09";"18,92";"18,92"
"1658282400";"20.07.2022 05:00";"239,74";"239,74";"18,58";"18,58"
"1658286000";"20.07.2022 06:00";"248,03";"248,03";"39,88";"155,15"
"1658289600";"20.07.2022 07:00";"357,42";"357,42";"116,86";"155,12"
"1658293200";"20.07.2022 08:00";"390,86";"390,86";"180,74";"180,74"
"1658296800";"20.07.2022 09:00";"296,64";"296,64";"189,05";"189,05"
"1658300400";"20.07.2022 10:00";"215,07";"215,07";"199,99";"199,99"
"1658304000";"20.07.2022 11:00";"185,16";"185,16";"185,16";"185,16"
"1658307600";"20.07.2022 12:00";"181,56";"181,56";"181,56";"181,56"
"1658311200";"20.07.2022 13:00";"192,8";"192,8";"192,8";"192,8"
"1658314800";"20.07.2022 14:00";"178,02";"178,02";"178,02";"178,02"
"1658318400";"20.07.2022 15:00";"162,8";"162,8";"162,8";"162,8"
"1658322000";"20.07.2022 16:00";"166,91";"166,91";"166,91";"166,91"
"1658325600";"20.07.2022 17:00";"199,99";"199,99";"199,99";"199,99"
"1658329200";"20.07.2022 18:00";"260,03";"260,03";"260,03";"260,03"
"1658332800";"20.07.2022 19:00";"362,5";"362,5";"328,69";"328,69"
"1658336400";"20.07.2022 20:00";"352,89";"352,89";"327,08";"327,08"
"1658340000";"20.07.2022 21:00";"316,07";"316,07";"260,09";"260,09"
"1658343600";"20.07.2022 22:00";"258";"258";"258";"258"
"1658347200";"20.07.2022 23:00";"276,96";"276,96";"231,89";"231,89"
"1658350800";"21.07.2022 00:00";"160,71";"160,71";"160,71";"160,71"
"1658354400";"21.07.2022 01:00";"201,05";"201,05";"167,82";"201,05"
"1658358000";"21.07.2022 02:00";"319,56";"319,56";"159,17";"166,12"
"1658361600";"21.07.2022 03:00";"326,12";"326,12";"56,26";"152,09"
"1658365200";"21.07.2022 04:00";"152,06";"152,06";"20,59";"152,06"
"1658368800";"21.07.2022 05:00";"300,02";"300,02";"16,78";"152,07"
"1658372400";"21.07.2022 06:00";"320,89";"320,89";"155,99";"169,75"
"1658376000";"21.07.2022 07:00";"301,89";"301,89";"175,94";"175,94"
"1658379600";"21.07.2022 08:00";"507,61";"507,61";"200,03";"200,03"
"1658383200";"21.07.2022 09:00";"503,73";"503,73";"287,29";"287,29"
"1658386800";"21.07.2022 10:00";"452,58";"452,58";"264,9";"264,9"
"1658390400";"21.07.2022 11:00";"437,42";"437,42";"286,74";"286,74"
"1658394000";"21.07.2022 12:00";"409,35";"409,35";"300";"300"
"1658397600";"21.07.2022 13:00";"391,46";"391,46";"299,86";"299,86"
"1658401200";"21.07.2022 14:00";"391,5";"391,5";"280,61";"280,61"
"1658404800";"21.07.2022 15:00";"391,44";"391,44";"215,04";"215,04"
"1658408400";"21.07.2022 16:00";"240,02";"240,02";"201,04";"201,04"
"1658412000";"21.07.2022 17:00";"391,45";"391,45";"245,99";"245,99"
"1658415600";"21.07.2022 18:00";"2100,08";"2100,08";"254,91";"254,91"
"1658419200";"21.07.2022 19:00";"424,42";"424,42";"292,57";"424,42"
"1658422800";"21.07.2022 20:00";"516,94";"516,94";"261,75";"516,94"
"1658426400";"21.07.2022 21:00";"514,9";"514,9";"208,05";"514,9"
"1658430000";"21.07.2022 22:00";"376,91";"376,91";"188,67";"376,91"
"1658433600";"21.07.2022 23:00";"414,61";"414,61";"178,59";"178,59"
"1658437200";"22.07.2022 00:00";"324,8";"324,8";"152,1";"152,1"
"1658440800";"22.07.2022 01:00";"365,97";"365,97";"16,3";"365,97"
"1658444400";"22.07.2022 02:00";"336,06";"336,06";"32,81";"206,98"
"1658448000";"22.07.2022 03:00";"323,28";"323,28";"61,66";"147,38"
"1658451600";"22.07.2022 04:00";"317,79";"317,79";"115,46";"147,35"
"1658455200";"22.07.2022 05:00";"170,83";"170,83";"170,83";"170,83"
"1658458800";"22.07.2022 06:00";"322,98";"322,98";"266,5";"266,5"
"1658462400";"22.07.2022 07:00";"412,46";"412,46";"344,33";"350,4"
"1658466000";"22.07.2022 08:00";"458,26";"458,26";"225,32";"225,32"
"1658469600";"22.07.2022 09:00";"445,53";"445,53";"234,93";"234,93"
"1658473200";"22.07.2022 10:00";"423,42";"423,42";"230,04";"230,04"
"1658476800";"22.07.2022 11:00";"372,46";"372,46";"233,13";"233,13"
"1658480400";"22.07.2022 12:00";"363,77";"363,77";"237,01";"237,01"
"1658484000";"22.07.2022 13:00";"363,42";"363,42";"236,67";"236,67"
"1658487600";"22.07.2022 14:00";"294,68";"294,68";"203,33";"203,33"
"1658491200";"22.07.2022 15:00";"259,82";"259,82";"200,08";"200,08"
"1658494800";"22.07.2022 16:00";"248,37";"248,37";"193,47";"193,47"
"1658498400";"22.07.2022 17:00";"224,16";"224,16";"199,13";"199,13"
"1658502000";"22.07.2022 18:00";"336,98";"336,98";"209,57";"209,57"
"1658505600";"22.07.2022 19:00";"440,69";"440,69";"298,8";"298,8"
"1658509200";"22.07.2022 20:00";"559,71";"559,71";"299,93";"299,93"
"1658512800";"22.07.2022 21:00";"579,2";"579,2";"205,78";"205,78"
"1658516400";"22.07.2022 22:00";"470";"470";"230,09";"470"
"1658520000";"22.07.2022 23:00";"503,84";"503,84";"206,36";"503,84"
"1658523600";"23.07.2022 00:00";"398,91";"398,91";"150,68";"398,91"
"1658527200";"23.07.2022 01:00";"404,69";"404,69";"103,95";"299,8"
"1658530800";"23.07.2022 02:00";"344,67";"344,67";"95,6";"147,94"
"1658534400";"23.07.2022 03:00";"351,99";"351,99";"35";"147,92"
"1658538000";"23.07.2022 04:00";"337,01";"337,01";"16,13";"115,36"
"1658541600";"23.07.2022 05:00";"200,87";"200,87";"14,25";"115,31"
"1658545200";"23.07.2022 06:00";"331,27";"331,27";"56,75";"75,94"
"1658548800";"23.07.2022 07:00";"337,03";"337,03";"120,57";"120,57"
"1658552400";"23.07.2022 08:00";"333,12";"333,12";"164,58";"164,58"
"1658556000";"23.07.2022 09:00";"343,78";"343,78";"147,95";"147,95"
"1658559600";"23.07.2022 10:00";"353,04";"353,04";"155,52";"155,52"
"1658563200";"23.07.2022 11:00";"350,79";"350,79";"168,34";"168,34"
"1658566800";"23.07.2022 12:00";"336,99";"336,99";"168,48";"168,48"
"1658570400";"23.07.2022 13:00";"322,87";"322,87";"168,64";"168,64"
"1658574000";"23.07.2022 14:00";"286";"286";"161,61";"161,61"
"1658577600";"23.07.2022 15:00";"258,41";"258,41";"151,44";"151,44"
"1658581200";"23.07.2022 16:00";"247,47";"247,47";"150,07";"150,07"
"1658584800";"23.07.2022 17:00";"286,24";"286,24";"161,04";"161,04"
"1658588400";"23.07.2022 18:00";"342,86";"342,86";"164,5";"164,5"
"1658592000";"23.07.2022 19:00";"369,93";"369,93";"168,35";"168,35"
"1658595600";"23.07.2022 20:00";"369,18";"369,18";"200";"369,18"
"1658599200";"23.07.2022 21:00";"408";"408";"168,45";"408"
"1658602800";"23.07.2022 22:00";"405,93";"405,93";"175,04";"405,93"
"1658606400";"23.07.2022 23:00";"398,08";"398,08";"164,97";"398,08"
"1658610000";"24.07.2022 00:00";"369,12";"369,12";"83,08";"369,12"
"1658613600";"24.07.2022 01:00";"393,26";"393,26";"51,4";"181,64"
"1658617200";"24.07.2022 02:00";"379,24";"379,24";"45,96";"145,7"
"1658620800";"24.07.2022 03:00";"355,06";"355,06";"39,13";"145,68"
"1658624400";"24.07.2022 04:00";"331";"331";"35,4";"145,66"
"1658628000";"24.07.2022 05:00";"230,09";"230,09";"38,06";"145,65"
"1658631600";"24.07.2022 06:00";"302,82";"302,82";"46";"145,66"
"1658635200";"24.07.2022 07:00";"272,76";"272,76";"103,05";"113,54"
"1658638800";"24.07.2022 08:00";"260,93";"260,93";"163,48";"163,48"
"1658642400";"24.07.2022 09:00";"221,41";"221,41";"180,69";"180,69"
"1658646000";"24.07.2022 10:00";"162,5";"162,5";"162,5";"162,5"
"1658649600";"24.07.2022 11:00";"173,99";"173,99";"173,99";"173,99"
"1658653200";"24.07.2022 12:00";"195,65";"195,65";"195,65";"195,65"
"1658656800";"24.07.2022 13:00";"174,52";"174,52";"174,52";"174,52"
"1658660400";"24.07.2022 14:00";"159,99";"159,99";"159,99";"159,99"
"1658664000";"24.07.2022 15:00";"155,4";"155,4";"155,4";"155,4"
"1658667600";"24.07.2022 16:00";"168,06";"168,06";"168,06";"168,06"
"1658671200";"24.07.2022 17:00";"191,55";"191,55";"191,55";"191,55"
"1658674800";"24.07.2022 18:00";"299,69";"299,69";"299,69";"299,69"
"1658678400";"24.07.2022 19:00";"358,56";"358,56";"259,91";"358,56"
"1658682000";"24.07.2022 20:00";"375,99";"375,99";"248,82";"375,99"
"1658685600";"24.07.2022 21:00";"401,52";"401,52";"190,07";"401,52"
"1658689200";"24.07.2022 22:00";"434,82";"434,82";"205,04";"434,82"
"1658692800";"24.07.2022 23:00";"404,03";"404,03";"249,99";"404,03"
"1658696400";"25.07.2022 00:00";"211,43";"211,43";"211,43";"211,43"
"1658700000";"25.07.2022 01:00";"346,4";"346,4";"223,99";"223,99"
"1658703600";"25.07.2022 02:00";"185,81";"185,81";"185,81";"185,81"
"1658707200";"25.07.2022 03:00";"200,57";"200,57";"159,25";"159,25"
"1658710800";"25.07.2022 04:00";"102,75";"102,75";"102,75";"102,75"
"1658714400";"25.07.2022 05:00";"82,61";"82,61";"82,61";"82,61"
"1658718000";"25.07.2022 06:00";"286,29";"286,29";"189,11";"189,11"
"1658721600";"25.07.2022 07:00";"375,08";"375,08";"233,2";"233,2"
"1658725200";"25.07.2022 08:00";"410,14";"410,14";"212,5";"212,5"
"1658728800";"25.07.2022 09:00";"391,85";"391,85";"220,1";"220,1"
"1658732400";"25.07.2022 10:00";"317,32";"317,32";"212,01";"212,01"
"1658736000";"25.07.2022 11:00";"225,88";"225,88";"199,82";"199,82"
"1658739600";"25.07.2022 12:00";"172,01";"172,01";"172,01";"172,01"
"1658743200";"25.07.2022 13:00";"179,72";"179,72";"179,72";"179,72"
"1658746800";"25.07.2022 14:00";"294,91";"294,91";"189,12";"189,12"
"1658750400";"25.07.2022 15:00";"174,21";"174,21";"174,21";"174,21"
"1658754000";"25.07.2022 16:00";"380,02";"380,02";"104,19";"104,19"
"1658757600";"25.07.2022 17:00";"222,71";"222,71";"145,64";"145,64"
"1658761200";"25.07.2022 18:00";"219,32";"219,32";"133,64";"133,64"
"1658764800";"25.07.2022 19:00";"321,52";"321,52";"198,31";"198,31"
"1658768400";"25.07.2022 20:00";"340,08";"340,08";"198,84";"198,84"
"1658772000";"25.07.2022 21:00";"308,36";"308,36";"180,05";"180,05"
"1658775600";"25.07.2022 22:00";"244,15";"244,15";"138,44";"244,15"
"1658779200";"25.07.2022 23:00";"210,89";"210,89";"43,69";"210,89"
"1658782800";"26.07.2022 00:00";"143,7";"143,7";"4,03";"143,7"
"1658786400";"26.07.2022 01:00";"261,71";"261,71";"4,31";"261,71"
"1658790000";"26.07.2022 02:00";"275,08";"275,08";"2,65";"275,08"
"1658793600";"26.07.2022 03:00";"216,47";"216,47";"1,57";"216,47"
"1658797200";"26.07.2022 04:00";"272,51";"272,51";"1,51";"272,51"
"1658800800";"26.07.2022 05:00";"275,08";"275,08";"1,53";"275,08"
"1658804400";"26.07.2022 06:00";"275,09";"275,09";"3,05";"275,09"
"1658808000";"26.07.2022 07:00";"409,66";"409,66";"5,09";"409,66"
"1658811600";"26.07.2022 08:00";"460,84";"460,84";"8,54";"460,84"
"1658815200";"26.07.2022 09:00";"389,33";"389,33";"16,86";"145,93"
"1658818800";"26.07.2022 10:00";"642,3";"642,3";"11,9";"11,9"
"1658822400";"26.07.2022 11:00";"743,63";"743,63";"11,36";"11,36"
"1658826000";"26.07.2022 12:00";"823,26";"823,26";"9,33";"9,33"
"1658829600";"26.07.2022 13:00";"853,84";"853,84";"9,67";"9,67"
"1658833200";"26.07.2022 14:00";"278,6";"278,6";"7,92";"7,92"
"1658836800";"26.07.2022 15:00";"200,88";"200,88";"7,24";"7,24"
"1658840400";"26.07.2022 16:00";"190,7";"190,7";"7";"7"
"1658844000";"26.07.2022 17:00";"245,36";"245,36";"7,14";"7,14"
"1658847600";"26.07.2022 18:00";"288,1";"288,1";"7,28";"7,28"
"1658851200";"26.07.2022 19:00";"360,07";"360,07";"9,94";"360,07"
"1658854800";"26.07.2022 20:00";"415,98";"415,98";"9";"415,98"
"1658858400";"26.07.2022 21:00";"495,07";"495,07";"9,99";"495,07"
"1658862000";"26.07.2022 22:00";"455,24";"455,24";"8,35";"455,24"
"1658865600";"26.07.2022 23:00";"380,03";"380,03";"7,53";"380,03"
"1658869200";"27.07.2022 00:00";"395,81";"395,81";"2,46";"395,81"
"1658872800";"27.07.2022 01:00";"200,62";"200,62";"1,75";"200,62"
"1658876400";"27.07.2022 02:00";"146,46";"146,46";"1,44";"146,46"
"1658880000";"27.07.2022 03:00";"146,42";"146,42";"1,4";"146,42"
"1658883600";"27.07.2022 04:00";"4,03";"4,03";"1,33";"4,03"
"1658887200";"27.07.2022 05:00";"4,01";"4,01";"1,37";"4,01"
"1658890800";"27.07.2022 06:00";"378,6";"378,6";"1,45";"146,42"
"1658894400";"27.07.2022 07:00";"460";"460";"1,49";"146,48"
"1658898000";"27.07.2022 08:00";"485,66";"485,66";"4,02";"146,5"
"1658901600";"27.07.2022 09:00";"203,51";"203,51";"5,03";"146,42"
"1658905200";"27.07.2022 10:00";"329,75";"329,75";"5,51";"5,51"
"1658908800";"27.07.2022 11:00";"113,37";"113,37";"79,44";"79,44"
"1658912400";"27.07.2022 12:00";"111,37";"111,37";"107,47";"107,47"
"1658916000";"27.07.2022 13:00";"111,1";"111,1";"108,99";"108,99"
"1658919600";"27.07.2022 14:00";"113,79";"113,79";"113,79";"113,79"
"1658923200";"27.07.2022 15:00";"114,02";"114,02";"114,02";"114,02"
"1658926800";"27.07.2022 16:00";"214,34";"214,34";"162,08";"162,08"
"1658930400";"27.07.2022 17:00";"174,6";"174,6";"174,6";"174,6"
"1658934000";"27.07.2022 18:00";"212,8";"212,8";"190,23";"190,23"
"1658937600";"27.07.2022 19:00";"325,65";"325,65";"191,06";"191,06"
"1658941200";"27.07.2022 20:00";"443,6";"443,6";"190,78";"300,06"
"1658944800";"27.07.2022 21:00";"465,86";"465,86";"175,05";"300"
"1658948400";"27.07.2022 22:00";"467,81";"467,81";"181,62";"467,81"
"1658952000";"27.07.2022 23:00";"414,34";"414,34";"159,83";"159,83"
"1658955600";"28.07.2022 00:00";"165,1";"165,1";"23,44";"146,43"
"1658959200";"28.07.2022 01:00";"437,79";"437,79";"2,65";"437,79"
"1658962800";"28.07.2022 02:00";"400,91";"400,91";"2,16";"400,91"
"1658966400";"28.07.2022 03:00";"399,97";"399,97";"2,26";"399,97"
"1658970000";"28.07.2022 04:00";"399,75";"399,75";"2,48";"147,7"
"1658973600";"28.07.2022 05:00";"380,08";"380,08";"3,23";"380,08"
"1658977200";"28.07.2022 06:00";"400,04";"400,04";"179,91";"400,04"
"1658980800";"28.07.2022 07:00";"494,19";"494,19";"192,29";"494,19"
"1658984400";"28.07.2022 08:00";"564,7";"564,7";"249,99";"564,7"
"1658988000";"28.07.2022 09:00";"544,05";"544,05";"255,39";"544,05"
"1658991600";"28.07.2022 10:00";"505,29";"505,29";"251,8";"505,29"
"1658995200";"28.07.2022 11:00";"476,56";"476,56";"261,25";"476,56"
"1658998800";"28.07.2022 12:00";"462,23";"462,23";"252,6";"300,1"
"1659002400";"28.07.2022 13:00";"239,72";"239,72";"239,72";"239,72"
"1659006000";"28.07.2022 14:00";"197,19";"197,19";"197,19";"197,19"
"1659009600";"28.07.2022 15:00";"304,65";"304,65";"204,25";"204,25"
"1659013200";"28.07.2022 16:00";"459,67";"459,67";"200,09";"200,09"
"1659016800";"28.07.2022 17:00";"205,73";"205,73";"205,73";"205,73"
"1659020400";"28.07.2022 18:00";"376,15";"376,15";"214,49";"214,49"
"1659024000";"28.07.2022 19:00";"514,16";"514,16";"220,97";"514,16"
"1659027600";"28.07.2022 20:00";"606,59";"606,59";"233,86";"606,59"
"1659031200";"28.07.2022 21:00";"598,62";"598,62";"214,91";"598,62"
"1659034800";"28.07.2022 22:00";"566,56";"566,56";"212,83";"566,56"
"1659038400";"28.07.2022 23:00";"502,02";"502,02";"207,25";"300"
"1659042000";"29.07.2022 00:00";"299,65";"299,65";"179,56";"179,56"
"1659045600";"29.07.2022 01:00";"367,55";"367,55";"36,84";"147,24"
"1659049200";"29.07.2022 02:00";"386,7";"386,7";"31,24";"147,26"
"1659052800";"29.07.2022 03:00";"375,26";"375,26";"28,02";"147,25"
"1659056400";"29.07.2022 04:00";"388,51";"388,51";"25,62";"147,22"
"1659060000";"29.07.2022 05:00";"374,83";"374,83";"26,53";"147,23"
"1659063600";"29.07.2022 06:00";"403,49";"403,49";"147,24";"147,24"
"1659067200";"29.07.2022 07:00";"463,16";"463,16";"200";"200"
"1659070800";"29.07.2022 08:00";"512,23";"512,23";"213,24";"213,24"
"1659074400";"29.07.2022 09:00";"518,6";"518,6";"217,15";"217,15"
"1659078000";"29.07.2022 10:00";"508,05";"508,05";"216,11";"216,11"
"1659081600";"29.07.2022 11:00";"483,75";"483,75";"214,88";"214,88"
"1659085200";"29.07.2022 12:00";"402,45";"402,45";"214,07";"214,07"
"1659088800";"29.07.2022 13:00";"330,02";"330,02";"214,31";"214,31"
"1659092400";"29.07.2022 14:00";"227,29";"227,29";"212,35";"212,35"
"1659096000";"29.07.2022 15:00";"220,45";"220,45";"213,26";"213,26"
"1659099600";"29.07.2022 16:00";"234,81";"234,81";"212,7";"212,7"
"1659103200";"29.07.2022 17:00";"221,73";"221,73";"212,99";"212,99"
"1659106800";"29.07.2022 18:00";"345,32";"345,32";"216,05";"216,05"
"1659110400";"29.07.2022 19:00";"355,34";"355,34";"219,55";"355,34"
"1659114000";"29.07.2022 20:00";"438,34";"438,34";"215,33";"438,34"
"1659117600";"29.07.2022 21:00";"404,71";"404,71";"210,4";"404,71"
"1659121200";"29.07.2022 22:00";"323,33";"323,33";"207,67";"323,33"
"1659124800";"29.07.2022 23:00";"260,95";"260,95";"207,51";"207,51"
"1659128400";"30.07.2022 00:00";"339,54";"339,54";"147,28";"147,28"
"1659132000";"30.07.2022 01:00";"425";"425";"29,89";"425"
"1659135600";"30.07.2022 02:00";"404,3";"404,3";"24,08";"404,3"
"1659139200";"30.07.2022 03:00";"405";"405";"21,16";"405"
"1659142800";"30.07.2022 04:00";"395,85";"395,85";"20,08";"395,85"
"1659146400";"30.07.2022 05:00";"377,06";"377,06";"19,42";"377,06"
"1659150000";"30.07.2022 06:00";"383,98";"383,98";"19,43";"383,98"
"1659153600";"30.07.2022 07:00";"406,78";"406,78";"19,99";"406,78"
"1659157200";"30.07.2022 08:00";"423,02";"423,02";"27,04";"423,02"
"1659160800";"30.07.2022 09:00";"412,72";"412,72";"101,8";"148,35"
"1659164400";"30.07.2022 10:00";"392,25";"392,25";"133,76";"148,33"
"1659168000";"30.07.2022 11:00";"343,99";"343,99";"138,14";"148,3"
"1659171600";"30.07.2022 12:00";"293,14";"293,14";"148,36";"148,36"
"1659175200";"30.07.2022 13:00";"311,02";"311,02";"129,95";"129,95"
"1659178800";"30.07.2022 14:00";"311,09";"311,09";"112,11";"112,11"
"1659182400";"30.07.2022 15:00";"303,37";"303,37";"145,73";"145,73"
"1659186000";"30.07.2022 16:00";"287,85";"287,85";"199,1";"199,1"
"1659189600";"30.07.2022 17:00";"293,14";"293,14";"204,29";"204,29"
"1659193200";"30.07.2022 18:00";"334,25";"334,25";"209,95";"334,25"
"1659196800";"30.07.2022 19:00";"386,3";"386,3";"213,78";"386,3"
"1659200400";"30.07.2022 20:00";"432,39";"432,39";"213,37";"432,39"
"1659204000";"30.07.2022 21:00";"455,39";"455,39";"205,24";"455,39"
"1659207600";"30.07.2022 22:00";"466,69";"466,69";"200";"466,69"
"1659211200";"30.07.2022 23:00";"466,82";"466,82";"199,99";"466,82"
"1659214800";"31.07.2022 00:00";"442,24";"442,24";"195,76";"442,24"
"1659218400";"31.07.2022 01:00";"382,79";"382,79";"126,43";"382,79"
"1659222000";"31.07.2022 02:00";"339,88";"339,88";"71,91";"339,88"
"1659225600";"31.07.2022 03:00";"300,1";"300,1";"58,9";"300,1"
"1659229200";"31.07.2022 04:00";"293,05";"293,05";"45,58";"293,05"
"1659232800";"31.07.2022 05:00";"271,3";"271,3";"21,43";"271,3"
"1659236400";"31.07.2022 06:00";"127,55";"127,55";"55,56";"127,55"
"1659240000";"31.07.2022 07:00";"261,03";"261,03";"73,68";"261,03"
"1659243600";"31.07.2022 08:00";"264,8";"264,8";"156,23";"264,8"
"1659247200";"31.07.2022 09:00";"300,01";"300,01";"200";"300,01"
"1659250800";"31.07.2022 10:00";"286,37";"286,37";"200";"200"
"1659254400";"31.07.2022 11:00";"261,1";"261,1";"216,43";"216,43"
"1659258000";"31.07.2022 12:00";"255,76";"255,76";"201,04";"201,04"
"1659261600";"31.07.2022 13:00";"263,08";"263,08";"199,99";"199,99"
"1659265200";"31.07.2022 14:00";"219,08";"219,08";"200";"200"
"1659268800";"31.07.2022 15:00";"208,74";"208,74";"200";"200"
"1659272400";"31.07.2022 16:00";"226,08";"226,08";"200";"200"
"1659276000";"31.07.2022 17:00";"252,07";"252,07";"200";"252,07"
"1659279600";"31.07.2022 18:00";"316,01";"316,01";"200";"316,01"
"1659283200";"31.07.2022 19:00";"394,79";"394,79";"217,31";"394,79"
"1659286800";"31.07.2022 20:00";"449,55";"449,55";"218";"449,55"
"1659290400";"31.07.2022 21:00";"452,95";"452,95";"209,01";"452,95"
"1659294000";"31.07.2022 22:00";"464,6";"464,6";"214,34";"464,6"
"1659297600";"31.07.2022 23:00";"466,36";"466,36";"149,17";"466,36"
"1659301200";"01.08.2022 00:00";"426,89";"426,89";"16,38";"426,89"
"1659304800";"01.08.2022 01:00";"385,06";"385,06";"11,99";"385,06"
"1659308400";"01.08.2022 02:00";"154,99";"154,99";"11,19";"154,99"
"1659312000";"01.08.2022 03:00";"149,17";"149,17";"11,4";"149,17"
"1659315600";"01.08.2022 04:00";"149,13";"149,13";"11,48";"149,13"
"1659319200";"01.08.2022 05:00";"149,19";"149,19";"11,94";"149,19"
"1659322800";"01.08.2022 06:00";"380";"380";"154,84";"380"
"1659326400";"01.08.2022 07:00";"429,66";"429,66";"203,52";"429,66"
"1659330000";"01.08.2022 08:00";"467,91";"467,91";"292,83";"467,91"
"1659333600";"01.08.2022 09:00";"474,9";"474,9";"377,99";"474,9"
"1659337200";"01.08.2022 10:00";"459,7";"459,7";"435,71";"459,7"
"1659340800";"01.08.2022 11:00";"448,4";"448,4";"438,38";"448,4"
"1659344400";"01.08.2022 12:00";"429,49";"429,49";"429,49";"429,49"
"1659348000";"01.08.2022 13:00";"399,01";"399,01";"399,01";"399,01"
"1659351600";"01.08.2022 14:00";"390,75";"390,75";"390,75";"390,75"
"1659355200";"01.08.2022 15:00";"381,29";"381,29";"381,29";"381,29"
"1659358800";"01.08.2022 16:00";"398,46";"398,46";"398,46";"398,46"
"1659362400";"01.08.2022 17:00";"402,07";"402,07";"402,07";"402,07"
"1659366000";"01.08.2022 18:00";"427,25";"427,25";"427,25";"427,25"
"1659369600";"01.08.2022 19:00";"433,22";"433,22";"433,22";"433,22"
"1659373200";"01.08.2022 20:00";"514,37";"514,37";"472,54";"514,37"
"1659376800";"01.08.2022 21:00";"533,58";"533,58";"273,74";"533,58"
"1659380400";"01.08.2022 22:00";"526,88";"526,88";"273,19";"526,88"
"1659384000";"01.08.2022 23:00";"502,7";"502,7";"211,87";"502,7"
"1659387600";"02.08.2022 00:00";"471,48";"471,48";"154,55";"471,48"
"1659391200";"02.08.2022 01:00";"440,98";"440,98";"100,63";"440,98"
"1659394800";"02.08.2022 02:00";"390,1";"390,1";"110,61";"390,1"
"1659398400";"02.08.2022 03:00";"382,1";"382,1";"112,6";"382,1"
"1659402000";"02.08.2022 04:00";"359,89";"359,89";"117,64";"227,55"
"1659405600";"02.08.2022 05:00";"352,69";"352,69";"71,65";"205,28"
"1659409200";"02.08.2022 06:00";"393,03";"393,03";"193,08";"393,03"
"1659412800";"02.08.2022 07:00";"457,04";"457,04";"200,05";"457,04"
"1659416400";"02.08.2022 08:00";"479,9";"479,9";"288,55";"479,9"
"1659420000";"02.08.2022 09:00";"478,9";"478,9";"306,93";"478,9"
"1659423600";"02.08.2022 10:00";"418,47";"418,47";"319,94";"418,47"
"1659427200";"02.08.2022 11:00";"380,78";"380,78";"311,02";"380,78"
"1659430800";"02.08.2022 12:00";"373,51";"373,51";"291,87";"373,51"
"1659434400";"02.08.2022 13:00";"333,18";"333,18";"267,57";"333,18"
"1659438000";"02.08.2022 14:00";"347,48";"347,48";"240,75";"264,69"
"1659441600";"02.08.2022 15:00";"336,6";"336,6";"226,37";"336,6"
"1659445200";"02.08.2022 16:00";"295,17";"295,17";"199,69";"248,77"
"1659448800";"02.08.2022 17:00";"387,1";"387,1";"200";"387,1"
"1659452400";"02.08.2022 18:00";"340,74";"340,74";"255,02";"340,74"
"1659456000";"02.08.2022 19:00";"445,97";"445,97";"255,05";"445,97"
"1659459600";"02.08.2022 20:00";"511,75";"511,75";"227,71";"511,75"
"1659463200";"02.08.2022 21:00";"521,84";"521,84";"168,95";"521,84"
"1659466800";"02.08.2022 22:00";"521,1";"521,1";"108,33";"521,1"
"1659470400";"02.08.2022 23:00";"489,7";"489,7";"46,52";"489,7"
"1659474000";"03.08.2022 00:00";"443,88";"443,88";"2,42";"150,39"
"1659477600";"03.08.2022 01:00";"382,25";"382,25";"1,53";"382,25"
"1659481200";"03.08.2022 02:00";"369,62";"369,62";"1,48";"369,62"
"1659484800";"03.08.2022 03:00";"342,09";"342,09";"1,48";"342,09"
"1659488400";"03.08.2022 04:00";"326,3";"326,3";"1,5";"326,3"
"1659492000";"03.08.2022 05:00";"329,96";"329,96";"1,73";"329,96"
"1659495600";"03.08.2022 06:00";"369,25";"369,25";"2,64";"369,25"
"1659499200";"03.08.2022 07:00";"441,82";"441,82";"4,72";"441,82"
"1659502800";"03.08.2022 08:00";"455,34";"455,34";"9,03";"455,34"
"1659506400";"03.08.2022 09:00";"450,58";"450,58";"86,57";"450,58"
"1659510000";"03.08.2022 10:00";"342,81";"342,81";"27,95";"342,81"
"1659513600";"03.08.2022 11:00";"317,01";"317,01";"9,9";"151,72"
"1659517200";"03.08.2022 12:00";"548,38";"548,38";"29,22";"118,06"
"1659520800";"03.08.2022 13:00";"461,72";"461,72";"29,93";"279,8"
"1659524400";"03.08.2022 14:00";"456,51";"456,51";"3,63";"456,51"
"1659528000";"03.08.2022 15:00";"594,3";"594,3";"2,97";"552,06"
"1659531600";"03.08.2022 16:00";"519,35";"519,35";"2,85";"519,35"
"1659535200";"03.08.2022 17:00";"374,1";"374,1";"2,87";"374,1"
"1659538800";"03.08.2022 18:00";"446,14";"446,14";"3";"446,14"
"1659542400";"03.08.2022 19:00";"506,04";"506,04";"3,93";"506,04"
"1659546000";"03.08.2022 20:00";"541,54";"541,54";"4,4";"541,54"
"1659549600";"03.08.2022 21:00";"547,47";"547,47";"3,96";"547,47"
"1659553200";"03.08.2022 22:00";"500,08";"500,08";"3,65";"500,08"
"1659556800";"03.08.2022 23:00";"501,77";"501,77";"3,04";"151,78"
"1659560400";"04.08.2022 00:00";"453,8";"453,8";"1,89";"151,73"
"1659564000";"04.08.2022 01:00";"450,3";"450,3";"1,51";"450,3"
"1659567600";"04.08.2022 02:00";"414,26";"414,26";"1,53";"291,24"
"1659571200";"04.08.2022 03:00";"375,07";"375,07";"1,62";"155,98"
"1659574800";"04.08.2022 04:00";"348,49";"348,49";"2,1";"155,97"
"1659578400";"04.08.2022 05:00";"345,3";"345,3";"2,47";"155,96"
"1659582000";"04.08.2022 06:00";"375,07";"375,07";"4,16";"375,07"
"1659585600";"04.08.2022 07:00";"447,98";"447,98";"6,1";"447,98"
"1659589200";"04.08.2022 08:00";"480,1";"480,1";"16,08";"16,08"
"1659592800";"04.08.2022 09:00";"500,04";"500,04";"16,05";"16,05"
"1659596400";"04.08.2022 10:00";"502,79";"502,79";"16,07";"16,07"
"1659600000";"04.08.2022 11:00";"502,76";"502,76";"11,96";"11,96"
"1659603600";"04.08.2022 12:00";"502,72";"502,72";"9,13";"9,13"
"1659607200";"04.08.2022 13:00";"510,01";"510,01";"8,46";"8,46"
"1659610800";"04.08.2022 14:00";"502,71";"502,71";"8,18";"8,18"
"1659614400";"04.08.2022 15:00";"510";"510";"7,29";"7,29"
"1659618000";"04.08.2022 16:00";"484,14";"484,14";"7,59";"7,59"
"1659621600";"04.08.2022 17:00";"438,9";"438,9";"9,64";"155,98"
"1659625200";"04.08.2022 18:00";"362,09";"362,09";"9,44";"362,09"
"1659628800";"04.08.2022 19:00";"495,62";"495,62";"11,83";"495,62"
"1659632400";"04.08.2022 20:00";"514,54";"514,54";"10,39";"514,54"
"1659636000";"04.08.2022 21:00";"504,46";"504,46";"6,83";"504,46"
"1659639600";"04.08.2022 22:00";"495,58";"495,58";"5,75";"495,58"
"1659643200";"04.08.2022 23:00";"454,52";"454,52";"4,55";"189,56"
"1659646800";"05.08.2022 00:00";"397,02";"397,02";"2,5";"155,95"
"1659650400";"05.08.2022 01:00";"348,8";"348,8";"1,64";"348,8"
"1659654000";"05.08.2022 02:00";"358,18";"358,18";"1,47";"358,18"
"1659657600";"05.08.2022 03:00";"189,96";"189,96";"1,57";"189,96"
"1659661200";"05.08.2022 04:00";"156,48";"156,48";"1,98";"156,48"
"1659664800";"05.08.2022 05:00";"156,45";"156,45";"2,3";"156,45"
"1659668400";"05.08.2022 06:00";"390,05";"390,05";"3,09";"390,05"
"1659672000";"05.08.2022 07:00";"449,91";"449,91";"4,97";"449,91"
"1659675600";"05.08.2022 08:00";"468";"468";"11,52";"468"
"1659679200";"05.08.2022 09:00";"483,91";"483,91";"17,83";"121,93"
"1659682800";"05.08.2022 10:00";"448,1";"448,1";"35,09";"35,09"
"1659686400";"05.08.2022 11:00";"428,79";"428,79";"50,03";"50,03"
"1659690000";"05.08.2022 12:00";"406,69";"406,69";"35,07";"35,07"
"1659693600";"05.08.2022 13:00";"383,1";"383,1";"24,47";"24,47"
"1659697200";"05.08.2022 14:00";"344,57";"344,57";"25,44";"25,44"
"1659700800";"05.08.2022 15:00";"300,07";"300,07";"39,39";"39,39"
"1659704400";"05.08.2022 16:00";"182,36";"182,36";"48,29";"48,29"
"1659708000";"05.08.2022 17:00";"233,05";"233,05";"73,19";"73,19"
"1659711600";"05.08.2022 18:00";"573,03";"573,03";"116,4";"121,91"
"1659715200";"05.08.2022 19:00";"520";"520";"138,81";"156,45"
"1659718800";"05.08.2022 20:00";"455";"455";"156,5";"156,5"
"1659722400";"05.08.2022 21:00";"323,95";"323,95";"160,04";"160,04"
"1659726000";"05.08.2022 22:00";"430,34";"430,34";"154,61";"156,43"
"1659729600";"05.08.2022 23:00";"429,91";"429,91";"98,09";"429,91"
"1659733200";"06.08.2022 00:00";"386,55";"386,55";"10,63";"386,55"
"1659736800";"06.08.2022 01:00";"361,76";"361,76";"25,88";"361,76"
"1659740400";"06.08.2022 02:00";"315,05";"315,05";"6,04";"315,05"
"1659744000";"06.08.2022 03:00";"308,59";"308,59";"4,9";"308,59"
"1659747600";"06.08.2022 04:00";"276,45";"276,45";"4,57";"276,45"
"1659751200";"06.08.2022 05:00";"267,76";"267,76";"3,98";"267,76"
"1659754800";"06.08.2022 06:00";"254,08";"254,08";"3,47";"254,08"
"1659758400";"06.08.2022 07:00";"290,83";"290,83";"3,05";"3,05"
"1659762000";"06.08.2022 08:00";"315,03";"315,03";"3,18";"123,06"
"1659765600";"06.08.2022 09:00";"309,56";"309,56";"3,98";"123"
"1659769200";"06.08.2022 10:00";"233,32";"233,32";"4,26";"4,26"
"1659772800";"06.08.2022 11:00";"402,27";"402,27";"19,93";"402,27"
"1659776400";"06.08.2022 12:00";"347,03";"347,03";"24,08";"347,03"
"1659780000";"06.08.2022 13:00";"157,86";"157,86";"12,79";"157,86"
"1659783600";"06.08.2022 14:00";"98,74";"98,74";"13,02";"98,74"
"1659787200";"06.08.2022 15:00";"157,81";"157,81";"4,99";"157,81"
"1659790800";"06.08.2022 16:00";"119,4";"119,4";"46,08";"119,4"
"1659794400";"06.08.2022 17:00";"123";"123";"68,63";"123"
"1659798000";"06.08.2022 18:00";"292,79";"292,79";"23,28";"292,79"
"1659801600";"06.08.2022 19:00";"223,44";"223,44";"21,13";"223,44"
"1659805200";"06.08.2022 20:00";"302,61";"302,61";"13,03";"302,61"
"1659808800";"06.08.2022 21:00";"355,98";"355,98";"10,08";"355,98"
"1659812400";"06.08.2022 22:00";"334,48";"334,48";"11,34";"334,48"
"1659816000";"06.08.2022 23:00";"369,08";"369,08";"4,96";"157,86"
"1659819600";"07.08.2022 00:00";"324,98";"324,98";"1,45";"123,08"
"1659823200";"07.08.2022 01:00";"277,89";"277,89";"1,01";"265,99"
"1659826800";"07.08.2022 02:00";"232,85";"232,85";"0,86";"190,82"
"1659830400";"07.08.2022 03:00";"218,28";"218,28";"0,71";"190,81"
"1659834000";"07.08.2022 04:00";"206,4";"206,4";"0,7";"157,25"
"1659837600";"07.08.2022 05:00";"200,47";"200,47";"0,81";"157,23"
"1659841200";"07.08.2022 06:00";"205,23";"205,23";"0,98";"190,81"
"1659844800";"07.08.2022 07:00";"205";"205";"1,21";"163,45"
"1659848400";"07.08.2022 08:00";"206,29";"206,29";"1,44";"206,29"
"1659852000";"07.08.2022 09:00";"162,27";"162,27";"2,66";"162,27"
"1659855600";"07.08.2022 10:00";"142,7";"142,7";"9,88";"142,7"
"1659859200";"07.08.2022 11:00";"100";"100";"15,91";"15,91"
"1659862800";"07.08.2022 12:00";"87,69";"87,69";"18,74";"18,74"
"1659866400";"07.08.2022 13:00";"409,31";"409,31";"15,77";"15,77"
"1659870000";"07.08.2022 14:00";"78,65";"78,65";"15,78";"15,78"
"1659873600";"07.08.2022 15:00";"79,8";"79,8";"16,73";"79,8"
"1659877200";"07.08.2022 16:00";"87,11";"87,11";"19,35";"87,11"
"1659880800";"07.08.2022 17:00";"103,5";"103,5";"29,91";"103,5"
"1659884400";"07.08.2022 18:00";"199,42";"199,42";"66,75";"199,42"
"1659888000";"07.08.2022 19:00";"301,67";"301,67";"160,04";"301,67"
"1659891600";"07.08.2022 20:00";"393,3";"393,3";"144,8";"393,3"
"1659895200";"07.08.2022 21:00";"421,99";"421,99";"99,51";"421,99"
"1659898800";"07.08.2022 22:00";"419,92";"419,92";"183,84";"419,92"
"1659902400";"07.08.2022 23:00";"401,86";"401,86";"131,32";"401,86"
"1659906000";"08.08.2022 00:00";"359,42";"359,42";"44,98";"359,42"
"1659909600";"08.08.2022 01:00";"310,08";"310,08";"100,02";"190,87"
"1659913200";"08.08.2022 02:00";"270,38";"270,38";"80,01";"190,82"
"1659916800";"08.08.2022 03:00";"280,93";"280,93";"80,04";"190,8"
"1659920400";"08.08.2022 04:00";"157,26";"157,26";"118,7";"157,26"
"1659924000";"08.08.2022 05:00";"273,79";"273,79";"153,53";"190,81"
"1659927600";"08.08.2022 06:00";"310,38";"310,38";"310,38";"310,38"
"1659931200";"08.08.2022 07:00";"462,89";"462,89";"462,89";"462,89"
"1659934800";"08.08.2022 08:00";"798,32";"798,32";"798,32";"798,32"
"1659938400";"08.08.2022 09:00";"861,14";"861,14";"861,14";"861,14"
"1659942000";"08.08.2022 10:00";"574,09";"574,09";"574,09";"574,09"
"1659945600";"08.08.2022 11:00";"443,96";"443,96";"443,96";"443,96"
"1659949200";"08.08.2022 12:00";"750,03";"750,03";"750,03";"750,03"
"1659952800";"08.08.2022 13:00";"792,19";"792,19";"792,19";"792,19"
"1659956400";"08.08.2022 14:00";"797,98";"797,98";"797,98";"797,98"
"1659960000";"08.08.2022 15:00";"447,93";"447,93";"447,93";"447,93"
"1659963600";"08.08.2022 16:00";"478,96";"478,96";"478,96";"478,96"
"1659967200";"08.08.2022 17:00";"466,93";"466,93";"466,93";"466,93"
"1659970800";"08.08.2022 18:00";"479,64";"479,64";"479,64";"479,64"
"1659974400";"08.08.2022 19:00";"861,11";"861,11";"861,11";"861,11"
"1659978000";"08.08.2022 20:00";"797,99";"797,99";"797,99";"797,99"
"1659981600";"08.08.2022 21:00";"495,22";"495,22";"495,22";"495,22"
"1659985200";"08.08.2022 22:00";"455";"455";"455";"455"
"1659988800";"08.08.2022 23:00";"429,15";"429,15";"429,15";"429,15"
"1659992400";"09.08.2022 00:00";"391,2";"391,2";"311,71";"391,2"
"1659996000";"09.08.2022 01:00";"330,76";"330,76";"330,76";"330,76"
"1659999600";"09.08.2022 02:00";"298,92";"298,92";"260,62";"260,62"
"1660003200";"09.08.2022 03:00";"298,95";"298,95";"259,53";"259,53"
"1660006800";"09.08.2022 04:00";"289,2";"289,2";"249,94";"249,94"
"1660010400";"09.08.2022 05:00";"295,75";"295,75";"249,95";"249,95"
"1660014000";"09.08.2022 06:00";"320,01";"320,01";"320,01";"320,01"
"1660017600";"09.08.2022 07:00";"382,92";"382,92";"382,92";"382,92"
"1660021200";"09.08.2022 08:00";"414,98";"414,98";"414,98";"414,98"
"1660024800";"09.08.2022 09:00";"426,22";"426,22";"426,22";"426,22"
"1660028400";"09.08.2022 10:00";"383,99";"383,99";"383,99";"383,99"
"1660032000";"09.08.2022 11:00";"329,93";"329,93";"329,93";"329,93"
"1660035600";"09.08.2022 12:00";"327,52";"327,52";"327,52";"327,52"
"1660039200";"09.08.2022 13:00";"317,76";"317,76";"317,76";"317,76"
"1660042800";"09.08.2022 14:00";"300";"300";"300";"300"
"1660046400";"09.08.2022 15:00";"325,3";"325,3";"325,3";"325,3"
"1660050000";"09.08.2022 16:00";"294,46";"294,46";"294,46";"294,46"
"1660053600";"09.08.2022 17:00";"272,94";"272,94";"272,94";"272,94"
"1660057200";"09.08.2022 18:00";"348,2";"348,2";"335,03";"348,2"
"1660060800";"09.08.2022 19:00";"425,05";"425,05";"349,23";"425,05"
"1660064400";"09.08.2022 20:00";"469,8";"469,8";"329,9";"469,8"
"1660068000";"09.08.2022 21:00";"469,72";"469,72";"262,77";"469,72"
"1660071600";"09.08.2022 22:00";"428,67";"428,67";"220,95";"428,67"
"1660075200";"09.08.2022 23:00";"406,45";"406,45";"200,06";"200,06"
"1660078800";"10.08.2022 00:00";"343,31";"343,31";"22,1";"157,26"
"1660082400";"10.08.2022 01:00";"297,01";"297,01";"15,01";"260,52"
"1660086000";"10.08.2022 02:00";"286,98";"286,98";"3,58";"190,48"
"1660089600";"10.08.2022 03:00";"298,71";"298,71";"3,53";"190,47"
"1660093200";"10.08.2022 04:00";"285,6";"285,6";"3,55";"190,46"
"1660096800";"10.08.2022 05:00";"301,67";"301,67";"3,67";"190,46"
"1660100400";"10.08.2022 06:00";"297,65";"297,65";"5,24";"297,65"
"1660104000";"10.08.2022 07:00";"343,95";"343,95";"14,79";"343,95"
"1660107600";"10.08.2022 08:00";"396,3";"396,3";"36,78";"396,3"
"1660111200";"10.08.2022 09:00";"395,51";"395,51";"256,13";"395,51"
"1660114800";"10.08.2022 10:00";"356,26";"356,26";"270,41";"270,41"
"1660118400";"10.08.2022 11:00";"302,9";"302,9";"286,01";"286,01"
"1660122000";"10.08.2022 12:00";"293,99";"293,99";"284,9";"284,9"
"1660125600";"10.08.2022 13:00";"293,89";"293,89";"274,23";"274,23"
"1660129200";"10.08.2022 14:00";"330,92";"330,92";"246,93";"246,93"
"1660132800";"10.08.2022 15:00";"314,45";"314,45";"242,68";"314,45"
"1660136400";"10.08.2022 16:00";"297,84";"297,84";"239,95";"297,84"
"1660140000";"10.08.2022 17:00";"303,1";"303,1";"239,95";"303,1"
"1660143600";"10.08.2022 18:00";"353";"353";"239,91";"353"
"1660147200";"10.08.2022 19:00";"409,93";"409,93";"243,21";"409,93"
"1660150800";"10.08.2022 20:00";"449";"449";"220,03";"449"
"1660154400";"10.08.2022 21:00";"454,73";"454,73";"20,29";"454,73"
"1660158000";"10.08.2022 22:00";"420";"420";"18,36";"420"
"1660161600";"10.08.2022 23:00";"406,84";"406,84";"2,41";"406,84"
"1660165200";"11.08.2022 00:00";"355,01";"355,01";"0,51";"156,84"
"1660168800";"11.08.2022 01:00";"309,92";"309,92";"0,15";"158,74"
"1660172400";"11.08.2022 02:00";"300,03";"300,03";"0,09";"158,71"
"1660176000";"11.08.2022 03:00";"310";"310";"0,05";"123,89"
"1660179600";"11.08.2022 04:00";"306,3";"306,3";"0,05";"123,84"
"1660183200";"11.08.2022 05:00";"312";"312";"0,09";"123,8"
"1660186800";"11.08.2022 06:00";"347,06";"347,06";"0,56";"158,74"
"1660190400";"11.08.2022 07:00";"410,25";"410,25";"1,48";"338,87"
"1660194000";"11.08.2022 08:00";"419,8";"419,8";"18,55";"158,8"
"1660197600";"11.08.2022 09:00";"414,74";"414,74";"199,8";"199,8"
"1660201200";"11.08.2022 10:00";"397,15";"397,15";"199,94";"199,94"
"1660204800";"11.08.2022 11:00";"447,5";"447,5";"199,8";"199,8"
"1660208400";"11.08.2022 12:00";"844,03";"844,03";"194,69";"194,69"
"1660212000";"11.08.2022 13:00";"1240";"1240";"193,85";"193,85"
"1660215600";"11.08.2022 14:00";"844,06";"844,06";"179,9";"179,9"
"1660219200";"11.08.2022 15:00";"750,1";"750,1";"152,61";"152,61"
"1660222800";"11.08.2022 16:00";"656,87";"656,87";"111,04";"111,04"
"1660226400";"11.08.2022 17:00";"537,15";"537,15";"100";"100"
"1660230000";"11.08.2022 18:00";"558,09";"558,09";"179,94";"179,94"
"1660233600";"11.08.2022 19:00";"450";"450";"219,66";"450"
"1660237200";"11.08.2022 20:00";"539,9";"539,9";"223,77";"539,9"
"1660240800";"11.08.2022 21:00";"534,75";"534,75";"179,94";"534,75"
"1660244400";"11.08.2022 22:00";"446";"446";"96,75";"446"
"1660248000";"11.08.2022 23:00";"414,99";"414,99";"30,26";"158,78"
"1660251600";"12.08.2022 00:00";"390";"390";"19,23";"158,76"
"1660255200";"12.08.2022 01:00";"422,1";"422,1";"25,09";"176,18"
"1660258800";"12.08.2022 02:00";"405";"405";"25,01";"159,95"
"1660262400";"12.08.2022 03:00";"395,9";"395,9";"25,02";"159,94"
"1660266000";"12.08.2022 04:00";"391,95";"391,95";"26,01";"159,92"
"1660269600";"12.08.2022 05:00";"403,13";"403,13";"27,33";"159,93"
"1660273200";"12.08.2022 06:00";"408,19";"408,19";"29,56";"408,19"
"1660276800";"12.08.2022 07:00";"470,7";"470,7";"248,15";"470,7"
"1660280400";"12.08.2022 08:00";"513,31";"513,31";"314,06";"513,31"
"1660284000";"12.08.2022 09:00";"600,6";"600,6";"345,24";"345,24"
"1660287600";"12.08.2022 10:00";"472,56";"472,56";"354,16";"354,16"
"1660291200";"12.08.2022 11:00";"544,56";"544,56";"351,16";"351,16"
"1660294800";"12.08.2022 12:00";"406,56";"406,56";"405,6";"405,6"
"1660298400";"12.08.2022 13:00";"387,93";"387,93";"376,39";"376,39"
"1660302000";"12.08.2022 14:00";"414,78";"414,78";"328,45";"328,45"
"1660305600";"12.08.2022 15:00";"437,89";"437,89";"322,95";"322,95"
"1660309200";"12.08.2022 16:00";"433,8";"433,8";"311,35";"311,35"
"1660312800";"12.08.2022 17:00";"448,85";"448,85";"309,86";"309,86"
"1660316400";"12.08.2022 18:00";"448,08";"448,08";"376,15";"376,15"
"1660320000";"12.08.2022 19:00";"489,99";"489,99";"426,11";"489,99"
"1660323600";"12.08.2022 20:00";"560";"560";"349,93";"560"
"1660327200";"12.08.2022 21:00";"565,4";"565,4";"300,05";"565,4"
"1660330800";"12.08.2022 22:00";"507,78";"507,78";"285,14";"507,78"
"1660334400";"12.08.2022 23:00";"469,47";"469,47";"259,99";"469,47"
"1660338000";"13.08.2022 00:00";"424,02";"424,02";"242,53";"424,02"
"1660341600";"13.08.2022 01:00";"427,23";"427,23";"88,23";"427,23"
"1660345200";"13.08.2022 02:00";"400,71";"400,71";"149,92";"400,71"
"1660348800";"13.08.2022 03:00";"387,87";"387,87";"193,96";"387,87"
"1660352400";"13.08.2022 04:00";"374,09";"374,09";"276,61";"374,09"
"1660356000";"13.08.2022 05:00";"375,79";"375,79";"254,59";"375,79"
"1660359600";"13.08.2022 06:00";"382,76";"382,76";"266,35";"382,76"
"1660363200";"13.08.2022 07:00";"379,9";"379,9";"318,06";"379,9"
"1660366800";"13.08.2022 08:00";"388,74";"388,74";"344,39";"388,74"
"1660370400";"13.08.2022 09:00";"399,9";"399,9";"325,31";"325,31"
"1660374000";"13.08.2022 10:00";"374,5";"374,5";"374,5";"374,5"
"1660377600";"13.08.2022 11:00";"328,4";"328,4";"328,4";"328,4"
"1660381200";"13.08.2022 12:00";"310,31";"310,31";"310,31";"310,31"
"1660384800";"13.08.2022 13:00";"324,69";"324,69";"307,3";"307,3"
"1660388400";"13.08.2022 14:00";"288,34";"288,34";"288,34";"288,34"
"1660392000";"13.08.2022 15:00";"301,95";"301,95";"301,95";"301,95"
"1660395600";"13.08.2022 16:00";"336,17";"336,17";"281,59";"281,59"
"1660399200";"13.08.2022 17:00";"333,56";"333,56";"319,13";"319,13"
"1660402800";"13.08.2022 18:00";"412,3";"412,3";"398,83";"398,83"
"1660406400";"13.08.2022 19:00";"466,2";"466,2";"466,2";"466,2"
"1660410000";"13.08.2022 20:00";"503,26";"503,26";"384,66";"503,26"
"1660413600";"13.08.2022 21:00";"504,7";"504,7";"294,92";"504,7"
"1660417200";"13.08.2022 22:00";"479,94";"479,94";"301,02";"479,94"
"1660420800";"13.08.2022 23:00";"461,91";"461,91";"263,58";"461,91"
"1660424400";"14.08.2022 00:00";"425,89";"425,89";"155,29";"425,89"
"1660428000";"14.08.2022 01:00";"416,3";"416,3";"269,56";"416,3"
"1660431600";"14.08.2022 02:00";"397,2";"397,2";"265,86";"397,2"
"1660435200";"14.08.2022 03:00";"377,9";"377,9";"264,29";"377,9"
"1660438800";"14.08.2022 04:00";"354";"354";"246,14";"354"
"1660442400";"14.08.2022 05:00";"350,06";"350,06";"230,69";"350,06"
"1660446000";"14.08.2022 06:00";"351,01";"351,01";"241,14";"351,01"
"1660449600";"14.08.2022 07:00";"352,77";"352,77";"149,99";"352,77"
"1660453200";"14.08.2022 08:00";"350,05";"350,05";"249,88";"249,88"
"1660456800";"14.08.2022 09:00";"355,17";"355,17";"308,97";"308,97"
"1660460400";"14.08.2022 10:00";"371,9";"371,9";"328,81";"328,81"
"1660464000";"14.08.2022 11:00";"309";"309";"309";"309"
"1660467600";"14.08.2022 12:00";"308,61";"308,61";"308,61";"308,61"
"1660471200";"14.08.2022 13:00";"310,69";"310,69";"310,69";"310,69"
"1660474800";"14.08.2022 14:00";"311,13";"311,13";"311,13";"311,13"
"1660478400";"14.08.2022 15:00";"305,56";"305,56";"305,56";"305,56"
"1660482000";"14.08.2022 16:00";"329,99";"329,99";"329,99";"329,99"
"1660485600";"14.08.2022 17:00";"329,96";"329,96";"329,96";"329,96"
"1660489200";"14.08.2022 18:00";"449,96";"449,96";"449,96";"449,96"
"1660492800";"14.08.2022 19:00";"459,69";"459,69";"459,69";"459,69"
"1660496400";"14.08.2022 20:00";"459,37";"459,37";"459,37";"459,37"
"1660500000";"14.08.2022 21:00";"459,96";"459,96";"459,54";"459,96"
"1660503600";"14.08.2022 22:00";"462,6";"462,6";"462,6";"462,6"
"1660507200";"14.08.2022 23:00";"455,42";"455,42";"455,42";"455,42"
"1660510800";"15.08.2022 00:00";"398,79";"398,79";"398,79";"398,79"
